Date,AMD
2016-01-08,-0.008747103487214506
2016-01-11,-0.007750300495555817
2016-01-12,0.0009021410846312252
2016-01-13,-0.024298103693403246
2016-01-14,0.01445081015121641
2016-01-15,-0.017442731122602396
2016-01-19,-0.016626641073972583
2016-01-20,0.0027362449580560742
2016-01-21,0.008935498922293717
2016-01-22,0.009528258915039209
2016-01-25,-0.019677801951288463
2016-01-26,0.009273709368713415
2016-01-27,-0.008416417130520371
2016-01-28,-0.00012514557243953253
2016-01-29,0.011241571423547429
2016-02-01,-0.009248853448215544
2016-02-02,-0.029310539884297354
2016-02-03,0.004046869264084303
2016-02-04,0.0140227340557404
2016-02-05,-0.029794739688238113
2016-02-08,-0.03190058003380211
2016-02-09,-0.004997349642978469
2016-02-10,0.006056758305029918
2016-02-11,-0.007621156857182778
2016-02-12,0.02069518268576473
2016-02-16,0.020130434414371633
2016-02-17,0.02189538750337003
2016-02-18,-0.013999829193052687
2016-02-19,0.0006592578430326807
2016-02-22,0.01855888262558293
2016-02-23,-0.021260481045212467
2016-02-24,0.006079068991021484
2016-02-25,-0.003908515787164448
2016-02-26,0.018813704998537906
2016-02-29,-0.0012895343569933803
2016-03-01,0.02189666363211401
2016-03-02,0.009569426702680787
2016-03-03,0.007212789524291942
2016-03-04,0.003752529559460124
2016-03-07,0.007194954670686542
2016-03-08,-0.02982474109611379
2016-03-09,0.001507710501799855
2016-03-10,-0.0021634354301383486
2016-03-11,0.021242123201026537
2016-03-14,-0.002006126036884486
2016-03-15,-0.011495710056568497
2016-03-16,0.009950282955823278
2016-03-17,0.0042342901949575275
2016-03-18,0.011689791107682852
2016-03-21,0.001547987072170694
2016-03-22,0.003142837916625433
2016-03-23,-0.01924411230301524
2016-03-24,0.0016184191744992064
2016-03-28,-0.00480545855323501
2016-03-29,-0.00013167919264982578
2016-03-30,0.0023642135312550833
2016-03-31,0.003254103685862449
2016-04-01,-0.0014734809456073677
2016-04-04,-0.006671742471996483
2016-04-05,-0.0033246298497799365
2016-04-06,0.011502363453044393
2016-04-07,-0.009508519580665481
2016-04-08,0.0027812161766135094
2016-04-11,0.0025205993361680184
2016-04-12,0.004642201519150984
2016-04-13,0.025455999586610524
2016-04-14,0.0029205035810282052
2016-04-15,-0.008173881648513988
2016-04-18,0.00413604612907455
2016-04-19,0.005131441197101979
2016-04-20,0.019308489589394573
2016-04-21,0.01329205534315625
2016-04-22,0.0049091016893438675
2016-04-25,-0.014200175412417207
2016-04-26,0.009873586484330791
2016-04-27,0.0018315731468668602
2016-04-28,-0.01190982386458845
2016-04-29,-0.010866113515419218
2016-05-02,-0.0017351976838945946
2016-05-03,-0.018202229532865027
2016-05-04,-0.016221010790541522
2016-05-05,0.0002727679157087506
2016-05-06,0.00044367892159306735
2016-05-09,-0.01231685860023504
2016-05-10,0.010087647167962033
2016-05-11,2.8293264578669285e-05
2016-05-12,-0.01194226269908912
2016-05-13,-0.0016773923437566332
2016-05-16,0.007180858160150103
2016-05-17,0.011161910073250401
2016-05-18,0.015267759983679512
2016-05-19,-0.007005279889587394
2016-05-20,0.011687877259530764
2016-05-23,0.005023562078865415
2016-05-24,0.007666689615565646
2016-05-25,0.011887846041461602
2016-05-26,-0.007808225907138706
2016-05-27,0.004690089430433847
2016-05-31,-0.0005769827021827097
2016-06-01,0.00043934887454333575
2016-06-02,0.004494377002073283
2016-06-03,-0.014080511853584382
2016-06-06,0.014239160116025003
2016-06-07,0.0026640240265729375
2016-06-08,-0.004049784399638944
2016-06-09,-0.014079213329706639
2016-06-10,-0.017665246695743965
2016-06-13,-0.003911141173347326
2016-06-14,-0.009303248593167938
2016-06-15,0.004847713090329122
2016-06-16,-0.0074419686958405815
2016-06-17,0.006357591132759186
2016-06-20,0.008184836135740513
2016-06-21,-0.001402533268353311
2016-06-22,-0.0029217317516540744
2016-06-23,0.01795383078033643
2016-06-24,-0.05292490887590693
2016-06-27,-0.04627458782059909
2016-06-28,0.018398509440844545
2016-06-29,0.013898183188803464
2016-06-30,-0.0028446848650346863
2016-07-01,0.0017981616951516352
2016-07-05,-0.028491315223550466
2016-07-06,0.006274919347050963
2016-07-07,0.012807901096687545
2016-07-08,0.014247278769710214
2016-07-11,0.008668055700978394
2016-07-12,0.025095494182486834
2016-07-13,-0.0066695641061699125
2016-07-14,0.011278305912648735
2016-07-15,0.0028341552920107273
2016-07-18,0.005817440476300976
2016-07-19,-0.007397470500956919
2016-07-20,0.009091536599558797
2016-07-21,-0.00618795641520951
2016-07-22,-0.0012840269334492465
2016-07-25,0.00198605960654396
2016-07-26,0.014825605735187987
2016-07-27,0.004069160430838714
2016-07-28,-0.005044087586099559
2016-07-29,-0.005359629078335631
2016-08-01,-0.007226031725080093
2016-08-02,-0.005932716345058189
2016-08-03,0.017292477993312523
2016-08-04,-0.0024961555109105364
2016-08-05,0.018998361395437098
2016-08-08,0.004676073542794248
2016-08-09,-0.0012799029306091074
2016-08-10,-0.007422125068308914
2016-08-11,0.007405754379264129
2016-08-12,-0.003822576052315619
2016-08-15,0.016083998548539615
2016-08-16,0.004493351436434226
2016-08-17,-0.005672768076761104
2016-08-18,0.00360529079064093
2016-08-19,0.0058717724333610674
2016-08-22,-0.0031814563933037455
2016-08-23,0.010630721441777827
2016-08-24,-0.007316447210108924
2016-08-25,0.0060359188176668434
2016-08-26,0.008283850132104994
2016-08-29,-0.0006919364551489539
2016-08-30,0.010066873562899138
2016-08-31,-0.005222745148857281
2016-09-01,0.0001242538349299926
2016-09-02,-0.0010554678267964872
2016-09-06,-0.003921488969989254
2016-09-07,0.00633176917547512
2016-09-08,0.002020684657787889
2016-09-09,-0.0030504472778688993
2016-09-12,0.004389220135809285
2016-09-13,-0.005953164608267836
2016-09-14,-0.0006793328543314083
2016-09-15,0.00536444399741828
2016-09-16,-0.0044234370917567165
2016-09-19,0.00024337090701788454
2016-09-20,-0.0021731605460354386
2016-09-21,0.0042312778628147245
2016-09-22,0.0015896570509158648
2016-09-23,-0.005104139820687382
2016-09-26,-0.006019838581843332
2016-09-27,0.008618710692942245
2016-09-28,0.010611213827068441
2016-09-29,-0.00015369301859408276
2016-09-30,0.009198104916498702
2016-10-03,0.0072889215214572796
2016-10-04,0.007335038564281013
2016-10-05,0.015172572621308646
2016-10-06,-0.0026098115510842035
2016-10-07,-0.008972123544339851
2016-10-11,-0.008946702267790171
2016-10-12,-0.008494552628951966
2016-10-13,-0.012231037597162708
2016-10-14,0.0012675408025450375
2016-10-17,-0.003727840256719726
2016-10-18,0.006977308213617204
2016-10-19,0.01321595406156571
2016-10-20,0.0052074242076344986
2016-10-21,-0.00019242980243687892
2016-10-24,0.0025062823097982104
2016-10-25,-0.008137181499741691
2016-10-26,0.006678410465374237
2016-10-27,0.005316262152596368
2016-10-28,-0.00367894613882221
2016-10-31,-0.0080678811187442
2016-11-01,0.003986433648062476
2016-11-02,-0.014468041683783574
2016-11-03,-0.0018269629520170565
2016-11-04,0.0066275506282831445
2016-11-07,0.012203616144186868
2016-11-08,-0.004464884665321466
2016-11-09,0.033189393040830385
2016-11-10,0.019578044807280155
2016-11-14,0.007978945650906167
2016-11-15,0.004910225140038807
2016-11-16,-0.004876172646260305
2016-11-17,0.007488799218839433
2016-11-18,0.001414077381128187
2016-11-21,0.006790050039796676
2016-11-22,-0.006622711193524645
2016-11-23,0.009268168253887753
2016-11-25,-0.00615156349557336
2016-11-28,-0.014627608176722155
2016-11-29,-0.006220245590378832
2016-11-30,0.025340621677979118
2016-12-01,-0.0034199303816483577
2016-12-02,-0.004593116579813706
2016-12-05,0.011400537314209442
2016-12-06,0.007644982343454658
2016-12-07,0.007965126410199256
2016-12-08,0.006304985248326411
2016-12-09,-0.007799066612279792
2016-12-12,-0.012642285694021569
2016-12-13,-0.0011952602496159014
2016-12-14,0.003497892374490325
2016-12-15,0.0027539470674977015
2016-12-16,-0.01088743500725106
2016-12-19,-0.001949480514879278
2016-12-20,0.005884885336865131
2016-12-21,0.001473759384992159
2016-12-22,-0.00436379030735543
2016-12-23,0.0024746200867125337
2016-12-27,0.0052724263150464275
2016-12-28,-0.007701282195513308
2016-12-29,-0.00860984332305732
2016-12-30,-0.0020438322195589025
2017-01-03,0.011939938577464376
2017-01-04,0.010151717852795405
2017-01-05,-0.006545540673011444
2017-01-06,0.0030190430733204442
2017-01-09,0.0038522529848471917
2017-01-10,0.007060543539568434
2017-01-11,0.005843875736779783
2017-01-12,-0.006666090130599256
2017-01-13,0.007187083797985694
2017-01-17,-0.01936742584344151
2017-01-18,0.004858086748798183
2017-01-19,0.0018443377476184877
2017-01-20,0.0032275478339504173
2017-01-23,-0.0017370574407990147
2017-01-24,0.01492190115389097
2017-01-25,0.00999768380849857
2017-01-26,-0.003099357591306945
2017-01-27,0.0010487362601520611
2017-01-30,-0.00959692833301306
2017-01-31,-0.0066096081176046685
2017-02-01,0.009798629190474716
2017-02-02,-0.006852884477650125
2017-02-03,0.009987655747098976
2017-02-06,9.889656390431475e-05
2017-02-07,-0.005759080670713929
2017-02-08,-0.006294387277188493
2017-02-09,0.007995488945247011
2017-02-10,0.003560859389077556
2017-02-13,0.004288614842123727
2017-02-14,0.004939455760072378
2017-02-15,0.003697708592525803
2017-02-16,-0.009808251187262106
2017-02-17,0.00021177729045795957
2017-02-21,0.0001909603765436448
2017-02-22,-0.004463800425899385
2017-02-23,-0.007355190446928258
2017-02-24,-0.009373743323153633
2017-02-27,0.008855818116329853
2017-02-28,-0.00638679953872665
2017-03-01,0.02412662534312589
2017-03-02,-0.013478124535968167
2017-03-03,0.00556837779941149
2017-03-06,-0.0018682751961919056
2017-03-07,-0.0031586054830356532
2017-03-08,0.0027323724317002323
2017-03-09,-0.0007747361105001004
2017-03-10,0.001575278288196584
2017-03-13,0.0032374845344342413
2017-03-14,-0.004984229416180503
2017-03-15,0.0001255806314898831
2017-03-16,0.0035959103294232195
2017-03-17,-0.006373918368956025
2017-03-20,-0.001357552621127682
2017-03-21,-0.024459972121559138
2017-03-22,0.0020307336261922836
2017-03-23,6.049698875235283e-05
2017-03-24,-0.0003609914994781358
2017-03-27,-0.0002661336232701499
2017-03-28,0.00895767470110364
2017-03-29,0.004694601929020786
2017-03-30,0.0070289998303988575
2017-03-31,-4.7836302099360495e-05
2017-04-03,-0.005146585750258067
2017-04-04,0.0004591849987669863
2017-04-05,-0.008145780623093079
2017-04-06,0.00702970805258139
2017-04-07,0.0012770455907152958
2017-04-10,-0.0032138373799622316
2017-04-11,-0.0010853260810046405
2017-04-12,-0.013567681715778584
2017-04-13,-0.00679074428856
2017-04-17,0.004328014081894431
2017-04-18,-0.006357258751010012
2017-04-19,0.0019521002044630173
2017-04-20,0.013281898899190655
2017-04-21,-0.005337585113123337
2017-04-24,0.013362652867221525
2017-04-25,0.0071867299278866705
2017-04-26,0.005613515405375325
2017-04-27,0.001302487596448805
2017-04-28,-0.004451920746214262
2017-05-01,0.007401891591110206
2017-05-02,-0.002726658881659287
2017-05-03,0.0004658819115479296
2017-05-04,-0.00445575139212954
2017-05-05,0.0028127406535453483
2017-05-08,-0.00021176160830474857
2017-05-09,0.0038814980365696606
2017-05-10,0.0029329828352968406
2017-05-11,-0.0018800083432973375
2017-05-12,-0.0032243213051452867
2017-05-15,0.00887144866027735
2017-05-16,0.010723151047823596
2017-05-17,-0.03093517347558617
2017-05-18,0.0005751524785763207
2017-05-19,0.009827039912054102
2017-05-22,0.0004905251743538763
2017-05-23,0.00202926989390171
2017-05-24,-0.001545266966497594
2017-05-25,-0.00543667381926832
2017-05-26,0.000256395968500928
2017-05-30,-0.0027734981105941615
2017-05-31,-0.006927427387048528
2017-06-01,0.004384203102107463
2017-06-02,-0.0009722349527946923
2017-06-05,8.015486362191989e-05
2017-06-06,0.001733024069713209
2017-06-07,-0.001340477641441431
2017-06-08,0.015299810998323353
2017-06-09,-0.0053718516079234715
2017-06-12,-0.0028772122527192384
2017-06-13,0.006172858081433474
2017-06-14,-0.010708264577473491
2017-06-15,-0.005007197565975118
2017-06-16,0.00506781811026717
2017-06-19,0.010960774064018918
2017-06-20,-0.008516597855786096
2017-06-21,0.0016312903694493312
2017-06-22,0.0020033855898667907
2017-06-23,0.0038524176331718703
2017-06-26,-0.003477690249308754
2017-06-27,-0.0047353034500400605
2017-06-28,0.013567776790467351
2017-06-29,0.0012037775381885992
2017-06-30,0.0007378214193491119
2017-07-03,0.0019457006321550608
2017-07-05,0.009609680875685075
2017-07-06,-0.0009611627809311234
2017-07-07,0.005982603472833914
2017-07-10,0.011525044107853231
2017-07-11,0.003909392619775104
2017-07-12,0.003780246511891722
2017-07-13,0.0020157443071207454
2017-07-14,0.0001539980712873517
2017-07-17,-0.0017959670890758134
2017-07-18,0.00035619173617203225
2017-07-19,0.007865386864003246
2017-07-20,-0.004224606205153093
2017-07-21,-0.003985606711974494
2017-07-24,0.00724868462155272
2017-07-25,0.0063107008773413175
2017-07-26,-0.0029577906897980968
2017-07-27,-0.012754559113425393
2017-07-28,-0.001305146864808213
2017-07-31,-0.0036020188015277346
2017-08-01,-0.0017994110920464342
2017-08-02,-0.0005799986814220201
2017-08-03,-0.001481592124780455
2017-08-04,0.009007576784504553
2017-08-07,0.004132105318442051
2017-08-08,-0.002496752650353425
2017-08-09,-0.004006442674757002
2017-08-10,-0.020337450294286335
2017-08-11,0.004434452378947703
2017-08-14,0.00930917448004463
2017-08-15,0.0011821650912881014
2017-08-16,-0.0014185568477002248
2017-08-17,-0.015724930493273774
2017-08-18,0.002328462927607154
2017-08-21,-0.0061925845739839915
2017-08-22,0.012232489144271831
2017-08-23,-0.0032654776287693804
2017-08-24,0.006449120831936985
2017-08-25,-0.0020728212550805074
2017-08-28,0.002907824198125843
2017-08-29,0.00029136897252530125
2017-08-30,0.012440215095155078
2017-08-31,0.0029523290744547116
2017-09-01,0.004905805963344473
2017-09-05,-0.013841385060298248
2017-09-06,0.0005363072596541634
2017-09-07,-0.0052086237061305905
2017-09-08,-0.004037987018765585
2017-09-11,0.009935984289293185
2017-09-12,0.009931639289876167
2017-09-13,0.001670992258451456
2017-09-14,-0.003495444972428267
2017-09-15,0.0023342852671553787
2017-09-18,0.010174854807618232
2017-09-19,0.008918319721451046
2017-09-20,0.00477919125808261
2017-09-21,0.0029877100021411087
2017-09-22,0.0052811573106772945
2017-09-25,-0.01564942458293895
2017-09-26,6.717275092331295e-05
2017-09-27,0.019015756446568062
2017-09-28,-0.0031096461715899287
2017-09-29,0.003899235600679503
2017-10-02,0.0028823142086301353
2017-10-03,0.004318455802392808
2017-10-04,-0.0025105197894771196
2017-10-05,0.005366869008727869
2017-10-06,0.004088333115084795
2017-10-10,-0.004171224639600423
2017-10-11,-0.00016256713132386125
2017-10-12,-0.002991216793188426
2017-10-13,0.002793855148987551
2017-10-16,0.004614324002719106
2017-10-17,-0.0050160294405835444
2017-10-18,0.003185008931613395
2017-10-19,-0.0027598275050274026
2017-10-20,0.0081995894708773
2017-10-23,-0.005399492628578529
2017-10-24,0.008040845832958356
2017-10-25,-0.007231220205346653
2017-10-26,0.007960626677159317
2017-10-27,0.013383739250536306
2017-10-30,-0.0008394444085846643
2017-10-31,0.0002824090815447002
2017-11-01,-0.00179398974313778
2017-11-02,-0.0038729426556682947
2017-11-03,0.008396499989023828
2017-11-06,0.006640902953852305
2017-11-07,-0.011261409091468624
2017-11-08,-0.002090443578833594
2017-11-09,-0.010788123448498329
2017-11-10,-0.00021278852094927742
2017-11-13,-0.0007028932882590247
2017-11-14,-0.005685346081736193
2017-11-15,0.0030568558523794073
2017-11-16,0.008656635496923783
2017-11-17,9.023875472994203e-05
2017-11-20,0.005532836386300775
2017-11-21,0.004457145189428768
2017-11-22,-0.0001234879334407336
2017-11-24,0.0016899291656124746
2017-11-27,-0.005544415564642289
2017-11-28,0.006694980968684554
2017-11-29,-0.015912356971474164
2017-11-30,0.0017587291638944454
2017-12-01,-0.006034985535071611
2017-12-04,-0.007549268884027013
2017-12-05,0.0011369135943752997
2017-12-06,0.00020860297130445002
2017-12-07,0.013440586162944754
2017-12-08,0.00325202520338347
2017-12-11,-0.0003964882617954336
2017-12-12,0.0013771885008973042
2017-12-13,-0.002851037232174945
2017-12-14,-0.00456307852329987
2017-12-15,0.005650689837023243
2017-12-18,0.01411401618782895
2017-12-19,0.003946567377837033
2017-12-20,0.006923687007307671
2017-12-21,0.005526458726009838
2017-12-22,-0.0029731854488537317
2017-12-26,-0.003087154773980131
2017-12-27,-0.0005303779155281713
2017-12-28,8.087342006309929e-06
2017-12-29,-0.004955161456386941
2018-01-02,0.018527692132900946
2018-01-03,0.010426962670910594
2018-01-04,0.007809087817565858
2018-01-05,0.0042787488034366885
2018-01-08,0.0035621352853710702
2018-01-09,0.003012918882780655
2018-01-10,0.005809004135700223
2018-01-11,0.014098180362733227
2018-01-12,0.009099312944938449
2018-01-16,-0.011065760226035674
2018-01-17,0.0036377825508733634
2018-01-18,0.001103917040875843
2018-01-19,0.0026564369516152535
2018-01-22,0.0038284660647789136
2018-01-23,0.0020623564624480516
2018-01-24,-0.0043345112224233776
2018-01-25,-0.007707372748246354
2018-01-26,0.015568327404665462
2018-01-29,0.002633201441063003
2018-01-30,-0.01413202287277502
2018-01-31,-0.005112405912199285
2018-02-01,0.008232429343230933
2018-02-02,-0.013412588834998754
2018-02-05,-0.01816329179044169
2018-02-06,0.021356254048059256
2018-02-07,-0.002714260963971025
2018-02-08,-0.02554134462708825
2018-02-09,0.006135024675499739
2018-02-12,0.012591240317476448
2018-02-13,-0.0004630068883372004
2018-02-14,0.020222158590327475
2018-02-15,-0.003088610686050793
2018-02-16,-0.004687168264221577
2018-02-20,0.009565042827671573
2018-02-21,0.0029241372669441624
2018-02-22,-0.0037322097423634205
2018-02-23,0.002861463313322314
2018-02-26,0.006241177932815726
2018-02-27,0.00015781319168392885
2018-02-28,-0.004996455061335572
2018-03-01,-0.010631582496383091
2018-03-02,0.006264368793017503
2018-03-05,0.0004743225138178087
2018-03-06,0.005885315216979595
2018-03-07,0.006296288206895477
2018-03-08,-0.0021296276751257654
2018-03-09,0.013719133788569298
2018-03-12,-0.002913647275347226
2018-03-13,-0.007660726246879716
2018-03-14,-0.0032555702579114285
2018-03-15,-0.0009779720776388447
2018-03-16,-0.0013835643441354952
2018-03-19,-0.007453313523485525
2018-03-20,0.006368196594082911
2018-03-21,0.007879935211303861
2018-03-22,-0.024651171968102053
2018-03-23,-0.015484296112168092
2018-03-26,0.019172558658530577
2018-03-27,-0.029957941581340936
2018-03-28,-0.015122544123679
2018-03-29,0.01254090825225492
2018-04-02,-0.01485688645618031
2018-04-03,0.0047910070405345045
2018-04-04,0.0038556852063625045
2018-04-05,0.003956739533374025
2018-04-06,-0.01889876133499466
2018-04-09,0.0024210138119610046
2018-04-10,0.022244408897862306
2018-04-11,-0.00448676984669899
2018-04-12,0.017109328726656527
2018-04-13,-0.009645459057101905
2018-04-16,-0.0006010921836539923
2018-04-17,0.007373269951266657
2018-04-18,0.008536444858697666
2018-04-19,0.00028302701241367766
2018-04-20,0.0009579811227786745
2018-04-23,-0.005583809631490931
2018-04-24,-0.020135663356732388
2018-04-25,-4.2877789013242955e-05
2018-04-26,0.009804074078085758
2018-04-27,-0.009027570138471195
2018-04-30,-0.0038181453001769564
2018-05-01,0.0021012451761338717
2018-05-02,0.00025847631022545003
2018-05-03,-0.0020410309404520453
2018-05-04,0.008026651396095118
2018-05-07,0.006682008086478827
2018-05-08,0.012342446023304397
2018-05-09,0.009739072574848706
2018-05-10,0.0036644453678728464
2018-05-11,0.002561036232700498
2018-05-14,0.0034109873926008788
2018-05-15,0.0013638283844786903
2018-05-16,0.006762940034411277
2018-05-17,0.0035890274721096585
2018-05-18,0.0015266465623462
2018-05-21,0.0007318915044373861
2018-05-22,-0.0013627255818905747
2018-05-23,-0.002769050741708392
2018-05-24,-0.0018677392884007158
2018-05-25,-0.005598499266803603
2018-05-29,-0.010868933318314544
2018-05-30,0.002899561796078247
2018-05-31,-0.0001272471266710387
2018-06-01,0.016602065454497168
2018-06-04,0.0008486310095022999
2018-06-05,0.006710537186349703
2018-06-06,0.013477547875742651
2018-06-07,-0.008368919695361833
2018-06-08,-0.001467464321575995
2018-06-11,-0.0013458420662278048
2018-06-12,-0.0016327729824584187
2018-06-13,0.004938043925133846
2018-06-14,-0.0024988164753954804
2018-06-15,-0.0069297731014046505
2018-06-18,0.0021476292861366624
2018-06-19,-0.011484192096758827
2018-06-20,0.0009562577047226909
2018-06-21,-0.0097136935289941
2018-06-22,-0.01104198022240717
2018-06-25,-0.022559693460995067
2018-06-26,0.001162856619726376
2018-06-27,-0.011597047008044098
2018-06-28,0.0007435761907254477
2018-06-29,0.003468633322263069
2018-07-02,0.0067334991194511395
2018-07-03,-0.01241057986098303
2018-07-05,0.00107484954102126
2018-07-06,0.004801029964430035
2018-07-09,0.021274383697050585
2018-07-10,-0.0040791849891807595
2018-07-11,-0.010939948561762941
2018-07-12,0.009545914388575388
2018-07-13,-0.0013560148826871844
2018-07-16,0.001027082784903731
2018-07-17,0.007305409481516611
2018-07-18,0.010070481200255
2018-07-19,-0.010624092439114049
2018-07-20,0.001007916150017113
2018-07-23,0.002889281284268595
2018-07-24,0.0011882944750598455
2018-07-25,0.0066741063332832916
2018-07-26,-0.00880849323010403
2018-07-27,-0.008433024785586024
2018-07-30,-0.010839674228609368
2018-07-31,-0.0011029380298336559
2018-08-01,-0.001758080456292576
2018-08-02,0.006028638979800977
2018-08-03,-0.006394979680740644
2018-08-06,0.0038599302403697234
2018-08-07,0.008749208533755739
2018-08-08,0.002826454224783172
2018-08-09,-0.0039233759660558965
2018-08-10,-0.005048130975963414
2018-08-13,-0.00537528568634485
2018-08-14,0.0021300911091769632
2018-08-15,-0.016518771059720102
2018-08-16,-0.001559608590260688
2018-08-17,-0.005523025407515125
2018-08-20,0.002183812343220976
2018-08-21,0.011467950683284097
2018-08-22,0.006601793418151159
2018-08-23,-0.002168741272830457
2018-08-24,0.009182319103086228
2018-08-27,0.011565119728632289
2018-08-28,0.001499022157621746
2018-08-29,0.0018161490983725054
2018-08-30,-0.004508321327595969
2018-08-31,-7.959298380801581e-05
2018-09-04,-0.00196094716629545
2018-09-05,-0.014910740238505847
2018-09-06,-0.00984757551911039
2018-09-07,4.914353677319596e-05
2018-09-10,0.003141483966960717
2018-09-11,0.002398790205681152
2018-09-12,-0.0002679977174562236
2018-09-13,0.002597156626271857
2018-09-14,0.007956447986587097
2018-09-17,-0.011626873081035313
2018-09-18,0.007140441345418663
2018-09-19,0.012211964574095801
2018-09-20,0.004477425559325899
2018-09-21,-0.005511731550636917
2018-09-24,0.0069100998921133115
2018-09-25,0.0013433491822786776
2018-09-26,-0.00034816547521266707
2018-09-27,0.0021241685697348813
2018-09-28,-0.010811729213019717
2018-10-01,0.006245700824413298
2018-10-02,-0.006076259670517376
2018-10-03,0.010926780616940423
2018-10-04,-0.015930931455470303
2018-10-05,-0.018001977925432053
2018-10-09,-0.005042359957534557
2018-10-10,-0.02861720647772881
2018-10-11,0.006464844216929791
2018-10-12,0.016377725497013773
2018-10-15,-0.013229212531790383
2018-10-16,0.014253685771114294
2018-10-17,-0.0010942762177287202
2018-10-18,-0.02102698098490391
2018-10-19,-0.01911169117170268
2018-10-22,0.006026176067915805
2018-10-23,-0.009244338407549147
2018-10-24,-0.049281927675798726
2018-10-25,0.027857280804590823
2018-10-26,-0.008678146717297816
2018-10-29,-0.023991078582277805
2018-10-30,0.013390676701162734
2018-10-31,0.025855317895189557
2018-11-01,0.020921687485604624
2018-11-02,-0.0034218143967539826
2018-11-05,-0.01193655953227413
2018-11-06,0.0014402976037116311
2018-11-07,0.01619521062330432
2018-11-08,-0.007543762065019189
2018-11-09,-0.023444060846163944
2018-11-13,-7.673671786259575e-05
2018-11-14,-0.00012776972621181357
2018-11-15,0.019974062167567582
2018-11-16,-0.008628877999292453
2018-11-19,-0.035800438695111715
2018-11-20,-0.0037674182490525076
2018-11-21,0.020100482875206507
2018-11-23,-0.004876445142694847
2018-11-26,0.020713650719687064
2018-11-27,-0.005538606527864874
2018-11-28,0.023440468403024255
2018-11-29,-0.005198398059348633
2018-11-30,0.0024068300117341037
2018-12-03,0.019515063831987506
2018-12-04,-0.029048351765026646
2018-12-06,-0.0014728774088896156
2018-12-07,-0.024409493980308967
2018-12-10,0.0047840811003094195
2018-12-11,-0.0020809303611063115
2018-12-12,0.015820223010351492
2018-12-13,-0.011135917256549728
2018-12-14,-0.0103933588539488
2018-12-17,-0.0009718327797132373
2018-12-18,0.008177915760881912
2018-12-19,-0.017516018396580093
2018-12-20,-0.0074193752506410415
2018-12-21,-0.013995844616497112
2018-12-24,0.0059219133434090555
2018-12-26,0.03157505297286908
2018-12-27,0.004114378027130806
2018-12-28,-0.002274134908793889
2018-12-31,0.005500959812129704
2019-01-02,0.011993118997174944
2019-01-03,-0.03130419060579437
2019-01-04,0.03001891278423839
2019-01-07,0.014330539107759669
2019-01-08,0.0041182085859499395
2019-01-09,0.016320914122557907
2019-01-10,-0.0016670476235502857
2019-01-11,0.0005318045113954914
2019-01-14,0.001251429854973802
2019-01-15,0.0042384498022320725
2019-01-16,0.002074292636358942
2019-01-17,0.004196974651528988
2019-01-18,0.00801078256448761
2019-01-22,-0.017608901482307447
2019-01-23,-0.008217838063738781
2019-01-24,0.009094126594998274
2019-01-25,0.019474970571387723
2019-01-28,-0.012266288621503415
2019-01-29,-0.007811703653337708
2019-01-30,0.016480624143275995
2019-01-31,-0.0011702265578294319
2019-02-01,0.007766291349927345
2019-02-04,0.002878451290017317
2019-02-05,0.004258584084559839
2019-02-06,0.005146396461490385
2019-02-07,-0.0210990103220177
2019-02-08,-4.170754768228471e-05
2019-02-11,0.0024246393754809277
2019-02-12,0.01335368816546997
2019-02-13,0.004032615496916519
2019-02-14,0.0044207533756032745
2019-02-15,0.0025665572950558206
2019-02-19,-0.0010257523695454654
2019-02-20,0.0032001741783900936
2019-02-21,-0.007500488036964105
2019-02-22,0.008643963412713104
2019-02-25,0.008785972669500354
2019-02-26,-0.0018330152769406706
2019-02-27,-0.00043019495440221796
2019-02-28,-0.009493331242817812
2019-03-01,0.007734870551996264
2019-03-04,-0.007335946882844365
2019-03-05,-0.005040496776527638
2019-03-06,-0.008692614068203678
2019-03-07,-0.006537062281941937
2019-03-08,-0.0031208240458873117
2019-03-11,0.010579822503126092
2019-03-12,0.0008703366568192997
2019-03-13,0.004061156372546688
2019-03-14,-0.0007009840640338323
2019-03-15,0.003377280381130037
2019-03-18,0.0038524362340307205
2019-03-19,0.0092503999089585
2019-03-20,0.0012244789339084868
2019-03-21,0.00588539722512686
2019-03-22,-0.029188428292152086
2019-03-25,-0.004014017879103864
2019-03-26,0.00029048945817688934
2019-03-27,-0.006890161168191163
2019-03-28,0.004362273747101198
2019-03-29,0.006829614834532181
2019-04-01,0.021186665840085248
2019-04-02,0.000636954817102471
2019-04-03,0.008593318051900816
2019-04-04,-0.0036523107615062775
2019-04-05,0.0019873075301783706
2019-04-08,0.004518781670487407
2019-04-09,-0.006046464812238167
2019-04-10,0.006886000104147786
2019-04-11,-0.0027993338034686902
2019-04-12,0.0022385780578374655
2019-04-15,-0.005116241092219256
2019-04-16,0.008422685121930906
2019-04-17,-0.004699522888986167
2019-04-18,0.0009216625177580326
2019-04-22,0.004534682815192426
2019-04-23,0.002550060853706117
2019-04-24,-0.005492551613720629
2019-04-25,-0.004053529647780666
2019-04-26,-0.0024379757055321624
2019-04-29,0.0028820341160964514
2019-04-30,-0.011635722283310453
2019-05-01,-0.002431316824951589
2019-05-02,0.00020480496605148777
2019-05-03,0.007862044632846666
2019-05-06,-0.004451470676714207
2019-05-07,-0.014800743915915694
2019-05-08,0.0011808979928331809
2019-05-09,-0.0044137906826483995
2019-05-10,-0.009672479088457194
2019-05-13,-0.03407598739916547
2019-05-14,0.014638857176412704
2019-05-15,0.0026451330750630643
2019-05-16,0.004660926193234384
2019-05-17,-0.01656591290454166
2019-05-20,-0.011052128721804458
2019-05-21,0.011013046088896016
2019-05-22,-0.010252820871217238
2019-05-23,-0.02100790553140359
2019-05-24,0.004659995577021539
2019-05-28,0.006872210601341718
2019-05-29,0.0016177582468763557
2019-05-30,-0.002609205525323956
2019-05-31,-0.015860994135506037
2019-06-03,-0.017758967245903128
2019-06-04,0.03079833504327622
2019-06-05,-0.010410203873532125
2019-06-06,0.0004797308397124899
2019-06-07,0.007083250237099528
2019-06-10,0.015811877240141086
2019-06-11,-7.70168008762109e-05
2019-06-12,-0.012851932926251976
2019-06-13,0.008363832764393515
2019-06-14,-0.014338495312959868
2019-06-17,0.0033764828621330907
2019-06-18,0.020497341039607934
2019-06-19,0.0019335979983117523
2019-06-20,0.0077270093214540005
2019-06-21,0.0008373607424788277
2019-06-24,-0.003949833919965637
2019-06-25,-0.007378524873727379
2019-06-26,0.02630355200448038
2019-06-27,0.006175346457847477
2019-06-28,0.004469277175154876
2019-07-01,0.010051533714671447
2019-07-02,-0.014212256654389374
2019-07-03,-0.005180260818026326
2019-07-05,0.0016206785586637194
2019-07-08,-0.008266132377037941
2019-07-09,0.0036318325669546774
2019-07-10,0.0001969838577947575
2019-07-11,0.006634778168901406
2019-07-12,0.008674523670190296
2019-07-15,-0.000983178436694596
2019-07-16,-0.002651605495326676
2019-07-17,-0.006332442322539638
2019-07-18,-0.001148707575795222
2019-07-19,0.007658830833247473
2019-07-22,0.007890435612617035
2019-07-23,0.007030674170743755
2019-07-24,0.015588967030838308
2019-07-25,-0.01599865398569268
2019-07-26,0.0027324671154554713
2019-07-29,-0.006285465814851133
2019-07-30,0.004006814661073228
2019-07-31,-0.004499283791229006
2019-08-01,-0.02225216892614618
2019-08-02,-0.020605248783163135
2019-08-05,-0.020414577414561767
2019-08-06,0.006879436759140345
2019-08-07,-0.007782908768412866
2019-08-08,0.013986251481993315
2019-08-09,-0.01184603231284969
2019-08-12,-0.014452572233696961
2019-08-13,0.013333520904164927
2019-08-14,-0.019378376331906533
2019-08-15,-0.014858549878266828
2019-08-16,0.012454628540719513
2019-08-19,0.007843784467634746
2019-08-20,0.0003083928292020102
2019-08-21,0.005252839225071004
2019-08-22,-0.0050648851461199025
2019-08-23,-0.014906645659020785
2019-08-26,-0.0014853326189214235
2019-08-27,-0.0017173141066294216
2019-08-28,0.003065591320518035
2019-08-29,0.014132590865718612
2019-08-30,0.0005896985618737919
2019-09-03,-0.021698088564345037
2019-09-04,0.00771713968981653
2019-09-05,0.030599663720508423
2019-09-06,-0.003211238148230223
2019-09-09,0.011709672861037036
2019-09-10,0.011513006510218245
2019-09-11,0.005232581476672582
2019-09-12,0.0001358520774961678
2019-09-13,0.009487691533666314
2019-09-16,0.004060376799481807
2019-09-17,-0.010934145203221193
2019-09-18,-0.00466236318140906
2019-09-19,-0.0029719182962542165
2019-09-20,-0.007711638582821877
2019-09-23,0.0022261628691183965
2019-09-24,-0.016615838618390073
2019-09-25,0.012190651002326934
2019-09-26,-0.0077808637719492734
2019-09-27,-0.0070186871142343486
2019-09-30,0.00111199052998643
2019-10-01,-0.012872540619649587
2019-10-02,-0.005595408471860911
2019-10-03,0.005882123975855681
2019-10-04,-0.00258391317143835
2019-10-07,-0.0004681017227883425
2019-10-08,-0.016187247452617504
2019-10-09,0.009513598124010175
2019-10-10,0.005105474862666885
2019-10-11,0.0256299856299572
2019-10-15,0.010925373393416097
2019-10-16,-0.008789340361512023
2019-10-17,-0.0004859645828726115
2019-10-18,-0.008042876359110024
2019-10-21,0.00895054913692875
2019-10-22,-0.0033254071978111857
2019-10-23,0.002026377615127312
2019-10-24,0.010477335731154312
2019-10-25,0.0157033655102957
2019-10-28,0.01536426036506413
2019-10-29,-0.004955644983440435
2019-10-30,-0.0028856079681811113
2019-10-31,-0.0064435629116995205
2019-11-01,0.02319446446279695
2019-11-04,0.023808901427751487
2019-11-05,0.004473136179722953
2019-11-06,-0.012952274223163956
2019-11-07,0.018513655425661097
2019-11-08,0.006083347846671758
2019-11-12,0.0011027843766498466
2019-11-13,-0.013282274268999326
2019-11-14,-0.0010573111567208108
2019-11-15,0.007067704281334532
2019-11-18,-0.004964613472035087
2019-11-19,0.0010797631612950336
2019-11-20,-0.006624174252063006
2019-11-21,0.004839652968403272
2019-11-22,0.0022019915932271817
2019-11-25,0.014083700171105929
2019-11-26,-0.00753801321144708
2019-11-27,0.0034087274408496036
2019-11-29,-0.0033264566661123205
2019-12-02,-0.004723508819742317
2019-12-03,-0.01370008756928587
2019-12-04,0.00417976780582517
2019-12-05,0.0007126499207157297
2019-12-06,0.01274761984068394
2019-12-09,-0.00340733121254815
2019-12-10,0.0012722619808712091
2019-12-11,0.006781936871982488
2019-12-12,0.023046612284035664
2019-12-13,-0.0067885178232428255
2019-12-16,0.005317160372865523
2019-12-17,0.0034592250833348826
2019-12-18,-0.0017586748749669858
2019-12-19,0.000997604071351809
2019-12-20,-0.0012142440026466743
2019-12-23,0.009510955836125901
2019-12-24,-0.0008737851591483297
2019-12-26,0.002527324656053755
2019-12-27,-0.005555459568869261
2019-12-30,-0.005393633634460213
2019-12-31,-0.00020022780613764089
2020-01-02,0.021901910128468156
2020-01-03,-0.014609263844181609
2020-01-06,-0.001297462654288309
2020-01-07,0.01072560339572468
2020-01-08,0.002399393682661698
2020-01-09,0.0021173581063176003
2020-01-10,-0.007778633099782996
2020-01-13,0.006243236543666941
2020-01-14,-0.0016124158337422543
2020-01-15,-0.01295055423507814
2020-01-16,0.006196909126192076
2020-01-17,-0.0016548835771366499
2020-01-21,-0.013921262776029227
2020-01-22,8.769912457520321e-05
2020-01-23,-0.0022553238036479004
2020-01-24,-0.01212794233591463
2020-01-27,-0.023741417334716623
2020-01-28,0.009199833873511323
2020-01-29,0.0012810809914977172
2020-01-30,-0.0009843644769057663
2020-01-31,-0.011462993911833986
2020-02-03,0.0037897630810039915
2020-02-04,0.023895723813482983
2020-02-05,0.009177701291478062
2020-02-06,-0.0015640636533421047
2020-02-07,-0.011719624084844154
2020-02-10,0.0008003043628373582
2020-02-11,0.007695887050557655
2020-02-12,0.012484394631846342
2020-02-13,-0.008357118930637168
2020-02-14,-0.008951793079945739
2020-02-18,-0.0061960575336089604
2020-02-19,0.016773503322572762
2020-02-20,-0.0069054822193550915
2020-02-21,-0.01947947605266163
2020-02-24,-0.03134311558706075
2020-02-25,-0.021736938781284784
2020-02-26,-0.005689894185907915
2020-02-27,-0.007737851365561148
2020-02-28,0.026791627413251036
2020-03-02,-0.0036476320794600614
2020-03-03,-0.016461418036809047
2020-03-04,-0.007061759126342333
2020-03-05,-0.024711559120322933
2020-03-06,-0.029066259137248734
2020-03-09,-0.08089639839938306
2020-03-10,0.03526773532668448
2020-03-11,-0.027810916182798816
2020-03-12,-0.05365630538174168
2020-03-13,0.05420317847080436
2020-03-16,-0.09430722625301269
2020-03-17,-0.03281482816666112
2020-03-18,-0.08245515083486041
2020-03-19,0.0675205995135854
2020-03-20,0.005756189244387873
2020-03-23,-0.005050649920636634
2020-03-24,0.10003372126459428
2020-03-25,0.044549543887087095
2020-03-26,0.004900037260772316
2020-03-27,-0.03417912863978991
2020-03-30,-0.015218217057427187
2020-03-31,-0.001287242845107603
2020-04-01,-0.04773427087169288
2020-04-02,-0.004842800308904943
2020-04-03,-0.015476898553358629
2020-04-06,0.05919702149391601
2020-04-07,0.022215334364639797
2020-04-08,0.033661227275173566
2020-04-09,0.019652468577724437
2020-04-13,-0.016218560508443794
2020-04-14,-0.020507866378788493
2020-04-15,-0.037502086417139605
2020-04-16,-0.0334011244192461
2020-04-17,0.04522700863344227
2020-04-20,-0.012454040505510367
2020-04-21,-0.010225748991389942
2020-04-22,0.010830894798206564
2020-04-23,0.013857687283227182
2020-04-24,0.0068520668917378975
2020-04-27,0.024398175849200752
2020-04-28,0.026725234408988975
2020-04-29,0.05349610151986183
2020-04-30,-0.02365692214177929
2020-05-01,-0.03515900031289264
2020-05-04,-0.003959554207621306
2020-05-05,-0.012981736948937986
2020-05-06,-0.012903917880237687
2020-05-07,0.02063910195781434
2020-05-08,0.028212949916457928
2020-05-11,-0.029001997143627653
2020-05-12,-0.015689997017807534
2020-05-13,-0.033499939468392595
2020-05-14,0.01978709839424639
2020-05-15,-0.007448273005346381
2020-05-18,0.06289678941319128
2020-05-19,-0.006518554434439657
2020-05-20,0.02315564096847848
2020-05-21,0.004509392342575806
2020-05-22,-0.005662610750349797
2020-05-26,0.04843648224062239
2020-05-27,0.015568118125063826
2020-05-28,-0.03314967478476122
2020-05-29,-0.0236551179326429
2020-06-01,0.018085809990563285
2020-06-02,0.013321263128662863
2020-06-03,0.04363054753632476
2020-06-04,0.022797997994534414
2020-06-05,0.039115850269601155
2020-06-08,0.018699511760916922
2020-06-09,-0.022263101729873086
2020-06-10,-0.03364654519647189
2020-06-11,-0.046749199212992365
2020-06-12,0.03421395495012336
2020-06-15,0.005619607514895066
2020-06-16,0.009104001988824106
2020-06-17,-0.019989223741388486
2020-06-18,0.0009110612858552517
2020-06-19,-0.013959081485834478
2020-06-22,-0.0017290098326681724
2020-06-23,0.007833496541699458
2020-06-24,-0.02881873662294722
2020-06-25,0.008931679276279955
2020-06-26,-0.02290036889010845
2020-06-29,0.013464243572382323
2020-06-30,0.003244584126910005
2020-07-01,-0.017232172351536023
2020-07-02,0.000526726587650966
2020-07-06,0.0065973389960849935
2020-07-07,-0.02631196015353869
2020-07-08,0.006583711212804754
2020-07-09,-0.025837950997427278
2020-07-10,0.016640574233411365
2020-07-13,0.005138263597546033
2020-07-14,-0.0016990087998459084
2020-07-15,0.023721353787337408
2020-07-16,-0.005857527256234375
2020-07-17,-0.011825618034473864
2020-07-20,-0.011901608245236131
2020-07-21,0.019345646394988453
2020-07-22,0.0002719851153538252
2020-07-23,0.0012856573566443542
2020-07-24,-0.0044239700831864345
2020-07-27,-0.0056753724120803695
2020-07-28,-0.006912370737736893
2020-07-29,0.015162956575324106
2020-07-30,-0.011180291830793379
2020-07-31,-0.011401216729859456
2020-08-03,-0.0006271250088641708
2020-08-04,0.0010179243991114504
2020-08-05,0.014183010207341798
2020-08-06,0.003143131792361569
2020-08-07,0.006536749319078314
2020-08-10,0.025601628597684254
2020-08-11,0.01358263566469842
2020-08-12,-0.007572729130439197
2020-08-13,-0.009068094542226436
2020-08-14,0.005765797082389402
2020-08-17,-0.01045170629937675
2020-08-18,-0.01203030201829451
2020-08-19,-0.00029895551436659625
2020-08-20,-0.010479611923656075
2020-08-21,-0.0020330314048997156
2020-08-24,0.022243049554397543
2020-08-25,-0.002328693396009035
2020-08-26,-0.010276211840512138
2020-08-27,0.012839431650176425
2020-08-28,0.01428340668644476
2020-08-31,-0.021254471566343826
2020-09-01,0.010838078634355035
2020-09-02,8.219955245248114e-05
2020-09-03,0.0031987557120561234
2020-09-04,0.010346652471017306
2020-09-08,-0.013309469289065793
2020-09-09,-0.007403499741484604
2020-09-10,-0.0008013959795955782
2020-09-11,0.0009591913821500406
2020-09-14,0.017421458834662742
2020-09-15,-0.0035640393021550264
2020-09-16,0.015999679078031497
2020-09-17,-0.00036478825207980885
2020-09-18,-0.005447872630558994
2020-09-21,-0.02434554508029746
2020-09-22,-0.007285472519367684
2020-09-23,-0.012906802014102409
2020-09-24,0.002229481816754921
2020-09-25,0.0003341053155281274
2020-09-28,0.014657951455690339
2020-09-29,-0.00964427704829316
2020-09-30,0.0013444883446864552
2020-10-01,0.0022329878767194597
2020-10-02,0.010551762040489165
2020-10-05,0.00808713682729438
2020-10-06,-0.004781684961361454
2020-10-07,0.0060655263572153735
2020-10-08,0.013522792322757354
2020-10-09,-0.01155019028529311
2020-10-13,-0.014324438043141654
2020-10-14,0.002154100262954977
2020-10-15,0.009333546602718035
2020-10-16,-0.006443497385295474
2020-10-19,-0.001124080508935834
2020-10-20,0.012536607243668452
2020-10-21,-0.004121703826678076
2020-10-22,0.020051618130952478
2020-10-23,0.0009106841647724996
2020-10-26,-0.022156645754992845
2020-10-27,-0.01696435978963752
2020-10-28,-0.006301893047993362
2020-10-29,0.02375740845665707
2020-10-30,0.005107526223797709
2020-11-02,0.013499720530286353
2020-11-03,0.008149672534920958
2020-11-04,-0.010795628994656088
2020-11-05,0.01970530202607811
2020-11-06,-0.014208127381008788
2020-11-09,0.1064997166102886
2020-11-10,-0.006841829568078439
2020-11-12,-0.013244280997193898
2020-11-13,0.020320335710960397
2020-11-16,0.025545085341273782
2020-11-17,0.007870157779025621
2020-11-18,0.004113046178405591
2020-11-19,0.00420222107729918
2020-11-20,-0.00580115281067956
2020-11-23,0.030672450599583807
2020-11-24,0.028532603945649097
2020-11-25,-0.00988483611690629
2020-11-27,-0.006775749474612852
2020-11-30,-0.02151591197027786
2020-12-01,0.008198440930264117
2020-12-02,0.016408332352295794
2020-12-03,0.0117505249602569
2020-12-04,0.02118587480469107
2020-12-07,-0.008520272632332819
2020-12-08,-0.002090050832524041
2020-12-09,0.0007548969695498637
2020-12-10,0.008480250129007345
2020-12-11,-0.010711288776470441
2020-12-14,-0.008927506930249293
2020-12-15,0.010848451912047563
2020-12-16,-0.0014630960493988627
2020-12-17,-0.004342289936382969
2020-12-18,-0.010146289864717817
2020-12-21,0.0014901119464635782
2020-12-22,-0.004238700768852013
2020-12-23,0.014536586349634542
2020-12-24,-0.0025732582480413988
2020-12-28,0.0018852814873564078
2020-12-29,-0.004628666941050636
2020-12-30,0.012294232842476497
2020-12-31,-0.002587461244582912
2021-01-04,-0.005608222750666851
2021-01-05,0.015616635199085429
2021-01-06,0.0207976596312316
2021-01-07,0.01074011701942489
2021-01-08,-0.005323597446430626
2021-01-11,0.002788865529663795
2021-01-12,0.016062002911742385
2021-01-13,-0.006688483879176336
2021-01-14,0.014921013364824839
2021-01-15,-0.01692587892302195
2021-01-19,0.009189982446438835
2021-01-20,-0.0054820311663861115
2021-01-21,-0.007566874921831963
2021-01-22,-0.007984071742353148
2021-01-25,-0.01717305856894238
2021-01-26,-0.013729814361008832
2021-01-27,-0.02147254289180375
2021-01-28,0.028313115490964026
2021-01-29,-0.013378299596710117
2021-02-01,0.012624055862760383
2021-02-02,0.017278879969889964
2021-02-03,0.013923968752964127
2021-02-04,0.016876350524566774
2021-02-05,0.0004639080227788594
2021-02-08,0.017062761489819632
2021-02-09,-0.005809395023218488
2021-02-10,0.005168266471840327
2021-02-11,0.008933042201543883
2021-02-12,0.007243815731660858
2021-02-16,0.019868379429805978
2021-02-17,-0.007794083928398919
2021-02-18,-0.01079025532142256
2021-02-19,0.030543847396246514
2021-02-22,0.010748815284427211
2021-02-23,0.00591447322431776
2021-02-24,0.02821846085548388
2021-02-25,-0.027673609699757133
2021-02-26,0.008549511536900775
2021-03-01,0.014473850331416016
2021-03-02,-0.011142642905789953
2021-03-03,-0.0017146736052955826
2021-03-04,-0.01804214239876319
2021-03-05,0.0033497393435771954
2021-03-08,-0.01623459190616158
2021-03-09,0.008003111639237146
2021-03-10,0.0026173819319761545
2021-03-11,0.02036413222031691
2021-03-12,-0.007671596585632597
2021-03-15,-0.0011630843876458616
2021-03-16,-0.013738474806554563
2021-03-17,0.01429592295883195
2021-03-18,-0.02699881788131888
2021-03-19,-0.0003662091558427759
2021-03-22,-0.008126997153919952
2021-03-23,-0.023649683764522294
2021-03-24,0.0024536721972540734
2021-03-25,0.007592438750843963
2021-03-26,0.016379362361722796
2021-03-29,-0.02478370405080315
2021-03-30,0.01777220308654693
2021-03-31,0.008276877791263666
2021-04-01,0.01938202943041515
2021-04-05,-0.0016957538086006113
2021-04-06,-0.0007212027198587555
2021-04-07,-0.00023874639547609607
2021-04-08,0.007478367142413865
2021-04-09,0.0028523887301684717
2021-04-12,-0.00471712954257792
2021-04-13,-0.00487941228038756
2021-04-14,0.005937342505175326
2021-04-15,-0.006021224402064574
2021-04-16,-0.00426542606886322
2021-04-19,-0.008988140488317769
2021-04-20,-0.02645732539497063
2021-04-21,0.014852321325333215
2021-04-22,-0.005957267083039553
2021-04-23,0.017432292231838335
2021-04-26,0.018002831331422723
2021-04-27,0.005513755400891001
2021-04-28,0.0070044361410137495
2021-04-29,-0.005404045876595853
2021-04-30,-0.017778051604259052
2021-05-03,-0.007309618853901463
2021-05-04,-0.012730508353131303
2021-05-05,0.009145548071015181
2021-05-06,-0.005999403741170703
2021-05-07,0.012304200835823528
2021-05-10,-0.02623647561614734
2021-05-11,0.0030113293737948736
2021-05-12,-0.01595548062933857
2021-05-13,-0.0022458534469522937
2021-05-14,0.02317030422420708
2021-05-17,0.0007365280445116393
2021-05-18,-0.006264144776358233
2021-05-19,0.00021237233405406106
2021-05-20,0.003551951971518778
2021-05-21,-0.0014318559709499573
2021-05-24,0.013101514919620267
2021-05-25,0.001579971062622301
2021-05-26,0.0086774451903601
2021-05-27,0.006982211661629478
2021-05-28,-0.0014989651540370627
2021-06-01,0.009443974769951865
2021-06-02,-0.006901271362915655
2021-06-03,-0.01160853287343909
2021-06-04,0.008687923436425623
2021-06-07,0.00025885084253653417
2021-06-08,0.008103353238128413
2021-06-09,-0.007566279508122087
2021-06-10,-0.0024628255889356542
2021-06-11,0.005444320062635019
2021-06-14,0.001068281722898346
2021-06-15,0.0004283382484714114
2021-06-16,0.005803366403880689
2021-06-17,-0.005075307496705369
2021-06-18,0.001049415633080317
2021-06-21,0.006592127886752411
2021-06-22,0.006094681245955645
2021-06-23,0.008515000582155078
2021-06-24,0.006245934069430023
2021-06-25,-0.0034696034186115655
2021-06-28,-0.004605293310759695
2021-06-29,0.0063917032666926665
2021-06-30,-0.0005191972547186367
2021-07-01,0.0017866611731347983
2021-07-02,0.0008919113201070312
2021-07-06,-0.010399627107929394
2021-07-07,-0.010136706787299044
2021-07-08,-0.007017141721604746
2021-07-09,0.0149099951340801
2021-07-12,0.003473542772305918
2021-07-13,-0.005469041592001992
2021-07-14,-0.009864912316370513
2021-07-15,-0.011240220224090856
2021-07-16,-0.018914369205995648
2021-07-19,-0.013148297713584497
2021-07-20,0.02102595021373872
2021-07-21,0.02540016657538554
2021-07-22,-0.006179161862364394
2021-07-23,-0.0019276192921640171
2021-07-26,0.005390844570420165
2021-07-27,-0.014530467377707511
2021-07-28,0.011536793828877009
2021-07-29,0.008265334092715522
2021-07-30,-0.0007980849418902968
2021-08-02,-0.004920636112503129
2021-08-03,0.006248183111055715
2021-08-04,-0.0019131752103322495
2021-08-05,0.013208945465733968
2021-08-06,0.0036056027907512946
2021-08-09,-0.005937022804354786
2021-08-10,0.0031677603135693757
2021-08-11,0.0014619864430359085
2021-08-12,-0.0011851858218207803
2021-08-13,-0.008275408385588125
2021-08-16,-0.013880944183603555
2021-08-17,-0.020180157355892358
2021-08-18,0.0043135194862211484
2021-08-19,-0.012265856350877928
2021-08-20,0.003933360864739733
2021-08-23,0.02266474611728493
2021-08-24,0.01864707323814279
2021-08-25,0.009403051441398622
2021-08-26,-0.006384269538419034
2021-08-27,0.0154729878292237
2021-08-30,-0.007092268066079771
2021-08-31,-0.004252909502936475
2021-09-01,-0.00979812326299458
2021-09-02,-0.0006637783440577487
2021-09-03,-0.0011508676522890109
2021-09-07,0.009906090643884214
2021-09-08,-0.01666007206667587
2021-09-09,0.012846042151856578
2021-09-10,0.0033692124521368435
2021-09-13,0.008721618188737365
2021-09-14,-0.004746795504333422
2021-09-15,0.012560411296439356
2021-09-16,0.003879297823723969
2021-09-17,-0.003561146297419094
2021-09-20,-0.018443318689330662
2021-09-21,0.000898508769195415
2021-09-22,0.0184244359282802
2021-09-23,0.02298318301215186
2021-09-24,0.0049946654337327786
2021-09-27,0.016955916432230905
2021-09-28,-0.011374090149477616
2021-09-29,-0.017187807296622344
2021-09-30,0.0010489383248007793
2021-10-01,0.016327686605714438
2021-10-04,-0.011945478086370054
2021-10-05,0.009329160965335148
2021-10-06,-0.008138027167170624
2021-10-07,0.010122597685419453
2021-10-08,0.0038941251677645093
2021-10-12,-0.0003267529944822041
2021-10-13,-0.0027662412161837393
2021-10-14,0.008941731874420603
2021-10-15,0.008811238657113508
2021-10-18,0.011146289115628497
2021-10-19,-0.001241849207715152
2021-10-20,-0.005578196185025469
2021-10-21,0.003475342251347294
2021-10-22,-0.0046305745778397285
2021-10-25,0.009836076144689773
2021-10-26,-0.004022345386073235
2021-10-27,-0.009560900521200354
2021-10-28,0.010777442106466112
2021-10-29,0.0011227502042015715
2021-11-01,0.009768799596951712
2021-11-02,-0.0005449376999769667
2021-11-03,0.0007299213615746675
2021-11-04,0.012135357029168285
2021-11-05,0.012488775186716337
2021-11-08,0.008304892800865295
2021-11-09,-0.003570425268069434
2021-11-10,-0.021671922793950513
2021-11-12,0.004067855284537606
2021-11-15,-0.0042023499878245845
2021-11-16,0.008415300833494201
2021-11-17,-0.007927185607600782
2021-11-18,0.0049117092719508275
2021-11-19,-0.003642320125574393
2021-11-22,-0.004998096790711391
2021-11-23,0.00016413680578018525
2021-11-24,0.004866602667201361
2021-11-26,-0.026435611223336625
2021-11-29,0.013312077803671907
2021-11-30,0.00021519532445462772
2021-12-01,-0.015803434498970016
2021-12-02,0.014819328907725159
2021-12-03,-0.026000560810781326
2021-12-06,0.004911614153193192
2021-12-07,0.0247055834935803
2021-12-08,0.001460352620632867
2021-12-09,-0.012316410879947908
2021-12-10,-5.9619274341079706e-05
2021-12-13,-0.031378911813154456
2021-12-14,-0.006921917722010104
2021-12-15,0.0010099214005702736
2021-12-16,-0.02625803756769808
2021-12-17,0.005196633480107965
2021-12-20,-0.016483230082428184
2021-12-21,0.037968947343218304
2021-12-22,0.00542282740835158
2021-12-23,0.006580711592997335
2021-12-27,0.008000624714270817
2021-12-28,-0.009912135547390493
2021-12-29,-0.003917939903272414
2021-12-30,-0.005235099403345814
2021-12-31,-0.0013618869036043516
2022-01-03,0.009280275956083495
2022-01-04,0.0031738371342465536
2022-01-05,-0.03128440868451805
2022-01-06,0.00927618908042368
2022-01-07,-0.015289423885375247
2022-01-10,-0.005364907913498092
2022-01-11,0.02071108811628047
2022-01-12,0.0021772361519420214
2022-01-13,-0.01799047419733276
2022-01-14,0.0020304480246169905
2022-01-18,-0.016065173054992034
2022-01-19,-0.014017341715676711
2022-01-20,-0.009518211826613842
2022-01-21,-0.023037885181075454
2022-01-24,0.01468854478082124
2022-01-25,-0.012889663511106136
2022-01-26,0.005658772439516189
2022-01-27,-0.018065908732812004
2022-01-28,0.012879510056066034
2022-01-31,0.026828429140186835
2022-02-01,0.014162290096277402
2022-02-02,-0.0022302537197070992
2022-02-03,-0.029312551314942314
2022-02-04,0.012066870011654077
2022-02-07,-0.001469159992927933
2022-02-08,0.010215428691095419
2022-02-09,0.02365557083676835
2022-02-10,-0.003384452149617148
2022-02-11,-0.031194886301697127
2022-02-14,0.001965073082321539
2022-02-15,0.029318758215050592
2022-02-16,0.002531309739057553
2022-02-17,-0.03239117431071439
2022-02-18,-0.006523891860964802
2022-02-22,-0.010827278320943195
2022-02-23,-0.01623725952715171
2022-02-24,0.0392764271781996
2022-02-25,-0.0026991527266574493
2022-02-28,0.004444276100662052
2022-03-01,-0.02499219359283344
2022-03-02,0.012633108561287288
2022-03-03,-0.027379298819156503
2022-03-04,-0.03958362644505804
2022-03-07,-0.05324298293499778
2022-03-08,0.021096109990300458
2022-03-09,0.04469093950471766
2022-03-10,-0.012040050644067157
2022-03-11,-0.01355430993562682
2022-03-14,-0.015298000952494721
2022-03-15,0.019054442449767152
2022-03-16,0.04513277457307464
2022-03-17,0.0021603124876457443
2022-03-18,0.01890399336257314
2022-03-21,-0.01987608852213777
2022-03-22,0.015142872055518553
2022-03-23,-0.022215302716288847
2022-03-24,0.01217505075510935
2022-03-25,-0.015892247301443757
2022-03-28,0.006677937497187371
2022-03-29,0.02080697887263001
2022-03-30,-0.02222978330471523
2022-03-31,-0.010678792097367076
2022-04-01,-0.011091779726120857
2022-04-04,0.01707179477734832
2022-04-05,-0.022682835961934624
2022-04-06,-0.03639640787838596
2022-04-07,-0.00457734957863357
2022-04-08,-0.01338909373707028
2022-04-11,-0.008032311353082057
2022-04-12,-0.005307189267541953
2022-04-13,0.016825567386464242
2022-04-14,-0.016515110865738602
2022-04-18,0.00236723359934266
2022-04-19,0.022910594390115578
2022-04-20,-0.013417077523032315
2022-04-21,-0.021105859998220133
2022-04-22,-0.01202504724497875
2022-04-25,0.017914975863130993
2022-04-26,-0.02872255403142981
2022-04-27,-0.0026433719487773746
2022-04-28,0.026750515153921597
2022-04-29,-0.006003254819313707
2022-05-02,0.022563707838595497
2022-05-03,-0.002014264540287668
2022-05-04,0.011774008625383303
2022-05-05,-0.032578705064053956
2022-05-06,-0.026390450944143544
2022-05-09,-0.03290105117346463
2022-05-10,0.013208467566675219
2022-05-11,-0.02942057805505075
2022-05-12,0.004646678243323487
2022-05-13,0.032891796831394975
2022-05-16,-0.0233638854003993
2022-05-17,0.022854144942990557
2022-05-18,-0.02065243245464636
2022-05-19,0.012236477646487377
2022-05-20,0.00046441616448081226
2022-05-23,-0.002377494296423777
2022-05-24,-0.03992327197040224
2022-05-25,0.020165672603437653
2022-05-26,0.03303666716319121
2022-05-27,0.02047461730468971
2022-05-31,0.00019552206946751687
2022-06-01,-0.0060700024030637175
2022-06-02,0.03314763747481406
2022-06-03,-0.013783197101929844
2022-06-06,0.003447116020319675
2022-06-07,-0.00015129175660172876
2022-06-08,-0.0003530892678108785
2022-06-09,-0.006702340350053477
2022-06-10,-0.03172171699664379
2022-06-13,-0.024808134287310192
2022-06-14,0.011013600865489628
2022-06-15,0.018905781871153552
2022-06-16,-0.035810518907296904
2022-06-17,0.01591405605189309
2022-06-21,-0.006382906826696592
2022-06-22,-0.00862771637364209
2022-06-23,0.002783108335348807
2022-06-24,0.023652704373499586
2022-06-27,-0.011264449178640433
2022-06-28,-0.017394553268712597
2022-06-29,-0.011708047339370588
2022-06-30,-0.010691152031624906
2022-07-01,-0.007412953170199018
2022-07-05,0.029199845539360916
2022-07-06,-0.006568442283165816
2022-07-07,0.024410137541925232
2022-07-08,-0.0019906987491606376
2022-07-11,-0.019687428604679542
2022-07-12,-0.002052295605229729
2022-07-13,0.002487885054540691
2022-07-14,0.001508478253742918
2022-07-15,0.014705954965473408
2022-07-18,0.009751015411993512
2022-07-19,0.026994930408935136
2022-07-20,0.02737361226288239
2022-07-21,0.012683760683106844
2022-07-22,-0.02019486322161689
2022-07-25,-0.009434351813705185
2022-07-26,-0.023261776221923176
2022-07-27,0.038191522894550564
2022-07-28,0.009873214883770087
2022-07-29,0.009020037031142568
2022-08-01,0.0038132686810530892
2022-08-02,0.0019926996261087175
2022-08-03,0.01485928307299202
2022-08-04,0.005682034118181457
2022-08-05,-0.0042205778773671595
2022-08-08,-0.0017079480717734521
2022-08-09,-0.02516085990135621
2022-08-10,0.024795556247402
2022-08-11,0.0017360297560086344
2022-08-12,0.006808296644634714
2022-08-15,-0.0038898826658115985
2022-08-16,-0.0037581188464994512
2022-08-17,-0.013983649862603895
2022-08-18,0.0059947728592786515
2022-08-19,-0.02277317490511026
2022-08-22,-0.01708307696027867
2022-08-23,0.007338489073415958
2022-08-24,0.003329718827433123
2022-08-25,0.016100379813652237
2022-08-26,-0.023215426464641954
2022-08-29,-0.010046524495387546
2022-08-30,0.0026645206685229697
2022-08-31,-0.0018332870470250144
2022-09-01,-0.011894566892612014
2022-09-02,0.00037987458098790415
2022-09-06,-0.003037780238347835
2022-09-07,0.008684020334735008
2022-09-08,0.010235943784953239
2022-09-09,0.014565321225235073
2022-09-12,0.005269857342478021
2022-09-13,-0.023146568165138628
2022-09-14,0.0014218986504263436
2022-09-15,-0.0011007519070219693
2022-09-16,-0.010723955448171753
2022-09-19,0.0032996230729822797
2022-09-20,-0.00707216135659702
2022-09-21,-0.011013655733740309
2022-09-22,-0.0251653537111389
2022-09-23,-0.001599112461011078
2022-09-26,0.0025515505270101903
2022-09-27,0.011546479965125757
2022-09-28,0.011329236241731478
2022-09-29,-0.006709614874896772
2022-09-30,-0.00045662580001490545
2022-10-03,0.005880883147411635
2022-10-04,0.023536342428426546
2022-10-05,0.008673024231700386
2022-10-06,0.01107584280048528
2022-10-07,-0.018392367801901635
2022-10-11,-0.020033746491986873
2022-10-12,0.006603046759113704
2022-10-13,-0.004513920742403279
2022-10-14,-0.012062618488730182
2022-10-17,0.017672599401524006
2022-10-18,-0.0009290211873672679
2022-10-19,-0.009401016141319583
2022-10-20,0.0018602680336831344
2022-10-21,0.013544681571387496
2022-10-24,-0.004208564743540331
2022-10-25,0.020172446032581393
2022-10-26,-0.009003673978075125
2022-10-27,-0.011930186510450034
2022-10-28,0.0065380378914135055
2022-10-31,-0.005758250959310568
2022-11-01,0.0013788842845297077
2022-11-02,-0.02329320311468578
2022-11-03,-0.015959821654912824
2022-11-04,0.014934860829633852
2022-11-07,0.008759995281431551
2022-11-08,0.0020537837895759532
2022-11-09,-0.012416477346498252
2022-11-10,0.06954656242801452
2022-11-14,-0.015697091219759943
2022-11-15,0.013075547235510404
2022-11-16,-0.025903606077485913
2022-11-17,-0.012175540637478617
2022-11-18,-0.0070453596646339635
2022-11-21,-0.013801832499638617
2022-11-22,0.008593142773788
2022-11-23,0.007497060277229791
2022-11-25,-0.0064468109175916605
2022-11-28,-0.009131497488913638
2022-11-29,0.001582796606428657
2022-11-30,0.020757165384880195
2022-12-01,0.005516253271832487
2022-12-02,-0.008639997249761625
2022-12-05,-0.012836843368798624
2022-12-06,-0.013018109523227812
2022-12-07,-0.004201331034752457
2022-12-08,0.009918028141377967
2022-12-09,0.00408450289417409
2022-12-12,0.004229185668096873
2022-12-13,0.016742779095962168
2022-12-14,-0.00974518600009418
2022-12-15,-0.022888362124648044
2022-12-16,-0.003790627578419442
2022-12-19,-0.013092337281850955
2022-12-20,-0.0015167679047949365
2022-12-21,0.005421234551165152
2022-12-22,-0.014357717845849261
2022-12-23,-0.0033950600228123892
2022-12-27,-0.008535256846055475
2022-12-28,-0.003933952249726973
2022-12-29,0.023021161252130475
2022-12-30,0.0019774196608135803
2023-01-03,0.0036389440987292165
2023-01-04,0.01834317730693652
2023-01-05,-0.00677412083530724
2023-01-06,0.008408376890059452
2023-01-09,0.0214706500977613
2023-01-10,0.011458833317889168
2023-01-11,0.012821678048440784
2023-01-12,0.009830635724199987
2023-01-13,0.0021289955018865096
2023-01-17,0.005016294065913641
2023-01-18,0.007933430267971667
2023-01-19,-0.009213519512846744
2023-01-20,0.023957664253498285
2023-01-23,0.02347285047966987
2023-01-24,-0.007912827004754482
2023-01-25,-0.0007485392621099378
2023-01-26,0.013539416549104372
2023-01-27,0.01140981264437519
2023-01-30,-0.015823966182053437
2023-01-31,0.01124262279273448
2023-02-01,0.0254296933198208
2023-02-02,0.03716288185114661
2023-02-03,-0.011626270906249778
2023-02-06,-0.01767555859175631
2023-02-07,0.013796007401250886
2023-02-08,-0.008470174817142769
2023-02-09,-0.00013685525208509842
2023-02-10,-0.02190250104798668
2023-02-13,0.010744241283951215
2023-02-14,0.013097748143131712
2023-02-15,0.00863593638132833
2023-02-16,-0.010394191625293595
2023-02-17,-0.01687962111002722
2023-02-21,-0.020742922103502093
2023-02-22,0.004236563306106719
2023-02-23,0.0080051837910998
2023-02-24,-0.011548659476106532
2023-02-27,0.007640974782857549
2023-02-28,0.011694301830306451
2023-03-01,0.0031246402023227047
2023-03-02,0.002944798179859048
2023-03-03,0.01255497936057077
2023-03-06,-0.008596326016412439
2023-03-07,-0.0030833397540485467
2023-03-08,0.009422745406735197
2023-03-09,-0.014785611139781876
2023-03-10,-0.017747476541703073
2023-03-13,-0.01561395967557163
2023-03-14,0.012085942002128116
2023-03-15,-0.016580229267120966
2023-03-16,0.016700675474716695
2023-03-17,-0.003983724279358031
2023-03-20,-0.005229903060734306
2023-03-21,0.023385557149762738
2023-03-22,-0.008515177415295748
2023-03-23,0.008796749116739125
2023-03-24,-0.015818304715660977
2023-03-27,-0.0030703615756294184
2023-03-28,-0.004829738473864072
2023-03-29,0.012053555536743522
2023-03-30,0.003623735740328286
2023-03-31,0.010016264189862002
2023-04-03,-0.010735942915813656
2023-04-04,-0.009807959930823472
2023-04-05,-0.02728584068746477
2023-04-06,0.0006904780548424311
2023-04-10,0.00908778971484675
2023-04-11,0.004070781159270838
2023-04-12,-0.007856353724656583
2023-04-13,0.009400137666550862
2023-04-14,0.003538874351697982
2023-04-17,0.0018227092577682473
2023-04-18,0.0035989979056652265
2023-04-19,-8.200765046472466e-05
2023-04-20,-0.007197389811640799
2023-04-21,-0.0025042586412981466
2023-04-24,-0.0029877896352963045
2023-04-25,-0.027865198341117375
2023-04-26,0.007657304331413751
2023-04-27,0.00932754379064555
2023-04-28,0.013456315673648538
2023-05-01,-0.00857720510637
2023-05-02,-0.011628872517769572
2023-05-03,0.0005313299828806914
2023-05-04,-0.011822272726197994
2023-05-05,0.013248840482500326
2023-05-08,0.00297897541763724
2023-05-09,-0.006093179147371706
2023-05-10,-0.0011603071843382215
2023-05-11,-0.003564353269936862
2023-05-12,-0.005201081636814793
2023-05-15,0.01921638115597539
2023-05-16,-0.0012346389502458106
2023-05-17,0.02018118019807027
2023-05-18,0.02049046137542278
2023-05-19,-0.006773643006553967
2023-05-22,0.011310983740165762
2023-05-23,-0.006790148344773155
2023-05-24,-0.00887513973939832
2023-05-25,0.023843150727031515
2023-05-26,0.0242785090260884
2023-05-30,0.00678227552304128
2023-05-31,-0.01581105737718467
2023-06-01,0.013278590460543105
2023-06-02,0.008422847879868545
2023-06-05,-0.0052870524318665915
2023-06-06,0.016683024696740618
2023-06-07,-0.0010210958613576441
2023-06-08,-0.0017691464503836849
2023-06-09,0.0015456985075462417
2023-06-12,0.01139501391341508
2023-06-13,0.011640439312675437
2023-06-14,0.0025043090749546563
2023-06-15,-0.0007432377417053021
2023-06-16,-0.00937055782695346
2023-06-20,-0.00010500692009199949
2023-06-21,-0.012194101284849605
2023-06-22,-0.0038132683915878818
2023-06-23,-0.0004369455985276209
2023-06-26,4.8981678614393e-05
2023-06-27,0.017674272764602515
2023-06-28,0.009618765747537356
2023-06-29,0.0015957941618554555
2023-06-30,0.0007593682925753683
2023-07-03,0.003054996441236214
2023-07-05,-0.009132560673392031
2023-07-06,-0.0052807665303361406
2023-07-07,0.01337118653991205
2023-07-10,0.014334008582787609
2023-07-11,0.0055457870478528865
2023-07-12,0.010007078996720407
2023-07-13,0.013141713589329942
2023-07-14,-0.010312323777303675
2023-07-17,0.010440166340993939
2023-07-18,0.012536129847025169
2023-07-19,-0.006033651760446975
2023-07-20,-0.02986627179900668
2023-07-21,-0.0058198136972705755
2023-07-24,0.0016181834356255942
2023-07-25,0.0048231021237259255
2023-07-26,0.0016446898439000913
2023-07-27,0.0024991508882993936
2023-07-28,0.009619803714302788
2023-07-31,0.007796258108993702
2023-08-01,0.0020856117416823403
2023-08-02,-0.02538754171950621
2023-08-03,0.002029380806297508
2023-08-04,0.002715759043748027
2023-08-07,0.0021517234975454557
2023-08-08,-0.004960654570427241
2023-08-09,-0.012084944939007502
2023-08-10,0.0007930156507646503
2023-08-11,-0.01058498709996886
2023-08-14,0.008141955304600653
2023-08-15,-0.0039025067144660593
2023-08-16,-0.011756222993949912
2023-08-17,-0.0030031305903994356
2023-08-18,-0.0023206571214063466
2023-08-21,0.008462139077753639
2023-08-22,-0.0009570966045393528
2023-08-23,0.011540723893760575
2023-08-24,-0.01139965731340731
2023-08-25,0.0010521566169899889
2023-08-28,0.00824323945829587
2023-08-29,0.016192149429921827
2023-08-30,0.0033636418421427415
2023-08-31,0.012226518947791296
2023-09-01,0.007214552866652579
2023-09-05,0.002215345874312394
2023-09-06,-0.002199352350762847
2023-09-07,-0.017737173375188334
2023-09-08,-0.0035569893196755885
2023-09-11,0.0002817045942066776
2023-09-12,-0.0051578411834133885
2023-09-13,-0.00924170825684179
2023-09-14,0.004041989923526902
2023-09-15,-0.00681306817841223
2023-09-18,-0.004384489214746146
2023-09-19,-0.0018707265069197426
2023-09-20,-0.012821406256754524
2023-09-21,-0.01333936974543673
2023-09-22,0.0011481400139650233
2023-09-25,0.004478122120181364
2023-09-26,-0.0043753780294533435
2023-09-27,0.009920492025117699
2023-09-28,0.012764361149614363
2023-09-29,0.005600791220546
2023-10-02,0.007699325562649852
2023-10-03,-0.018294834376957638
2023-10-04,0.008830733536683013
2023-10-05,0.0036722098992075835
2023-10-06,0.011773472871740905
2023-10-10,0.005269250397957068
2023-10-11,0.008658283335560183
2023-10-12,-0.004142206740415653
2023-10-13,-0.024795333465400877
2023-10-16,0.004694938560855039
2023-10-17,0.002119007366287293
2023-10-18,-0.021254755293552953
2023-10-19,-0.008051213727831734
2023-10-20,-0.01153907317838965
2023-10-23,0.004164026776891172
2023-10-24,-0.0006908312099645634
2023-10-25,-0.030306557286950944
2023-10-26,-0.004860394893674519
2023-10-27,0.0061555990973805215
2023-10-30,0.0013848872054070451
2023-10-31,0.001678366816086481
2023-11-01,0.0014015843356365654
2023-11-02,0.018762570804033412
2023-11-03,0.02236600144475729
2023-11-06,-0.008097260643210648
2023-11-07,0.006136357363006559
2023-11-08,0.002265180082926377
2023-11-09,-0.005727888553215303
2023-11-10,0.011882913541979831
2023-11-13,-0.006461490857930862
2023-11-14,0.030928563283928998
2023-11-15,0.00868773207344098
2023-11-16,-0.004469321571786391
2023-11-17,0.00709390329420841
2023-11-20,0.007764658325439963
2023-11-21,-0.010967297675302598
2023-11-22,-0.0010545445546995174
2023-11-24,-0.0014748391287397991
2023-11-27,0.0013322893398017874
2023-11-28,0.0029049560088668103
2023-11-29,0.017457364024989014
2023-11-30,-0.00645085769209094
2023-12-01,0.013439997597771952
2023-12-04,-0.00412116792015786
2023-12-05,-0.004332484253683705
2023-12-06,-0.0022276395996233835
2023-12-07,0.011542002703555905
2023-12-08,0.009589029466349113
2023-12-11,0.0012447290675045852
2023-12-12,-0.0010643079042527048
2023-12-13,0.01158909561352875
2023-12-14,0.04555915917942961
2023-12-15,0.007066128623846792
2023-12-18,-0.006764278551610073
2023-12-19,0.006302587935557809
2023-12-20,-0.008642201385297818
2023-12-21,0.010557161672818127
2023-12-22,-0.0008849273324973532
2023-12-26,0.004759807238239404
2023-12-27,0.0012257880027110473
2023-12-28,-0.001282740923728236
2023-12-29,-0.01040137354084878
2024-01-02,-0.024294530100936768
2024-01-03,-0.023510892934007734
2024-01-04,0.00019665207255553565
2024-01-05,0.005480777925489492
2024-01-08,0.016673478282524554
2024-01-09,-0.005671972627037521
2024-01-10,0.0055776224779427435
2024-01-11,0.0006039015266767712
2024-01-12,-0.010828536423420913
2024-01-16,-0.0013062300664882205
2024-01-17,-0.007851396107065409
2024-01-18,0.010422153031110866
2024-01-19,0.016872864426395056
2024-01-22,0.010567898372114772
2024-01-23,-0.006796300787696157
2024-01-24,0.005148070373270017
2024-01-25,0.0001390404042840047
2024-01-26,-0.004757555364567819
2024-01-29,0.008868326466852962
2024-01-30,-0.008398332802768601
2024-01-31,-0.01443281693828441
2024-02-01,0.0022352510775484405
2024-02-02,0.011800810386564343
2024-02-05,0.0020378379644222545
2024-02-06,-0.0016414761176424503
2024-02-07,0.006461782307984134
2024-02-08,0.008759587760351021
2024-02-09,0.007070841044981616
2024-02-12,-0.00028105981483505637
2024-02-13,-0.01982066710437022
2024-02-14,0.015506059132007538
2024-02-15,0.0023348624785825382
2024-02-16,-0.01028942011111184
2024-02-20,-0.011698794716361231
2024-02-21,-0.010638725164296679
2024-02-22,0.016479541249105577
2024-02-23,-0.005824653137691161
2024-02-26,0.005712610862096687
2024-02-27,0.0025210916049099715
2024-02-28,-0.000386792884027241
2024-02-29,0.013375003574278108
2024-03-01,0.014474817706958465
2024-03-04,-0.0026772826851257083
2024-03-05,-0.01325220669775988
2024-03-06,0.0019607686617998934
2024-03-07,0.012297578741007132
2024-03-08,-0.00991129438423236
2024-03-11,-0.007681051174209687
2024-03-12,0.010777064929348223
2024-03-13,-0.0053668274671797465
2024-03-14,-0.008650440575463835
2024-03-15,-0.009210610424834136
2024-03-18,0.0032525784992094246
2024-03-19,-0.004357114804155474
2024-03-20,0.01734815074621767
2024-03-21,0.0136873536105701
2024-03-22,-0.006649108971397948
2024-03-25,-0.003064255473171584
2024-03-26,0.00028072534051789785
2024-03-27,-0.00038529865371445503
2024-03-28,0.0017666566610094608
2024-04-01,-0.00156518251906047
2024-04-02,-0.011757704895088011
2024-04-03,0.010323492432874448
2024-04-04,-0.010281528938202087
2024-04-05,0.008599152012816382
2024-04-08,0.007302868528883883
2024-04-09,0.008073894822390378
2024-04-10,-0.016663640005112085
2024-04-11,0.017153307316994857
2024-04-12,-0.013720292225195836
2024-04-15,-0.010824927537294178
2024-04-16,-0.0027952515618764606
2024-04-17,-0.013725820732956702
2024-04-18,-0.012088228112250046
2024-04-19,-0.020842146842472924
2024-04-22,0.005841884456981864
2024-04-23,0.015612770514789721
2024-04-24,-0.0011445636397272398
2024-04-25,-0.0019779914333740737
2024-04-26,0.01586329464324953
2024-04-29,3.3811458241153267e-05
2024-04-30,-0.012142346196302807
2024-05-01,-0.0014108986193202575
2024-05-02,0.009791552609280291
2024-05-03,0.011260037286785455
2024-05-06,0.00810714229060666
2024-05-07,-0.008241716662907732
2024-05-08,-0.0024788543340925956
2024-05-09,0.001643705843693965
2024-05-10,-7.486633432530814e-05
2024-05-13,-0.0009849761024105237
2024-05-14,0.010994843244594462
2024-05-15,0.014739491248516064
2024-05-16,-0.011511518696097794
2024-05-17,-0.002999467529741802
2024-05-20,0.0070645218773019505
2024-05-21,-0.0016239937007277232
2024-05-22,0.0008688024851893706
2024-05-23,-0.002795514922085497
2024-05-24,0.009501504350517883
2024-05-28,0.0034914630831695158
2024-05-29,-0.0044389894927758
2024-05-30,-0.010223702872460837
2024-05-31,-0.01225788857758119
2024-06-03,0.0008376927251038634
2024-06-04,-0.008325435698346588
2024-06-05,0.021195527274793655
2024-06-06,-0.004733404243705859
2024-06-07,-0.0028873440472936794
2024-06-10,0.007583810937738745
2024-06-11,3.449681466470176e-05
2024-06-12,0.02582382561156383
2024-06-13,-0.003339801861967923
2024-06-14,-0.0047460816498418245
2024-06-17,0.0024715373196183693
2024-06-18,0.0015609183321864469
2024-06-20,-0.013763152535344034
2024-06-21,0.002280825049365702
2024-06-24,-0.014733917156412986
2024-06-25,0.005296936394586673
2024-06-26,0.004833919639139342
2024-06-27,0.005855221150713062
2024-06-28,0.002920600175044942
2024-07-01,-0.0031843689436790073
2024-07-02,0.008413742412672875
2024-07-03,0.0074138679369710105
2024-07-05,0.0022803418775395492
2024-07-08,0.003933961341103374
2024-07-09,-0.0017420107437175988
2024-07-10,0.004771774978266677
2024-07-11,-0.004749223244215039
2024-07-12,0.004033738990430868
2024-07-15,0.002883085447706845
2024-07-16,0.005442898882386631
2024-07-17,-0.038635005354248936
2024-07-18,-0.002891851317817662
2024-07-19,-0.0001438473450736449
2024-07-22,0.017755455067056145
2024-07-23,0.0035917555316202477
2024-07-24,-0.03831253407524275
2024-07-25,-0.011575443612706918
2024-07-26,0.010559350562334681
2024-07-29,0.0011282815077122263
2024-07-30,-0.011345535609596008
2024-07-31,0.02218488425022794
2024-08-01,-0.03870034946423305
2024-08-02,-0.043179486560816584
2024-08-05,-0.00606413860895005
2024-08-06,0.01077888279586399
2024-08-07,-0.014829255577873702
2024-08-08,0.029767556010655533
2024-08-09,0.0022420641245897537
2024-08-12,-0.0016197844520392398
2024-08-13,0.01921701400328267
2024-08-14,-0.006829208021813606
2024-08-15,0.024353304528524255
2024-08-16,-0.004646065841649599
2024-08-19,0.005570166761452201
2024-08-20,-0.003834357331764522
2024-08-21,0.006312913486750627
2024-08-22,-0.011244127524372415
2024-08-23,0.016434973787551575
2024-08-26,-0.01213870625163917
2024-08-27,0.0024242589979022915
2024-08-28,-0.011063368750061378
2024-08-29,0.005334198668120042
2024-08-30,0.005434457580314634
2024-09-03,-0.041090708640608126
2024-09-04,-0.0031202199646995173
2024-09-05,0.0002294829233877322
2024-09-06,-0.014185066093431141
2024-09-09,0.00473296393475801
2024-09-10,0.000135034748776792
2024-09-11,0.02239261612868807
2024-09-12,0.0033999040630370934
2024-09-13,0.005895409822593468
2024-09-16,-0.0025112538417122153
2024-09-17,0.012389599128602425
2024-09-18,0.0025221342842340357
2024-09-19,0.02958436397027673
2024-09-20,-0.008756584796796037
2024-09-23,-0.002331650989750171
2024-09-24,0.007875546507086948
2024-09-25,-0.004379043051623933
2024-09-26,0.019661557433821975
2024-09-27,-0.005707668572192759
2024-09-30,-0.005721703390244403
2024-10-01,-0.0158846922479241
2024-10-02,0.00735613390156741
2024-10-03,0.0016053240178401252
2024-10-04,0.010138999768775525
2024-10-07,0.0047811943767479635
2024-10-08,0.002517860704089818
2024-10-09,0.004261637614922929
2024-10-10,-0.000993563729781554
2024-10-11,0.0044841752666220855
2024-10-15,-0.01212215816779258
2024-10-16,-0.0005166007054668888
2024-10-17,0.0013579870297336836
2024-10-18,0.0028131350160284733
2024-10-21,-0.000542611756109505
2024-10-22,-0.004666524081226892
2024-10-23,-0.010141991518122583
2024-10-24,0.007517238436756703
2024-10-25,0.012102857878671233
2024-10-28,0.0046204425878061785
