,history_beta
A,1.1612262238551323
AAL,1.512582040926958
AAP,0.849243793334632
AAPL,1.138451374357892
ABBV,0.6367918138660204
ABNB,1.5774787677669777
ABT,0.6881243047114237
ACGL,0.7286848672059423
ACN,0.9697015445958084
ADBE,1.2926517464127043
ADI,1.2523579365289568
ADM,0.8319625816379863
ADP,0.888772910577029
ADSK,1.2993498185932089
AEE,0.6034226261677934
AEP,0.564443299561231
AES,1.1324804681300238
AFL,1.1041892792316697
AIG,1.4198371020507647
AIT,1.0677947808185992
AIV,1.126166358413981
AIZ,0.9666987888471317
AJG,0.7215669220133907
AKAM,1.1840313023970155
ALB,1.251133553807221
ALGN,1.3414942841146442
ALK,1.2244689545196712
ALL,0.9352318889870918
ALLE,1.0045864465791066
AMAT,1.4708170133609155
AMCR,0.6738851154746627
AMD,1.597142846174409
AME,0.9923521505074502
AMG,1.4424035045211099
AMGN,0.7717765305814615
AMT,0.9129573626101471
AMZN,1.224921650201624
AN,1.0527969405821955
ANET,1.3073072465156073
ANF,1.2365459207479783
ANSS,1.0993886816123288
AON,0.7540828612172473
AOS,0.930965252015756
APA,1.2908241394091122
APD,0.9389281097505595
APH,1.1266260517373181
APO,1.3210059917990322
APTV,1.4248123611398347
ARE,0.9691327921267495
ASH,1.0548614821189557
ATGE,0.7851725901287574
ATO,0.5845469984882999
AVB,0.9239889025351073
AVGO,1.3797976477415106
AVY,0.9860346888305889
AWK,0.5983163204782554
AXON,1.1889802243814356
AXP,1.3286599927756608
AYI,1.179957328949941
AZO,0.6848679840420799
BA,1.1528184465625784
BAC,1.4589073944681976
BALL,0.8195394708871042
BAX,0.6385928049910671
BBWI,1.236376185615788
BBY,1.1229785006785784
BC,1.4827548970094382
BDX,0.5717103185521685
BEN,1.307188436917854
BG,0.7996147939372701
BHF,1.6319675694177702
BIIB,0.9306526586688986
BIO,0.7903093279184518
BK,1.2444856099047645
BKNG,1.2089026503692901
BKR,1.1400788699544884
BLDR,1.7455313134253916
BLK,1.186825645514194
BMY,0.6172555593317633
BRO,0.7756572403944237
BSX,0.9287415122528505
BWA,1.1544230913174567
BX,1.4450742921274917
BXP,1.0612050229299603
C,1.5499770421175356
CAG,0.42324504079012903
CAH,0.7320807840445368
CAR,1.6953601138003531
CARR,1.0848402850164547
CAT,1.0957791997078599
CB,0.9037399033609592
CBOE,0.5413679244185369
CBRE,1.5826164977276633
CCEP,0.778111403863269
CCI,0.9133658373406448
CCK,0.970086600238474
CCL,1.4617139392948744
CCU,0.5711354533446337
CDNS,1.2174308694030496
CDW,1.1086475066108628
CFG,1.331668557615878
CHD,0.4437455460503062
CHRW,0.7614429182349037
CHTR,0.8258637162871992
CI,0.9239603528973843
CIEN,1.422801477467424
CINF,1.008035396604933
CL,0.5196098833670515
CLF,1.6261227298710306
CLX,0.4044316817778346
CMA,1.3386579104973781
CMCSA,0.9913110899167359
CME,0.9302077899259306
CMG,0.9231748070290657
CMI,1.1872431935788794
CMS,0.6119513711122799
CMVT,0.7973334483149921
CNP,0.7460402272932636
CNX,1.1684748946688175
COF,1.528811720381264
COO,0.8054344405841872
COP,1.020602946562526
COR,0.6400396953574201
COST,0.7702586507965906
COTY,1.2754146287951496
CPAY,1.0961376002805154
CPB,0.3787905618190211
CPRI,1.4077585655460148
CPRT,0.8800937991307727
CPT,0.9087464846859218
CRL,0.9502095914474419
CRM,1.2711064901217304
CRWD,1.3530631966817876
CSCO,1.115901458109386
CSGP,1.011498991300129
CSR,0.7469958311698303
CSX,1.0573990590958724
CTAS,1.0269375238630631
CTRA,0.9615061721369554
CTSH,1.160482824437248
CTVA,0.8434582765507669
CVS,0.7089667458549184
CVX,0.9291346646455227
CZR,1.9555877004049806
D,0.5598617154309787
DAL,1.2959860471189781
DAY,1.433378858933576
DD,1.1526634489318586
DDS,1.3011956890312282
DE,1.03754944861353
DECK,1.0998181013762536
DGX,0.6379217882811673
DHI,1.282961549764509
DHR,0.8813760831009785
DIS,1.0273467863185097
DLR,0.9187411748546679
DLTR,0.7522815097661864
DLX,1.1845923072991686
DOC,0.9861443409440189
DOV,1.0913709366560898
DPZ,0.7804333848579899
DRI,0.9998530588264416
DTE,0.6261262766880915
DUK,0.5450028690839918
DVA,0.6527367741888225
DVN,1.2147278698052808
DXC,1.2635929265699082
DXCM,1.1235315549411642
EA,0.9096492300579059
EBAY,1.0744393737958748
ECL,0.9042850896146851
ED,0.4335849300135801
EFX,0.9501657250288088
EG,0.7868164511870874
EHC,0.9094260897262615
EIX,0.7012516967030362
EL,0.9102836417359924
ELV,0.8337406839369715
EMN,1.1218627753423853
EMR,1.0752318350093442
ENPH,1.6103329833199371
EOG,1.0707150262835017
EP,0.3437421568244687
EPAM,1.339091238846239
EQIX,0.9888943103065329
EQR,0.9640127203625303
EQT,0.9248506110221528
ERIE,0.6554845413023008
ES,0.5644851736867551
ESS,0.8775191920305735
ETN,1.1174313984401993
ETR,0.606901576296331
ETSY,1.4276563177789825
EVHC,0.750247468444947
EVRG,0.6388448063377978
EW,0.7891866822967533
EXC,0.7005736580582634
EXPD,0.9349822821456177
EXPE,1.236645942498985
EXR,0.9226660547548885
F,1.1945896979160342
FANG,1.225751392151278
FAST,1.0044327479370643
FCPT,0.9809404942664226
FCX,1.4863620212022377
FDS,0.9367910954025782
FDX,1.0363163907526032
FE,0.6379670163825347
FFIV,1.1595386211715522
FHN,1.2569448353211023
FI,1.009545124746321
FICO,1.146088964025192
FIS,0.9717574026341106
FITB,1.4896997865711623
FL,1.0202727602258124
FLR,1.353195615242724
FLS,1.2777804672408488
FMC,1.1051519593108607
FMCC,0.9856202919059671
FNMA,0.977386376905973
FOSL,1.2323635346334143
FRT,0.9398441111826191
FSLR,1.2194404426286929
FTI,1.2822404568119905
FTNT,1.2065006786270087
FTV,1.0179228938435603
GD,0.7710119895887849
GDDY,1.078447424623756
GE,1.1389190388542643
GEHC,0.9432051985472005
GEN,0.8796270409465214
GHC,0.7538192480411317
GILD,0.7617891417086274
GIS,0.3627484116605522
GL,1.0305399057626992
GLW,1.2443313527382651
GM,1.2319233440449424
GME,1.0954550580501854
GNRC,1.3723189330735182
GNW,1.7091151301067977
GOOG,1.0657152756056056
GOOGL,1.0675162709605568
GPC,0.83319975105424
GPN,1.0571466660881719
GRMN,0.9316422987595769
GS,1.2883312010427999
GT,1.493694289532326
GWW,0.8892016018406689
HAL,1.3114112927719248
HAS,0.8556542418650362
HBAN,1.3579755077791744
HBI,1.113493691595052
HD,1.0039124362232106
HES,1.2000354403468563
HIG,1.3260001983180971
HII,0.7747135049138284
HOG,1.291521976408291
HOLX,0.8783913479005059
HON,1.0279745012944204
HP,1.3179199005876832
HPE,1.1635063738931155
HPQ,1.133009694385272
HRB,0.8729163230894736
HRL,0.40992815985104786
HSIC,0.7497356977457567
HST,1.3336815754622857
HSY,0.49193667679757946
HUBB,0.9714024347920093
HUM,0.7782226979702672
HWM,1.2553093865823814
IAC,1.0627614038980917
IBM,0.8296219997539993
ICE,1.0426477829283725
IDXX,0.9173696943444103
IEX,0.9601073247608704
IFF,0.8334207143365762
IGT,1.3212416170262467
ILMN,1.135945635082375
INCY,1.1658537791190984
INTC,1.2519122326009753
INTU,1.1780408895762162
INVH,0.8857050019674669
IP,1.103286886866342
IPG,1.1917598079974718
IPGP,1.1574747457115264
IQV,1.1355329104622067
IRM,0.8057950673762169
ISRG,1.1248346795091109
IT,1.0383858011213498
ITT,1.1085686661956866
ITW,0.9676724604791721
IVZ,1.6055745071050729
J,1.1455075818976939
JBHT,0.9605907943240751
JBL,1.4382521623076912
JCI,0.9962561029398974
JEF,1.2495721749934623
JKHY,0.8423425671960935
JNJ,0.5238552672027141
JNPR,1.1448629057213906
JNY,1.5264236627988694
JPM,1.3251040120319895
K,0.3960293699911975
KBH,1.4367038810020505
KDP,0.5366910486840356
KEY,1.480628523108566
KEYS,1.1107173869298297
KHC,0.5801826619400309
KIM,1.144035794884978
KKR,1.4113716661777311
KLAC,1.447447001960833
KMB,0.4688436459549149
KMX,1.174758369187376
KO,0.5553685536659095
KR,0.4726585935550543
KSS,1.1574036110717554
L,1.0416141598326565
LDOS,0.7297460064794226
LEG,1.0515087626712196
LEN,1.36071774929848
LH,0.7279995357605397
LHX,0.8223866514851347
LII,0.955481215173219
LIN,0.9286507244034344
LKQ,1.0410343837613971
LLY,0.6896488166007246
LMT,0.6045901198164839
LNC,1.8318549290991706
LNT,0.5883044743310224
LOW,1.0564521966321179
LPX,1.503231430561886
LRCX,1.5557832485110443
LULU,1.226236969859789
LUMN,0.9097638746082299
LUV,0.9848061896822793
LVS,1.3749385564684173
LW,0.8632317638604073
LYB,1.218879196990964
LYV,1.3213345525653573
M,1.3156944288341386
MA,1.1348867947963555
MAA,0.8924171111714577
MAC,1.2855222624212994
MAR,1.1341685985816687
MAS,1.1536330637195007
MAT,0.8617176197812769
MBI,1.4664902868784448
MCD,0.6230749384842466
MCHP,1.35381078104923
MCK,0.7075748513000661
MCO,1.146406982193551
MDLZ,0.6169735023014783
MDT,0.7497469246909334
MET,1.3489075772586536
META,1.3095260811228095
MGM,1.5351270209120071
MHK,1.1658007815293299
MKC,0.5171045918855716
MKTX,1.0408259350285927
MLM,1.031000927551052
MMC,0.8572945156416943
MMM,0.818993873395074
MNST,0.7826939687889004
MO,0.519800697087813
MOH,0.8590800702677699
MOLX,1.2887259075865212
MOS,1.2132956267347184
MPC,1.2305140542337611
MPWR,1.5066608082858486
MRK,0.6405017575691154
MRNA,0.8303563844833713
MS,1.6338269983566422
MSCI,1.1488956655805191
MSFT,1.1138961872701465
MSI,1.0633516245964978
MTB,1.0574414474776486
MTCH,1.0563162364047223
MTD,0.9356773199258739
MTG,1.599991882971521
MTW,1.6123233093267355
MU,1.591062746400166
MUR,1.2260866103032888
NAVI,1.2392800429443198
NBR,1.5462009395827296
NC,1.1617436869544742
NCLH,1.7671909929126783
NDAQ,1.0498628157468983
NDSN,1.1839097002481316
NEE,0.6415308262605733
NEM,0.41915742915749654
NFLX,1.0633378722587974
NFX,1.2788828615345977
NI,0.6623164950443174
NKE,0.9329573203911486
NKTR,1.3116863368195488
NMK,0.1944550372536146
NOC,0.6270925229030503
NOV,1.309047154553404
NOW,1.3735084812343612
NRG,0.9999991012424209
NSC,1.0318005920260116
NTAP,1.3248308515541394
NTRS,1.235745529696448
NUE,1.2400325448380451
NVDA,1.6502992174905171
NVR,0.9383381344735304
NWL,1.0385216986196966
NWS,1.0245502159740076
NWSA,1.027405742255227
NXPI,1.5095009768506318
NYT,0.9401227999871123
O,0.8552396717975694
ODFL,1.0102716071787008
ODP,1.421985046322037
OGN,0.7538774223099748
OI,1.2752326263353415
OKE,1.0876730393614706
OMC,0.9201658116258857
OMX,1.6123514412779945
ON,1.612150087995796
ORCL,1.0936532392979756
ORLY,0.7735677671286159
OTIS,0.7875443175605881
OXY,1.1860593725112625
PANW,1.0707629351746775
PARA,1.2710170628497206
PAYC,1.4491407840652588
PAYX,0.9689930472577785
PBI,1.1010195628762465
PCAR,1.1372603605115588
PCG,0.7372393851788777
PCH,1.1703643736072005
PEG,0.6522142657048888
PENN,1.341001445012449
PEP,0.5529735913949616
PFE,0.6776437210429034
PFG,1.5359122064398907
PG,0.5266495662586508
PGR,0.8127970942805136
PH,1.2215821372765696
PHM,1.3361874854320999
PKG,0.9201096426032123
PLD,1.1920406847521752
PLTR,2.065247760081798
PM,0.632549444141362
PNC,1.2153865077855022
PNR,1.0681184563190151
PNW,0.5908597218393506
PODD,1.0966328667900735
POOL,0.9301975985705335
PPG,1.006676175223836
PPL,0.6443818028611972
PRGO,0.7257772375368788
PRU,1.510222931986253
PSA,0.8099127419900126
PSX,1.0178642695080862
PTC,1.2466663898233314
PVH,1.2815509755158438
PWR,1.2528941495170305
PYPL,1.341680791699334
QCOM,1.2658107164230987
QRVO,1.4563973062357853
R,1.15124239715857
RCL,1.5826752948651535
REG,1.026837224682579
REGN,1.0119446775904724
RF,1.451427424086786
RHI,1.1065707069504183
RIG,1.350758783638942
RJF,1.3774491408433305
RL,1.0989810701685485
RMD,0.8481442443411702
ROK,1.1871599228961505
ROL,0.8067264445240624
ROP,0.9778949233885001
ROST,0.936871010737277
RRC,1.0925288690929271
RSG,0.6833582760092896
RTX,0.9492697266091342
RVTY,0.9790518481374985
SANM,1.529910383604508
SBAC,1.000546436487624
SBUX,1.0221646747287478
SCHW,1.3692342823842876
SCI,0.8510314544702073
SEDG,1.5010551020504768
SEE,0.9516325727833708
SHW,0.8532431898553552
SIG,1.2395349380216945
SJM,0.41631733533255505
SLB,1.1396463399826335
SLG,1.341266224614571
SLM,1.2400583909971774
SMCI,1.3098844710834612
SNA,0.9844980376616241
SNPS,1.0393656656236299
SNT,0.41186786765491645
SNV,1.4486924874351381
SO,0.4912377224534112
SPG,1.1589612916196461
SPGI,1.0400473723220887
SRCL,0.7772770314490024
SRE,0.6937635964594739
SSP,1.2234411737057103
STE,0.8196622495343426
STLD,1.4000265508750558
STT,1.4160722721584025
STX,1.1592428762743756
STZ,0.7371070754117542
SW,0.32089308021647134
SWK,1.1805232759918425
SWKS,1.5010168296785067
SYF,1.3943856890442468
SYK,0.8714546808407169
SYY,0.7808790301078031
T,0.693604236568636
TAP,0.6242815271934276
TDC,1.002831998516669
TDG,1.0800804709221843
TDY,1.0658024124559518
TECH,0.8222852476837561
TEL,1.1528369819797426
TER,1.5404399604420758
TEX,1.5680384031874677
TFC,1.2349895512324744
TFX,0.845928142672625
TGNA,0.9745082817907734
TGT,0.891161202211105
THC,1.1925945860726574
TJX,0.8879216393984397
TKR,1.276519832016478
TLAB,1.2356312543805221
TMO,0.8871003062284918
TMUS,0.8764946305208722
TPL,0.7508702308449603
TPR,1.317995405230957
TRGP,1.368892793517385
TRIP,1.235178492287877
TRMB,1.2270918957922161
TROW,1.4091660191661304
TRV,0.8935975410431952
TSCO,0.8343543033580285
TSLA,1.5369316551067658
TSN,0.7107448980074813
TT,1.1264895036442795
TTWO,0.9603011854765104
TXN,1.18078320355548
TXT,1.3493528518305113
TYL,0.8969983330991375
UA,1.360764945669644
UAA,1.3521236464700856
UAL,1.4867458747809497
UBER,1.346491937693225
UDR,0.9716940122317783
UHS,0.8380116896899028
UIS,1.4055372515501368
ULTA,1.0673503652127159
UNH,0.8196465408680745
UNM,1.306014149298809
UNP,0.9296330313698586
UPS,0.8003477103781043
URBN,1.1070463961610253
URI,1.4989459313884659
USB,1.147388522259637
V,1.0029124472334254
VFC,0.9948325358192011
VIAV,1.4210416514895372
VICI,0.9363202706194814
VLO,1.1443780814425355
VMC,1.035384953917483
VNO,1.1627878219195968
VNT,1.0516198899855258
VRSK,0.7750957899190941
VRSN,1.195391710939855
VRTX,1.018149036396811
VST,0.9699554954608093
VTR,1.0150760265649807
VTRS,0.8594257483480287
VZ,0.587944989152695
WAB,1.0943831777149908
WAT,0.9017289156317341
WBA,0.7605967443742871
WBD,1.0261877409573708
WDAY,1.2310989066930036
WDC,1.4067483869207862
WEC,0.4788203529285576
WELL,0.8643946155557021
WEN,0.861107518380619
WFC,1.2670094880565015
WHR,1.1762026372926209
WM,0.6608540020443052
WMB,1.2071497296974647
WMT,0.5679660698985944
WOR,1.364575767332331
WRB,0.757357897397398
WST,0.7952845395700929
WTW,0.7355377975608586
WU,0.8727089550806455
WY,1.188614524931706
WYNN,1.4340187648451346
X,1.5246855516201006
XEL,0.5451474947439092
XOM,0.844206140172011
XRAY,0.7956109684797292
XRX,1.1983994154851318
XYL,1.062886287488363
YUM,0.7877453426606624
ZBH,0.8106859878332435
ZBRA,1.122544140052192
ZION,1.3181724276083735
ZTS,0.9172576422225879
