Date,WML
2016-01-04,-0.00828860539518562
2016-01-05,0.009493330118684003
2016-01-06,0.021929385386240223
2016-01-07,0.011739260712461591
2016-01-08,-0.0005244346415880265
2016-01-11,0.013164204709865197
2016-01-12,0.00944178904342062
2016-01-13,0.002581054781460132
2016-01-14,-0.010561857919038735
2016-01-15,0.006467579835551289
2016-01-19,0.016892629229889218
2016-01-20,0.0022595258210429056
2016-01-21,-0.016830998052695747
2016-01-22,-0.0009133189630020702
2016-01-25,0.017316082602234655
2016-01-26,-0.014472613622232452
2016-01-27,-0.003350935352390819
2016-01-28,-0.003262649145035603
2016-01-29,-0.007478058857166639
2016-02-01,0.0071795218118767086
2016-02-02,0.024631718116444927
2016-02-03,-0.011212681652258515
2016-02-04,-0.01982311602096788
2016-02-05,0.008456594101790248
2016-02-08,0.021340813805201385
2016-02-09,0.011037473911240301
2016-02-10,0.0016780818302731693
2016-02-11,0.010555986579312613
2016-02-12,-0.018413162330854528
2016-02-16,-0.018803876828154834
2016-02-17,-0.013771987421410475
2016-02-18,0.003268599186857711
2016-02-19,0.007040876115076924
2016-02-22,-0.016950115203745907
2016-02-23,0.017186393170108945
2016-02-24,-0.0015723643182763997
2016-02-25,0.004260583042379135
2016-02-26,-0.022580397652197392
2016-02-29,-8.652870429161092e-05
2016-03-01,-0.014813341091851437
2016-03-02,-0.009084545630057773
2016-03-03,-0.011247124632608064
2016-03-04,-0.004921806790377563
2016-03-07,-0.012920932396236037
2016-03-08,0.027687842623337827
2016-03-09,0.0012244051338610173
2016-03-10,0.0061123387395642
2016-03-11,-0.0186948420063546
2016-03-14,0.004525026238197794
2016-03-15,0.015114996397120547
2016-03-16,-0.003968271148775656
2016-03-17,-0.003750348934868469
2016-03-18,-0.011387570603497106
2016-03-21,-0.002418672142092909
2016-03-22,-0.002253033008078432
2016-03-23,0.018353837279772738
2016-03-24,0.0018621458102851566
2016-03-28,0.003701966144655427
2016-03-29,0.002755910187903948
2016-03-30,-0.0020225554642159752
2016-03-31,-0.0030546102934117044
2016-04-01,0.006242824313224013
2016-04-04,0.004118650530388347
2016-04-05,0.0031853458431489734
2016-04-06,-0.006634532654664392
2016-04-07,0.011228646235916656
2016-04-08,-0.0004112184327408506
2016-04-11,-0.0026141229517331454
2016-04-12,-0.006096336365052758
2016-04-13,-0.020013158312282765
2016-04-14,-0.0025242970076720574
2016-04-15,0.006079780808072967
2016-04-18,-0.0018205456027563871
2016-04-19,-0.011090545309071208
2016-04-20,-0.015121941673627426
2016-04-21,-0.011394375063416607
2016-04-22,-0.0026307753843749053
2016-04-25,0.007837102710229216
2016-04-26,-0.0070271691042021935
2016-04-27,-0.0014230080962655128
2016-04-28,0.007025048038115068
2016-04-29,0.008826647665874102
2016-05-02,0.004865232572270303
2016-05-03,0.011796429598746331
2016-05-04,0.014594785729175476
2016-05-05,0.0066741395203940915
2016-05-06,0.004747061635954723
2016-05-09,0.004509158321314639
2016-05-10,-0.0027574227337770086
2016-05-11,0.0061998345389048335
2016-05-12,0.012805399661310356
2016-05-13,0.005859297203553668
2016-05-16,-0.003560660424379622
2016-05-17,-0.009834379612604072
2016-05-18,-0.009506607706197882
2016-05-19,0.005600433893721404
2016-05-20,-0.006610565684141077
2016-05-23,-0.0018115957815090847
2016-05-24,-0.00027549808943656134
2016-05-25,-0.009530590804245431
2016-05-26,0.008030677178740626
2016-05-27,-8.325184529404256e-05
2016-05-31,-0.0026067999474785625
2016-06-01,0.00031064094015215236
2016-06-02,-0.003913177763734831
2016-06-03,0.011095045552221752
2016-06-06,-0.00786382003741992
2016-06-07,0.0015469647971968928
2016-06-08,0.0053381949825172725
2016-06-09,0.012391605013071662
2016-06-10,0.010162617077277954
2016-06-13,0.0037261105537450163
2016-06-14,0.01125553632665851
2016-06-15,-0.0026046969195548443
2016-06-16,0.0044981286559280615
2016-06-17,-0.003979130828472462
2016-06-20,-0.003679515345370134
2016-06-21,0.004421235072762043
2016-06-22,-4.230693013442498e-05
2016-06-23,-0.011854221702674951
2016-06-24,0.028886009208832043
2016-06-27,0.025830977021658028
2016-06-28,-0.008265127024968393
2016-06-29,-0.010137108263587963
2016-06-30,0.004050307489574559
2016-07-01,0.001034109557699489
2016-07-05,0.019183517491519034
2016-07-06,-0.001021355054598291
2016-07-07,-0.007869210818766818
2016-07-08,-0.008717909252509565
2016-07-11,-0.005000419205985769
2016-07-12,-0.013571731089225152
2016-07-13,0.0011198571352809372
2016-07-14,-0.009961601092521664
2016-07-15,0.00027861951050390295
2016-07-18,-0.003862973125960669
2016-07-19,0.004550659966651647
2016-07-20,-0.0066395822832262304
2016-07-21,-0.0020062070422844328
2016-07-22,0.0028919650678634456
2016-07-25,0.0008462568001215369
2016-07-26,-0.0037472086070170947
2016-07-27,0.00026354578441248116
2016-07-28,0.0045197301080236235
2016-07-29,0.00484848633500823
2016-08-01,0.003928544184344339
2016-08-02,0.0021896769969663695
2016-08-03,-0.008951301615868358
2016-08-04,0.0081138945344685
2016-08-05,-0.009402233139002406
2016-08-08,-0.0013070862678668273
2016-08-09,0.005780874762784942
2016-08-10,0.003729151046197656
2016-08-11,-0.00439100999761079
2016-08-12,0.0007626685445623804
2016-08-15,-0.002689420761812232
2016-08-16,-0.00518319843903704
2016-08-17,0.0037658231659914495
2016-08-18,0.003168387409577922
2016-08-19,0.0009976252248907723
2016-08-22,-0.00035019672469837194
2016-08-23,-0.002376433523947002
2016-08-24,-0.002607550528144425
2016-08-25,0.001128778060909148
2016-08-26,-0.0016983555597552768
2016-08-29,0.0016520388138771824
2016-08-30,-0.007621402630952899
2016-08-31,-0.00022001025088060457
2016-09-01,0.00903954146597105
2016-09-02,0.0013342043127651517
2016-09-06,0.0046554195031713545
2016-09-07,-0.00022444124208490217
2016-09-08,0.002252552095858091
2016-09-09,-0.0070470159502801916
2016-09-12,0.0004969662760470756
2016-09-13,-0.000254475841305446
2016-09-14,0.005614489839572861
2016-09-15,0.004334748978581328
2016-09-16,0.0015061718287123706
2016-09-19,0.001302383277901241
2016-09-20,0.0002497565024226423
2016-09-21,0.0073718742188074345
2016-09-22,0.0013389038214767987
2016-09-23,-0.0024413344948738674
2016-09-26,0.004545670269834296
2016-09-27,0.0010777891904450781
2016-09-28,0.001267578319757206
2016-09-29,0.0006038252128160119
2016-09-30,-0.0011583856370611188
2016-10-03,-0.0017208198658160635
2016-10-04,-0.0010319964493119569
2016-10-05,0.0014669040074668672
2016-10-06,0.0008642337561043168
2016-10-07,0.002202470785377576
2016-10-11,-0.002927335299065543
2016-10-12,0.0018986519446967279
2016-10-13,-0.0010910446130977594
2016-10-14,0.00273820094924073
2016-10-17,0.0026212273565842667
2016-10-18,0.0006463053084542428
2016-10-19,-0.000344940128350759
2016-10-20,-0.0016169530514938135
2016-10-21,-0.0020318019053402695
2016-10-24,0.002942673648217431
2016-10-25,-0.0022280944687355876
2016-10-26,-0.005747927652695464
2016-10-27,0.000770127395012879
2016-10-28,0.0042616016994976285
2016-10-31,0.001064700257758598
2016-11-01,0.0029727917234085126
2016-11-02,0.0004941379030424364
2016-11-03,0.00857171842010894
2016-11-04,-0.0014316449696009632
2016-11-07,0.004811586967374992
2016-11-08,0.0034559057786598814
2016-11-09,0.016643349893110698
2016-11-10,0.005253956991469159
2016-11-14,-0.0015156302564251507
2016-11-15,0.007257150375601833
2016-11-16,-0.0005056004448081601
2016-11-17,0.007059986843666859
2016-11-18,0.0031448400871551003
2016-11-21,0.0039056750437418027
2016-11-22,0.0011314815371803195
2016-11-23,0.006306346225597401
2016-11-25,-0.002146127782196161
2016-11-28,-0.005447549651296623
2016-11-29,0.0030722039836218453
2016-11-30,0.011347807636108136
2016-12-01,0.009903944369894748
2016-12-02,-0.0028318904940787
2016-12-05,0.0011185195582808878
2016-12-06,0.005722733012929998
2016-12-07,0.006679291580817837
2016-12-08,-0.0009761549077694264
2016-12-09,-0.009435295102352937
2016-12-12,-0.008644105412902912
2016-12-13,-0.0012470567556026645
2016-12-14,0.007736171977478577
2016-12-15,0.007076079341421954
2016-12-16,-0.010094431132863372
2016-12-19,0.0007001524894492729
2016-12-20,0.007347885375815469
2016-12-21,0.0004673147813037113
2016-12-22,0.0014750047561441337
2016-12-23,-0.00023016682070280342
2016-12-27,0.0002692434055913645
2016-12-28,-0.0036950798427748052
2016-12-29,-0.004907204041643889
2016-12-30,-0.0015059992100977374
2017-01-03,0.0002888538819170207
2017-01-04,0.0014243552760641303
2017-01-05,-0.006160470073277755
2017-01-06,0.0020412347740652627
2017-01-09,-0.0002411924581082808
2017-01-10,0.005153783865521971
2017-01-11,0.004803905840036147
2017-01-12,-0.00753905623941157
2017-01-13,0.0016109465510355594
2017-01-17,-0.021988327294629448
2017-01-18,0.007584670623747736
2017-01-19,0.006811096717648547
2017-01-20,0.004799693225895356
2017-01-23,-0.0012256125824807625
2017-01-24,0.013084100279084214
2017-01-25,0.006246449985088883
2017-01-26,0.005212780052415348
2017-01-27,0.001756741569615174
2017-01-30,-0.006886972502082666
2017-01-31,-0.010163754565435144
2017-02-01,0.012301509147551716
2017-02-02,-0.0007941238227298915
2017-02-03,0.00865576034208057
2017-02-06,0.0014634236721106529
2017-02-07,-0.0009686874555557206
2017-02-08,-0.006334868504311073
2017-02-09,0.003780424122128501
2017-02-10,-0.0009960789631686083
2017-02-13,0.004205214025735611
2017-02-14,0.0018492332071696881
2017-02-15,0.0014526797537738126
2017-02-16,-0.0023311976761610106
2017-02-17,6.486415989216373e-05
2017-02-21,-0.002402434599523065
2017-02-22,-0.0014882855729832101
2017-02-23,-0.008928997332334602
2017-02-24,-0.004919677669008518
2017-02-27,0.005408101163364188
2017-02-28,-0.0024097582314044903
2017-03-01,0.018738893357143648
2017-03-02,-0.009904843137402005
2017-03-03,0.0066085995813540705
2017-03-06,0.00182639021106634
2017-03-07,0.0033113426898995725
2017-03-08,0.0034581483247774106
2017-03-09,0.0016094784198207423
2017-03-10,0.0033332937106900933
2017-03-13,0.0043057126552872565
2017-03-14,-0.0017408535143100924
2017-03-15,-0.0032805609868096497
2017-03-16,0.002064473041246055
2017-03-17,-0.0016406236231078608
2017-03-20,0.0023383730402666537
2017-03-21,-0.01801049418065239
2017-03-22,0.0042678908549826
2017-03-23,0.0008691404515686439
2017-03-24,0.00022464929696355774
2017-03-27,-0.001587239362108519
2017-03-28,0.00437816665337267
2017-03-29,-0.002767941781658937
2017-03-30,0.007832025812771757
2017-03-31,-0.0008709929604158559
2017-04-03,0.003624677482703718
2017-04-04,0.00183803989443448
2017-04-05,-0.003622408902674628
2017-04-06,0.0015492667481016402
2017-04-07,0.0016267533781796632
2017-04-10,-0.005952008721509474
2017-04-11,-0.00035551698974923553
2017-04-12,-0.005125991551097336
2017-04-13,-0.0008623668550338604
2017-04-17,0.003789809289374485
2017-04-18,0.0028329541267002236
2017-04-19,0.003822711832142908
2017-04-20,0.005138363226297274
2017-04-21,-0.0002819560717347478
2017-04-24,0.010358322016539252
2017-04-25,0.002361665883152276
2017-04-26,0.0012454646248521006
2017-04-27,0.005275235499807623
2017-04-28,0.0008999427255745041
2017-05-01,0.00974155073897991
2017-05-02,-0.0005669006865358743
2017-05-03,0.004149460925867385
2017-05-04,0.0022293036561278337
2017-05-05,2.0132656619657914e-05
2017-05-08,-6.073815291474842e-05
2017-05-09,0.006276535212053314
2017-05-10,0.0030753433602727243
2017-05-11,0.0014364026920796755
2017-05-12,0.002853783685652516
2017-05-15,0.0041475622398026305
2017-05-16,0.01265026627558575
2017-05-17,-0.01728535266440888
2017-05-18,0.0038002644205250478
2017-05-19,0.0009783243851968684
2017-05-22,0.006166678542725414
2017-05-23,0.0018324172143587857
2017-05-24,0.004901880517274355
2017-05-25,0.0058696195352600285
2017-05-26,0.0009654705019955856
2017-05-30,0.003406322868223157
2017-05-31,0.0007598575612619944
2017-06-01,-0.0018622043864278352
2017-06-02,0.007580588751252352
2017-06-05,0.0003221717473713818
2017-06-06,0.0020463755269323875
2017-06-07,0.0078065237806807675
2017-06-08,0.00842818793741689
2017-06-09,-0.022579560055258376
2017-06-12,-0.011978208444099947
2017-06-13,0.00623479206498277
2017-06-14,-0.0004994026976015394
2017-06-15,0.0009907763787272267
2017-06-16,0.004549817002358233
2017-06-19,0.011911548234522156
2017-06-20,0.0025153376347663015
2017-06-21,0.008373539426759597
2017-06-22,-0.0005036302417737115
2017-06-23,0.0004892650486919489
2017-06-26,-0.00875974548869673
2017-06-27,-0.0054774133782246074
2017-06-28,0.007417559851971325
2017-06-29,-0.007507312255184167
2017-06-30,-0.003295704103849829
2017-07-03,-0.009198215726642244
2017-07-05,0.018244219547149165
2017-07-06,0.005572696173991025
2017-07-07,0.009884262288304751
2017-07-10,0.007694151483466243
2017-07-11,0.003121699691152799
2017-07-12,0.005884729934954431
2017-07-13,-0.0032317349833242467
2017-07-14,-0.00027403621236238296
2017-07-17,-0.003671469465437219
2017-07-18,0.0056611033748460386
2017-07-19,0.0017488182662501496
2017-07-20,0.0007048133508897642
2017-07-21,-0.0010859513788005286
2017-07-24,0.008452544055748473
2017-07-25,-0.007481056876758686
2017-07-26,0.002877313041741937
2017-07-27,-0.014393966544402663
2017-07-28,0.0019097132138963056
2017-07-31,-0.0054956760026085814
2017-08-01,0.003059020632536222
2017-08-02,0.0017522727643460572
2017-08-03,0.0075855876051046135
2017-08-04,0.003826933243965977
2017-08-07,0.006454010974257092
2017-08-08,0.00041101951612970786
2017-08-09,5.3439394923254866e-05
2017-08-10,-0.006408487732139992
2017-08-11,0.004081076630146643
2017-08-14,0.010491027321281706
2017-08-15,0.005885353462777974
2017-08-16,0.0014473976250232337
2017-08-17,-0.006127691971109661
2017-08-18,0.0037116149857963536
2017-08-21,-0.0010602346679612898
2017-08-22,0.007788923329487784
2017-08-23,-0.0006287291510735076
2017-08-24,0.004745098964509103
2017-08-25,-0.002831888040901791
2017-08-28,0.0033397746189668728
2017-08-29,0.002297162104672236
2017-08-30,0.0044295835120113985
2017-08-31,0.003944404918438906
2017-09-01,-0.003022771717796718
2017-09-05,-0.0037732739894601394
2017-09-06,-0.004120803632916219
2017-09-07,0.0059402304505794664
2017-09-08,0.002801661037709909
2017-09-11,0.0069602049980684545
2017-09-12,0.00019146304943516755
2017-09-13,-0.002923900882604451
2017-09-14,0.0018346532107612662
2017-09-15,-0.0010308163672952601
2017-09-18,0.0071000309488849075
2017-09-19,0.005667681837489198
2017-09-20,-0.002159480836399363
2017-09-21,0.00043639189463815214
2017-09-22,0.0010815999325932924
2017-09-25,-0.018817490977977348
2017-09-26,-0.002172563572643726
2017-09-27,0.008385169491159292
2017-09-28,0.0064674975635145805
2017-09-29,0.003559319392457719
2017-10-02,0.004043579855784218
2017-10-03,0.005832196980271368
2017-10-04,-0.00020201908716146978
2017-10-05,0.002588980155600955
2017-10-06,0.009254765073628561
2017-10-10,-0.0014554259616657247
2017-10-11,0.003323953589883773
2017-10-12,0.004288618261566694
2017-10-13,0.00031516998390146217
2017-10-16,0.001600682540134191
2017-10-17,-0.0037509010154114526
2017-10-18,0.0016933539554282568
2017-10-19,-1.7666619056140066e-05
2017-10-20,0.004471063482037938
2017-10-23,0.0014823505491014808
2017-10-24,0.005377962705275071
2017-10-25,-0.0004500547202743342
2017-10-26,0.007400261215080688
2017-10-27,0.012809144709446482
2017-10-30,-0.002012528514134076
2017-10-31,0.003707586918789205
2017-11-01,-0.0030755756231038668
2017-11-02,0.004725566974870289
2017-11-03,0.010357451224370397
2017-11-06,0.0053243814081256075
2017-11-07,-0.001402157070777077
2017-11-08,0.0005697847701937489
2017-11-09,-0.009345061039613174
2017-11-10,0.001040474773333138
2017-11-13,0.002408361116873896
2017-11-14,0.004061010249829999
2017-11-15,8.207488728617998e-05
2017-11-16,0.0050889970023512456
2017-11-17,-0.004489724017901147
2017-11-20,0.00745918398314355
2017-11-21,0.0061285549982857184
2017-11-22,-0.004486866641914206
2017-11-24,0.005837865893961811
2017-11-27,0.0018877191059459859
2017-11-28,-0.0060087769495283955
2017-11-29,-0.032239524428615024
2017-11-30,0.004469439451857786
2017-12-01,-0.006289289303654307
2017-12-04,-0.021191150076818446
2017-12-05,0.0070607051289911585
2017-12-06,0.005006051940392214
2017-12-07,0.008990658825779456
2017-12-08,0.0013200703674342857
2017-12-11,-0.0020975746355937097
2017-12-12,-0.004357097321643186
2017-12-13,0.0008448283694561515
2017-12-14,-0.00017283371810209933
2017-12-15,0.000945787237534107
2017-12-18,0.00526056806107788
2017-12-19,0.0025442791247093873
2017-12-20,0.0017738116379901556
2017-12-21,-0.00463405681360518
2017-12-22,-0.002285392342489288
2017-12-26,-0.0020726570306309157
2017-12-27,0.0034975947392478827
2017-12-28,0.0006372207986379351
2017-12-29,-0.0009776694189491475
2018-01-02,0.0019239651678722722
2018-01-03,0.007351277760876667
2018-01-04,0.004545598699623231
2018-01-05,0.005088682469571987
2018-01-08,0.003889914369348953
2018-01-09,0.007788796367780194
2018-01-10,0.0011751412807832363
2018-01-11,0.006998585112934882
2018-01-12,0.0074622430257389625
2018-01-16,-0.0037538847757187643
2018-01-17,0.007020230489295082
2018-01-18,0.004281599927044159
2018-01-19,0.00652865670542439
2018-01-22,0.0020003036541515534
2018-01-23,5.054922614396596e-05
2018-01-24,-0.0021092746622617675
2018-01-25,-0.002734247070421068
2018-01-26,0.009732436759581655
2018-01-29,-0.0021085439081828666
2018-01-30,-0.0026869014093249613
2018-01-31,-0.002534264117687009
2018-02-01,0.007316282459066668
2018-02-02,0.0014150420575219785
2018-02-05,-0.007022120889640628
2018-02-06,0.011486432033009027
2018-02-07,0.004425573654796735
2018-02-08,-0.016203773569145295
2018-02-09,0.0024825152366761694
2018-02-12,0.006005672715098474
2018-02-13,0.007151079422661682
2018-02-14,0.015416010273681436
2018-02-15,0.00168202731144515
2018-02-16,-0.0026819862008035417
2018-02-20,0.0068002099404646105
2018-02-21,0.008842642846146442
2018-02-22,-0.0011078457316749716
2018-02-23,0.0012638730484189203
2018-02-26,0.004159447089713563
2018-02-27,0.0027444642250590463
2018-02-28,-0.0005767670149429607
2018-03-01,-0.003225681346571227
2018-03-02,0.0066219046006308875
2018-03-05,-0.002290293508721659
2018-03-06,0.007311408274524206
2018-03-07,0.00833167772468011
2018-03-08,0.0012768474120054313
2018-03-09,0.008754965280376639
2018-03-12,-0.0035054525971716013
2018-03-13,-0.003260096614855207
2018-03-14,0.004495877977412301
2018-03-15,0.003337258339031907
2018-03-16,-0.003976021948135952
2018-03-19,0.003018042739473415
2018-03-20,0.014183510672818731
2018-03-21,-0.00012993787387655662
2018-03-22,-0.01165299080634451
2018-03-23,-0.003780206844046466
2018-03-26,0.014896095855326209
2018-03-27,-0.02208545149459093
2018-03-28,-0.014900575990202574
2018-03-29,0.009636090426888518
2018-04-02,-0.00030458806466619054
2018-04-03,0.0010944462040058597
2018-04-04,-0.002276150944222734
2018-04-05,0.0023104386131053752
2018-04-06,-0.0060654755692598344
2018-04-09,0.005023671422697431
2018-04-10,0.00864814238779989
2018-04-11,0.0009695694518880803
2018-04-12,0.012325713593677706
2018-04-13,-0.00697076422328707
2018-04-16,0.0025187037415415735
2018-04-17,0.010003000920796057
2018-04-18,0.0056077454086066805
2018-04-19,0.005831644639974429
2018-04-20,0.004498212417767728
2018-04-23,-0.004748688758880253
2018-04-24,-0.010180602901952699
2018-04-25,-0.004283605100020519
2018-04-26,0.00326732960831937
2018-04-27,-0.007525853055302791
2018-04-30,0.0015367471403504949
2018-05-01,0.0007588101643325226
2018-05-02,0.007028852201606347
2018-05-03,0.0115736775134508
2018-05-04,-0.0013169645734965232
2018-05-07,0.008178949651429164
2018-05-08,0.013345688995906803
2018-05-09,0.009455315631869372
2018-05-10,0.0008018662837119602
2018-05-11,0.0017735562042473004
2018-05-14,-0.0028055694356839984
2018-05-15,0.0035173621363765646
2018-05-16,-0.00010391909879331213
2018-05-17,0.004273409119773244
2018-05-18,0.005082198675496789
2018-05-21,0.002551093548441896
2018-05-22,-0.005882830597905366
2018-05-23,0.002694982966231125
2018-05-24,0.005401081669309731
2018-05-25,-0.006811908496650528
2018-05-29,0.001141346098152936
2018-05-30,0.0034347721940044956
2018-05-31,0.00046689951247191365
2018-06-01,0.008953334180100744
2018-06-04,0.003415419112219151
2018-06-05,0.008325880810346707
2018-06-06,0.0017824881255125592
2018-06-07,-0.008389256793001584
2018-06-08,0.0012893480291137618
2018-06-11,-0.0011773599925211519
2018-06-12,0.002670235078942698
2018-06-13,0.004984618797121899
2018-06-14,-0.003924781606310849
2018-06-15,-0.004043496382912444
2018-06-18,0.009976825887381753
2018-06-19,-0.005947287537356364
2018-06-20,0.0034861894755999134
2018-06-21,-0.004329941786012798
2018-06-22,-0.009018537295810557
2018-06-25,-0.02067606263175823
2018-06-26,0.005540688128615297
2018-06-27,-0.00874316346256368
2018-06-28,0.005319639876844695
2018-06-29,0.0009617583868643071
2018-07-02,0.005932895290545695
2018-07-03,-0.004997219834922118
2018-07-05,-0.0018619277379177453
2018-07-06,0.0015610469829358785
2018-07-09,0.004058410772507631
2018-07-10,0.00033573989516722793
2018-07-11,0.003301258276295906
2018-07-12,0.009194893346881523
2018-07-13,-0.0021192818191061386
2018-07-16,-0.0022461444689687187
2018-07-17,0.0026436827312359325
2018-07-18,0.003606581959612223
2018-07-19,0.0004961385433215111
2018-07-20,0.004995915760962316
2018-07-23,0.005288964367802824
2018-07-24,-0.008647274099378295
2018-07-25,0.006403491368498753
2018-07-26,-0.0032354963972807517
2018-07-27,-0.012809206315185968
2018-07-30,-0.0154385249917082
2018-07-31,-0.0030705976376076078
2018-08-01,0.012120653680268314
2018-08-02,0.018114096579331076
2018-08-03,-0.006789227159035987
2018-08-06,0.006592917457515531
2018-08-07,0.003905174458435005
2018-08-08,0.006887222215133226
2018-08-09,0.003616223086091899
2018-08-10,0.01112856585040286
2018-08-13,0.0007077751420066797
2018-08-14,0.0034198186668513144
2018-08-15,-0.00585651048710579
2018-08-16,-0.004660796532962823
2018-08-17,-0.0008134161015106557
2018-08-20,0.004125615294773607
2018-08-21,0.0021086351382222568
2018-08-22,0.01166444210040745
2018-08-23,0.009728266243501866
2018-08-24,0.0045351855310943635
2018-08-27,-0.003980503285287556
2018-08-28,0.0020737106166968614
2018-08-29,0.0035529404609779113
2018-08-30,0.005749216033800351
2018-08-31,0.004257605044694334
2018-09-04,0.010145519943017305
2018-09-05,-0.011504679822825563
2018-09-06,0.008594368743006009
2018-09-07,0.004658974076478405
2018-09-10,0.004448169129569517
2018-09-11,0.007485781016563299
2018-09-12,0.000819419337802948
2018-09-13,-0.0008202515879803958
2018-09-14,-0.0015046675624813392
2018-09-17,-0.009657636063298
2018-09-18,0.005030411467938619
2018-09-19,-0.013301439593856044
2018-09-20,-0.002597800296572028
2018-09-21,8.705416398456495e-05
2018-09-24,0.012226700114979339
2018-09-25,0.011716334980931817
2018-09-26,0.00410888159811061
2018-09-27,0.0027008404737086473
2018-09-28,0.0046209103753163845
2018-10-01,-0.0004860692766748306
2018-10-02,-0.00803629829796544
2018-10-03,-0.0008345440905771491
2018-10-04,-0.0063682297438186035
2018-10-05,0.0042526181038520456
2018-10-09,0.010744096527266043
2018-10-10,-0.012279588804771022
2018-10-11,0.005033068947959848
2018-10-12,0.017633609533836293
2018-10-15,-0.003675191678148026
2018-10-16,0.009580305746810801
2018-10-17,0.0007250535805641916
2018-10-18,0.00587287195495175
2018-10-19,-0.006776672322267471
2018-10-22,0.017172655443552867
2018-10-23,-0.006455139093442763
2018-10-24,0.0020452751075440354
2018-10-25,-0.0057036151300218565
2018-10-26,-0.00013974347719773218
2018-10-29,-0.003225023289933969
2018-10-30,-0.0057122961837621986
2018-10-31,0.0066697031475344
2018-11-01,-0.01691192869049901
2018-11-02,0.0023912212295958647
2018-11-05,0.0018657458229243834
2018-11-06,-0.0015155770629207248
2018-11-07,0.011418731284551125
2018-11-08,0.009164294022907662
2018-11-09,0.007154839125029232
2018-11-13,-0.006240665292395606
2018-11-14,-0.004167348490796469
2018-11-15,-0.0017618761106570364
2018-11-16,0.0027875118260905266
2018-11-19,-0.0087907998731842
2018-11-20,-0.0028332129961576615
2018-11-21,-0.0033422295560986866
2018-11-23,0.0031993535839406942
2018-11-26,-0.003999856175496426
2018-11-27,0.007742571289247155
2018-11-28,0.005239508416743827
2018-11-29,0.010803248148396859
2018-11-30,-0.0012543735300918884
2018-12-03,-0.005086993834743687
2018-12-04,0.022836446863678035
2018-12-06,0.009026966789684879
2018-12-07,0.0030964067444510246
2018-12-10,0.012483135902884355
2018-12-11,0.0085359336602976
2018-12-12,-0.004376702425209918
2018-12-13,0.009305965602693833
2018-12-14,-0.0020041539760494824
2018-12-17,-0.01387640408672107
2018-12-18,0.0027279499444271466
2018-12-19,0.008312576759850962
2018-12-20,0.00013436556826804807
2018-12-21,0.007783848327443381
2018-12-24,-0.00637865123390375
2018-12-26,-0.0043774287022160865
2018-12-27,0.0005639500834408919
2018-12-28,0.0035279027131381504
2018-12-31,0.002935907257291967
2019-01-02,-0.026186486708419717
2019-01-03,0.005290446124420541
2019-01-04,-0.012778452889484669
2019-01-07,-0.00011335552544133529
2019-01-08,0.00783107409542189
2019-01-09,-0.007606475721836647
2019-01-10,0.0020180559038685732
2019-01-11,-0.003189001176568237
2019-01-14,-0.0013037525490862713
2019-01-15,0.012064975154217065
2019-01-16,-0.005028767858102898
2019-01-17,-0.0010974885666042433
2019-01-18,-0.008281444368827212
2019-01-22,0.010347602051486025
2019-01-23,0.006310821921650508
2019-01-24,-0.013465037447204902
2019-01-25,-0.011371864370261707
2019-01-28,-0.0005592629895380726
2019-01-29,-0.0012853590427230604
2019-01-30,0.0019894224788274666
2019-01-31,0.004066243623580153
2019-02-01,3.178981917540411e-05
2019-02-04,-0.0009939194328173013
2019-02-05,0.00125558471035032
2019-02-06,3.711692429244761e-05
2019-02-07,0.012745050228187895
2019-02-08,0.008771754642504723
2019-02-11,0.0015960420057142908
2019-02-12,-0.005786673328636523
2019-02-13,-0.003550016384121317
2019-02-14,0.005151693241325843
2019-02-15,-0.005652903231999684
2019-02-19,-0.004242805919715862
2019-02-20,-0.0034925308588240195
2019-02-21,0.007927858502116733
2019-02-22,0.00632085863994632
2019-02-25,-0.0024475560926272726
2019-02-26,0.0002000003753060576
2019-02-27,0.005941397206372622
2019-02-28,0.005829918283688462
2019-03-01,0.0036091370562397335
2019-03-04,-0.00014100852630154377
2019-03-05,0.005571117485134674
2019-03-06,0.0054525935185804255
2019-03-07,0.007972630802165861
2019-03-08,0.0012507383568996536
2019-03-11,-0.0014592998228886971
2019-03-12,0.0028775017210007124
2019-03-13,-0.0030944010017985276
2019-03-14,0.0028800479338697603
2019-03-15,0.0032479102010824455
2019-03-18,-0.0047860171466098745
2019-03-19,0.0036037902263202724
2019-03-20,0.010421130409621818
2019-03-21,0.003706534822121346
2019-03-22,0.010867058906154303
2019-03-25,0.006234750723264277
2019-03-26,-0.0030561891691324884
2019-03-27,-0.003902233864080202
2019-03-28,-0.0018966486337272633
2019-03-29,-0.001080344153115172
2019-04-01,-0.00947805164610011
2019-04-02,0.00653350688307559
2019-04-03,5.243952675403974e-05
2019-04-04,-0.011399332754748812
2019-04-05,-0.0027752644003516003
2019-04-08,3.2590215031029534e-05
2019-04-09,0.008102367179654948
2019-04-10,0.0012063341367416266
2019-04-11,0.0006959436711178664
2019-04-12,-0.004806511914650929
2019-04-15,0.004414072726479639
2019-04-16,-0.004787847628499553
2019-04-17,-0.001952565999940742
2019-04-18,0.003125016654026763
2019-04-22,0.003569000597672382
2019-04-23,-0.001667281944858821
2019-04-24,0.003162747975344402
2019-04-25,0.008803167457312893
2019-04-26,-0.00011840370512074174
2019-04-29,-0.004959080776375549
2019-04-30,0.0056094204975938484
2019-05-01,0.0018919772309302935
2019-05-02,0.004714764601614817
2019-05-03,-0.0007468450151419097
2019-05-06,0.003539409302997284
2019-05-07,0.006245969209700764
2019-05-08,0.004226068037627994
2019-05-09,0.004787919767326933
2019-05-10,0.009331865577485086
2019-05-13,0.011736335471856301
2019-05-14,0.0009632261382196798
2019-05-15,0.0037389353328307192
2019-05-16,0.007513302681440845
2019-05-17,0.007749666445617677
2019-05-20,-4.118089113550657e-05
2019-05-21,-0.005348687100767212
2019-05-22,0.00957936718457297
2019-05-23,0.007486393669298099
2019-05-24,-0.001014743317269943
2019-05-28,0.006871218627191882
2019-05-29,-0.0009894056977246789
2019-05-30,0.012191284176313051
2019-05-31,0.010305444493213141
2019-06-03,-0.004955501200030386
2019-06-04,-0.013279408395374427
2019-06-05,0.016100950773188533
2019-06-06,0.005707437696733576
2019-06-07,0.004902841943455791
2019-06-10,-0.0048129948091830835
2019-06-11,-0.006918607260183758
2019-06-12,0.011046609127829293
2019-06-13,-0.008756765109972453
2019-06-14,0.007765547694390539
2019-06-17,-0.0029605565154408285
2019-06-18,-0.008106552574743103
2019-06-19,0.0060567291943226225
2019-06-20,-0.0033798863642316122
2019-06-21,-0.004531277477789721
2019-06-24,0.0051026197018198445
2019-06-25,-0.0019514859199415606
2019-06-26,-0.014806563145661552
2019-06-27,0.00037801727815227164
2019-06-28,-0.0037601702619092176
2019-07-01,0.000518218322193357
2019-07-02,0.011557079349474602
2019-07-03,0.0012263767327915006
2019-07-05,0.0006485376888968751
2019-07-08,0.004579415899860613
2019-07-09,0.0034735300308092634
2019-07-10,0.0022573836233175876
2019-07-11,-0.001431526865517153
2019-07-12,-0.005755142290572818
2019-07-15,0.0038463850807354764
2019-07-16,-0.0025064454740884087
2019-07-17,0.008688502629507877
2019-07-18,0.003043651922529947
2019-07-19,-0.01073436788044699
2019-07-22,0.0031680622900022723
2019-07-23,-0.008752829685489545
2019-07-24,-0.0006443550044540527
2019-07-25,0.011013377717315745
2019-07-26,0.0015644743133774097
2019-07-29,0.0010816108721691552
2019-07-30,-0.006831382271955013
2019-07-31,-0.00033462011377861575
2019-08-01,0.019764600717374327
2019-08-02,0.01045116688866917
2019-08-05,0.0082751246335988
2019-08-06,0.01850141571041381
2019-08-07,0.009948269756576025
2019-08-08,0.005355107370404594
2019-08-09,0.012337310774082485
2019-08-12,0.008080167298473814
2019-08-13,-0.0023123277998971445
2019-08-14,0.010892678171637152
2019-08-15,0.019683059705590672
2019-08-16,-0.007960570130971366
2019-08-19,-0.004273411571113075
2019-08-20,0.004697286053459098
2019-08-21,0.001073462127649796
2019-08-22,0.0026534307138913167
2019-08-23,0.008254083276940084
2019-08-26,0.00448742215801713
2019-08-27,0.012017733627457379
2019-08-28,-0.008519140397890273
2019-08-29,-0.006763735245097494
2019-08-30,-0.00865253366512233
2019-09-03,0.011104952384679852
2019-09-04,-0.001433559533108383
2019-09-05,-0.018335378076904815
2019-09-06,-0.00015808021943296995
2019-09-09,-0.03373993950897974
2019-09-10,-0.0322907542720661
2019-09-11,-0.006832581340436321
2019-09-12,0.011568109584807017
2019-09-13,-0.009638133980224946
2019-09-16,-0.0062913069042652365
2019-09-17,0.023960111010613815
2019-09-18,0.005729754881124213
2019-09-19,0.0029819135410729183
2019-09-20,-4.566976798695173e-05
2019-09-23,0.0030444840521805417
2019-09-24,0.010661732785606698
2019-09-25,-0.0027094113525156643
2019-09-26,0.009316650100730704
2019-09-27,-0.01265311043656668
2019-09-30,-0.00020407492246166288
2019-10-01,0.0059451831502680234
2019-10-02,0.005176501679276149
2019-10-03,0.004626331753482029
2019-10-04,0.007272617688065918
2019-10-07,-0.0008750645569667957
2019-10-08,0.00643951401597951
2019-10-09,0.004799491705788615
2019-10-10,-0.001227141844468955
2019-10-11,-0.012466755589839023
2019-10-15,-0.004165588656709797
2019-10-16,-0.00016517255569752608
2019-10-17,5.672158696022264e-05
2019-10-18,0.0010166375202700808
2019-10-21,-0.0025448516423634913
2019-10-22,-0.020173166584875897
2019-10-23,-0.0039028574593189293
2019-10-24,0.009534889121907931
2019-10-25,-0.005259390054497449
2019-10-28,0.0008712608512559121
2019-10-29,-0.002512476970970936
2019-10-30,0.0053271189104078355
2019-10-31,0.0026991544180765587
2019-11-01,0.0006525326348636399
2019-11-04,-0.012080440169537701
2019-11-05,-0.005538169782790271
2019-11-06,0.01020791768017207
2019-11-07,-0.0006737195766397209
2019-11-08,0.0008107942645706125
2019-11-12,0.002396935599632988
2019-11-13,0.007179682678466626
2019-11-14,0.006034460416645548
2019-11-15,-0.0036207894343059125
2019-11-18,0.005740636487432978
2019-11-19,-0.0008226660609263332
2019-11-20,0.0020460362126777667
2019-11-21,-0.005224338854561921
2019-11-22,-0.006921219532047012
2019-11-25,-0.0012686925728301393
2019-11-26,0.00639183790216103
2019-11-27,-0.0006856591534143558
2019-11-29,-0.0011750546070837063
2019-12-02,-0.001609277830691579
2019-12-03,0.0023080071406251807
2019-12-04,-0.0015797699207054762
2019-12-05,0.0034541428891524456
2019-12-06,-0.0019510403425755819
2019-12-09,-0.00295568388660969
2019-12-10,0.002209332139466622
2019-12-11,0.004444178632595819
2019-12-12,-0.002765308488187149
2019-12-13,0.0048265425890714475
2019-12-16,0.0032727201785367217
2019-12-17,-0.00033376701963444403
2019-12-18,-0.002118005285969094
2019-12-19,0.0016057276037221247
2019-12-20,-1.3378085487869042e-05
2019-12-23,-0.002575466528204104
2019-12-24,0.0020863134336264145
2019-12-26,0.00013047138455843117
2019-12-27,0.0014117723276290736
2019-12-30,-0.0015423201718193806
2019-12-31,-0.003900598972580299
2020-01-02,0.009454656759245847
2020-01-03,0.0020907359920521373
2020-01-06,-0.00028273490300260973
2020-01-07,0.004374487656942892
2020-01-08,0.0022929057491418293
2020-01-09,0.0045662431948094665
2020-01-10,0.0005785431267239338
2020-01-13,0.0039293159783939016
2020-01-14,-0.006239348335258341
2020-01-15,0.0004432698808609181
2020-01-16,0.003925217151937615
2020-01-17,0.0046097227237230885
2020-01-21,0.007395082211474157
2020-01-22,0.007353398078611347
2020-01-23,7.396641353952724e-05
2020-01-24,-0.0006631353723619386
2020-01-27,0.001178618577696907
2020-01-28,0.010810970592809258
2020-01-29,0.004868443798411482
2020-01-30,0.003825041434889241
2020-01-31,-0.007068823800006273
2020-02-03,0.005962188902952226
2020-02-04,0.004253336362884641
2020-02-05,-0.012779236262962675
2020-02-06,0.005723992393203424
2020-02-07,0.004603592793791671
2020-02-10,0.00873379564129671
2020-02-11,0.0005585069112577752
2020-02-12,-0.0005306470422187775
2020-02-13,0.010885388089990074
2020-02-14,0.006976921762549758
2020-02-18,0.004008418429791062
2020-02-19,0.0032043862922193165
2020-02-20,-0.006367100817594318
2020-02-21,-0.005076966384941692
2020-02-24,0.0033456650427771475
2020-02-25,0.006065594570250667
2020-02-26,0.0077667340824933906
2020-02-27,-0.006049587310830773
2020-02-28,-3.534689936246331e-05
2020-03-02,0.02505643933391977
2020-03-03,0.013054641447563582
2020-03-04,0.023754443499054714
2020-03-05,0.0219437364895022
2020-03-06,0.011336115712780665
2020-03-09,0.05637278956252635
2020-03-10,-0.014541122905525818
2020-03-11,0.031521328856253555
2020-03-12,0.032368763819129814
2020-03-13,-0.009430853474627562
2020-03-16,0.04119135468310789
2020-03-17,0.07106501587362561
2020-03-18,0.06312789406265121
2020-03-19,-0.06667143489895225
2020-03-20,-0.03131300542940828
2020-03-23,0.007241618909512762
2020-03-24,-0.05040791350864343
2020-03-25,-0.03980358086158475
2020-03-26,0.01497995868951569
2020-03-27,0.0260387400314814
2020-03-30,0.029736050767271795
2020-03-31,-0.009105639188947258
2020-04-01,0.03907405931992427
2020-04-02,0.020935114470855797
2020-04-03,0.014667806871021724
2020-04-06,-0.04049615841933223
2020-04-07,-0.04125444435434207
2020-04-08,-0.032993620885350516
2020-04-09,-0.027235817186260218
2020-04-13,0.02247113898338412
2020-04-14,0.02728787578840557
2020-04-15,0.04515856225501501
2020-04-16,0.049571071348740246
2020-04-17,-0.05334501847595487
2020-04-20,0.015126757399089918
2020-04-21,-0.00038586449755667607
2020-04-22,0.0072299104470034195
2020-04-23,-0.020281092057940233
2020-04-24,-0.0022779071096350485
2020-04-27,-0.03147702255008002
2020-04-28,-0.04290849872739573
2020-04-29,-0.05138966999644905
2020-04-30,0.029883544212809657
2020-05-01,0.030905852450947444
2020-05-04,0.012069042193885183
2020-05-05,0.025719256187259548
2020-05-06,0.025770557430687024
2020-05-07,-0.012071097649641205
2020-05-08,-0.02892620215551254
2020-05-11,0.04197230652457752
2020-05-12,0.014966793936252606
2020-05-13,0.03420486216321657
2020-05-14,-0.016231146337378724
2020-05-15,0.011577875843898454
2020-05-18,-0.07124860028746442
2020-05-19,0.011517064875147911
2020-05-20,-0.016300814807399394
2020-05-21,-0.00792093158126904
2020-05-22,0.011052357653770006
2020-05-26,-0.05970643133110347
2020-05-27,-0.024856697720314798
2020-05-28,0.0328468838531567
2020-05-29,0.03176670297842872
2020-06-01,-0.016657862540934196
2020-06-02,-0.010249136529206686
2020-06-03,-0.04217778768648081
2020-06-04,-0.028742693092980102
2020-06-05,-0.035798462524810434
2020-06-08,-0.030574003440480592
2020-06-09,0.03630960923694471
2020-06-10,0.047487423482192856
2020-06-11,0.03453902653918474
2020-06-12,-0.023870920327774568
2020-06-15,0.002989385733127743
2020-06-16,-0.004239398183227834
2020-06-17,0.025794152577328616
2020-06-18,-0.0014129252729831374
2020-06-19,0.023454092732547966
2020-06-22,0.008832286665490338
2020-06-23,-0.004950810801687625
2020-06-24,0.021742525433800022
2020-06-25,0.0011695855795222695
2020-06-26,0.011053602283561375
2020-06-29,-0.01753220152485395
2020-06-30,0.009230266109838013
2020-07-01,0.013103156426236669
2020-07-02,0.0021869803282248508
2020-07-06,0.0032580571895330056
2020-07-07,0.0259269375979391
2020-07-08,0.00851711769822439
2020-07-09,0.036589289751641406
2020-07-10,-0.02947379972493737
2020-07-13,-0.01890724960614208
2020-07-14,0.011220636759005084
2020-07-15,-0.027028089027184586
2020-07-16,0.0007489849888385903
2020-07-17,0.016414682630533604
2020-07-20,0.028609318849494993
2020-07-21,-0.02482228242472774
2020-07-22,0.0014455582666026805
2020-07-23,-0.010963039784399733
2020-07-24,0.0010306239398614756
2020-07-27,0.023907266400530515
2020-07-28,-0.009823765448983427
2020-07-29,-0.0004523729522096717
2020-07-30,0.014048181651781505
2020-07-31,0.010115901797017896
2020-08-03,0.012780742619490353
2020-08-04,-0.002446703354902692
2020-08-05,-0.0008849930448061628
2020-08-06,0.0010403059346415348
2020-08-07,-0.015022451390959745
2020-08-10,-0.027609526765371446
2020-08-11,-0.016102906161181263
2020-08-12,0.023336604828602198
2020-08-13,0.015022174943641591
2020-08-14,-0.009041199457402366
2020-08-17,0.02035091977008599
2020-08-18,0.011495202935389096
2020-08-19,0.004494847287678461
2020-08-20,0.011012322833053815
2020-08-21,0.004823058293521225
2020-08-24,-0.02654721150411358
2020-08-25,0.006435062471873413
2020-08-26,0.025532741572362398
2020-08-27,-0.022328457186019578
2020-08-28,-0.009090122957165325
2020-08-31,0.019497349499965407
2020-09-01,0.015812204608521285
2020-09-02,-0.004278920122333996
2020-09-03,-0.03366384699106733
2020-09-04,-0.018256144856702013
2020-09-08,-0.00100264313249648
2020-09-09,0.02577859778653377
2020-09-10,0.002772993205108071
2020-09-11,-0.0028992279979771084
2020-09-14,-0.007293382382888571
2020-09-15,0.016058203519887532
2020-09-16,-0.02558860121510676
2020-09-17,-0.004719799429776618
2020-09-18,0.006694392969670435
2020-09-21,0.027312274020406924
2020-09-22,0.013342558886264214
2020-09-23,0.0023297324295190602
2020-09-24,-0.000252847123564188
2020-09-25,0.006268888782356697
2020-09-28,-0.003982440047941883
2020-09-29,0.011258660960324993
2020-09-30,-0.0014415369277373177
2020-10-01,0.009010662631826599
2020-10-02,-0.020452413365544847
2020-10-05,0.002844111241625754
2020-10-06,-0.00270034979684757
2020-10-07,0.004907010474687709
2020-10-08,-0.015038380439020536
2020-10-09,0.017619270912801785
2020-10-13,0.019331048154858234
2020-10-14,-0.0009204210135279069
2020-10-15,-0.003104135866942262
2020-10-16,0.0058443681154913725
2020-10-19,0.001479320102442826
2020-10-20,-0.00487685452451252
2020-10-21,-0.0018962199875157074
2020-10-22,-0.0239173491420199
2020-10-23,0.0037191325653505216
2020-10-26,0.010366585923245922
2020-10-27,0.020192152974735207
2020-10-28,0.0030748984662432935
2020-10-29,-0.008018466660251997
2020-10-30,-0.01853016026827869
2020-11-02,-0.004805517725648106
2020-11-03,0.0034602114271388706
2020-11-04,0.026695000982341455
2020-11-05,0.015807638484882577
2020-11-06,0.01798947297601588
2020-11-09,-0.10325087935313379
2020-11-10,-0.021952367822450934
2020-11-12,0.008985053276857849
2020-11-13,-0.015041942484307113
2020-11-16,-0.014938880035263526
2020-11-17,0.001476124951650286
2020-11-18,0.005838511835150377
2020-11-19,0.003828771309655873
2020-11-20,0.0026090591693582457
2020-11-23,-0.01611199105345565
2020-11-24,-0.019463953064044477
2020-11-25,0.007088913902496197
2020-11-27,0.011867663463451854
2020-11-30,0.016581509113706858
2020-12-01,-0.00016667716829155826
2020-12-02,-0.008536183870207733
2020-12-03,-0.0014413599292941674
2020-12-04,-0.0037133355103143237
2020-12-07,0.010488376030280177
2020-12-08,0.0013834991576211503
2020-12-09,-0.00908835318588149
2020-12-10,0.0021222164232425345
2020-12-11,0.0007583836029832086
2020-12-14,0.011024044202888158
2020-12-15,0.00028482985171146905
2020-12-16,0.0031596455464555765
2020-12-17,0.006968535172347455
2020-12-18,0.00952351672280221
2020-12-21,0.010157922303553552
2020-12-22,0.009715163185815842
2020-12-23,-0.007701248879449408
2020-12-24,0.00029728390540533075
2020-12-28,-0.002510484743129272
2020-12-29,-0.001981180483662308
2020-12-30,0.001552701301482792
2020-12-31,-0.004158572901428488
2021-01-04,0.004649103998189708
2021-01-05,0.010866159781812776
2021-01-06,0.00878864194660952
2021-01-07,0.021568402513707254
2021-01-08,0.0044404836890074165
2021-01-11,0.006001362885980995
2021-01-12,0.0035933265912990583
2021-01-13,-0.009949650733375615
2021-01-14,0.004119983326830693
2021-01-15,-0.010307815075107918
2021-01-19,0.009050430420466844
2021-01-20,0.0037704735625521367
2021-01-21,0.0035246323102334203
2021-01-22,-0.0016831679313637827
2021-01-25,-0.011490643364905979
2021-01-26,-0.011731868640538719
2021-01-27,-0.020141616002000387
2021-01-28,0.018270948380570595
2021-01-29,-0.002792496585704962
2021-02-01,0.011343366188884128
2021-02-02,0.014410709645936022
2021-02-03,0.0041200887881491675
2021-02-04,0.012908346442767516
2021-02-05,0.00506985115216783
2021-02-08,0.017267275589607847
2021-02-09,-0.0004905567584734914
2021-02-10,0.003985067849316329
2021-02-11,0.01149827278968142
2021-02-12,0.013860861947170981
2021-02-16,0.013571206726624867
2021-02-17,-0.010372399777686047
2021-02-18,-0.01625284857688678
2021-02-19,0.024270746924228735
2021-02-22,-0.007580065140104033
2021-02-23,-0.004136741792581171
2021-02-24,0.017759320863133792
2021-02-25,-0.020861045668797176
2021-02-26,0.019242629958988615
2021-03-01,0.01495330633625937
2021-03-02,-0.006942789446989788
2021-03-03,0.006520102883854585
2021-03-04,-0.015129994348745714
2021-03-05,0.00510349114237689
2021-03-08,-0.003134914517841922
2021-03-09,-0.001267369426239434
2021-03-10,0.004913101122456293
2021-03-11,0.016473595396577098
2021-03-12,-0.0010250922634021855
2021-03-15,-0.0020446967451321994
2021-03-16,-0.015913147743756368
2021-03-17,0.014901185739357926
2021-03-18,-0.014135200224650061
2021-03-19,0.0008353901822768613
2021-03-22,-0.013271798703483644
2021-03-23,-0.030583857987984662
2021-03-24,-0.004314482213612765
2021-03-25,0.011273195380234254
2021-03-26,0.003809647350522947
2021-03-29,-0.026386919289224944
2021-03-30,0.024427423183595955
2021-03-31,0.0027649044275988386
2021-04-01,0.009614382580622404
2021-04-05,-0.0006155484613157309
2021-04-06,0.0011487893448815967
2021-04-07,-0.0006042240445877272
2021-04-08,0.003408628672111824
2021-04-09,0.0033367548538765137
2021-04-12,-0.0027104108080055448
2021-04-13,-0.008041648088068294
2021-04-14,0.0073784987724950825
2021-04-15,-0.01020271975127247
2021-04-16,4.055490882205748e-05
2021-04-19,-0.004378467124801982
2021-04-20,-0.027161419158888304
2021-04-21,0.015369390712094476
2021-04-22,-0.0025597447618241438
2021-04-23,0.015889240052274916
2021-04-26,0.01275532299952628
2021-04-27,0.009474098223007415
2021-04-28,0.004358662931389598
2021-04-29,-0.0021062019895473696
2021-04-30,-0.009494551497514589
2021-05-03,0.004253847476815021
2021-05-04,0.006109576913520182
2021-05-05,0.01583012461177978
2021-05-06,0.003796505189468489
2021-05-07,0.013706170163895214
2021-05-10,-0.010372408854397698
2021-05-11,-0.0063641525336624715
2021-05-12,-0.012678483096928924
2021-05-13,0.0066809728046807616
2021-05-14,0.015070017661503614
2021-05-17,0.006089406732247209
2021-05-18,-0.008955572574475996
2021-05-19,-0.005395796112038698
2021-05-20,-0.004097661127132548
2021-05-21,0.003603079295458186
2021-05-24,0.007737001006631227
2021-05-25,-0.004020522778126024
2021-05-26,0.009151332697370784
2021-05-27,0.013369914660112543
2021-05-28,-0.0037095384844256785
2021-06-01,0.016915244851216205
2021-06-02,-0.006911192474089521
2021-06-03,0.0003848541563172324
2021-06-04,0.0006456120358235787
2021-06-07,0.0006812003275933538
2021-06-08,0.008631943216722459
2021-06-09,-0.01020306141002292
2021-06-10,-0.013457978997939669
2021-06-11,0.004377029073298299
2021-06-14,-0.011740636054162356
2021-06-15,0.005876842634860361
2021-06-16,0.005239615402565772
2021-06-17,-0.025074953199214527
2021-06-18,-0.004989640765624019
2021-06-21,0.015451879152341
2021-06-22,0.0008623077748683335
2021-06-23,0.009015749919566668
2021-06-24,0.005212721600691685
2021-06-25,-0.0029114377568281308
2021-06-28,-0.012252459699272725
2021-06-29,0.002099321784570532
2021-06-30,0.00599735176023583
2021-07-01,0.0035659498883830014
2021-07-02,-0.0003474383369184318
2021-07-06,-0.005757520332176486
2021-07-07,-0.0026922033782126463
2021-07-08,-0.003909091070086556
2021-07-09,0.013165739683407156
2021-07-12,0.007310586062652944
2021-07-13,-0.004910786473756708
2021-07-14,-0.008741461446149474
2021-07-15,-0.006852916851101337
2021-07-16,-0.01421843056820854
2021-07-19,-0.0096200106008852
2021-07-20,0.018822022725409535
2021-07-21,0.017146691047246802
2021-07-22,-0.0022928368824471027
2021-07-23,-0.0018654193728607346
2021-07-26,0.006221146714687722
2021-07-27,-0.007031463870839293
2021-07-28,0.006693474381177646
2021-07-29,0.006458546931265461
2021-07-30,-0.0013644538611452353
2021-08-02,0.0029964629033942146
2021-08-03,0.013333966182158498
2021-08-04,0.010259033699832651
2021-08-05,0.008302005769382191
2021-08-06,0.002538677124217562
2021-08-09,0.0014385389118367722
2021-08-10,0.002088717374541048
2021-08-11,-0.00024670928831745965
2021-08-12,0.006227086080819386
2021-08-13,-0.003167836884948611
2021-08-16,-0.0029286485008965498
2021-08-17,-0.01111647083361083
2021-08-18,0.0035985930304194627
2021-08-19,-0.0027809879264807363
2021-08-20,0.004949063806640475
2021-08-23,0.006089334619125539
2021-08-24,0.006259327522622966
2021-08-25,0.009582203876698798
2021-08-26,0.0013321208969601208
2021-08-27,0.00549754329248562
2021-08-30,0.0004312494373022507
2021-08-31,-0.006144649953638461
2021-09-01,-0.004260885878430563
2021-09-02,0.003401323364796262
2021-09-03,0.00402909574478525
2021-09-07,0.004010073483548916
2021-09-08,-0.00825827116380457
2021-09-09,0.006810324415021733
2021-09-10,0.004764429431268914
2021-09-13,-0.003141631986423427
2021-09-14,0.0035167919788862256
2021-09-15,0.010804388420717823
2021-09-16,0.0023797847900970774
2021-09-17,-0.0030377787796506423
2021-09-20,-0.01059219753215421
2021-09-21,0.0058721407779341855
2021-09-22,0.010839184230132443
2021-09-23,0.011735476486522815
2021-09-24,-0.00034749090309709287
2021-09-27,-0.0018139495849085732
2021-09-28,-0.01112474671811713
2021-09-29,-0.007139127133580973
2021-09-30,-0.0004172070382684988
2021-10-01,0.008479890497913305
2021-10-04,-0.0061274551036656225
2021-10-05,0.009655450121475884
2021-10-06,-0.0042578234967125895
2021-10-07,0.00798387638983371
2021-10-08,0.005852683120851339
2021-10-12,0.00409577986477252
2021-10-13,-0.002631876077213477
2021-10-14,0.0015133387337413484
2021-10-15,0.0038438400068250174
2021-10-18,0.011939974571922068
2021-10-19,-0.0020168751518868646
2021-10-20,-0.0013351612094869032
2021-10-21,0.002173230162108457
2021-10-22,0.007510149196782098
2021-10-25,0.0062688760403329285
2021-10-26,-0.0008705001586684332
2021-10-27,-0.00015923058489409822
2021-10-28,0.0054257517863308905
2021-10-29,0.0036464126740453234
2021-11-01,-0.003975019785651299
2021-11-02,0.007371166524947824
2021-11-03,-0.003331246022474945
2021-11-04,0.008984677735239794
2021-11-05,-0.007846485174953162
2021-11-08,0.007226546012027226
2021-11-09,0.000678171793617479
2021-11-10,-0.014937665156835903
2021-11-12,0.0017412875406640563
2021-11-15,-0.0026758530581016274
2021-11-16,0.009271965328062327
2021-11-17,-0.0017039523398190252
2021-11-18,0.011185887921988848
2021-11-19,-0.002829630191847241
2021-11-22,-0.0007837978396964518
2021-11-23,0.001429920374860952
2021-11-24,0.008868575538822818
2021-11-26,-0.010953151561841075
2021-11-29,0.010732583557260223
2021-11-30,-0.001803016435410705
2021-12-01,9.919368158515206e-05
2021-12-02,-0.0022350571939395263
2021-12-03,-0.01249605749984728
2021-12-06,-0.013584100834908196
2021-12-07,0.017225944325124917
2021-12-08,-0.0016082623798297198
2021-12-09,-0.0023190775881360122
2021-12-10,0.012614612329914064
2021-12-13,-0.010081471766784597
2021-12-14,-0.0064722355011563575
2021-12-15,0.010796327262282822
2021-12-16,-0.013078747920588123
2021-12-17,-0.004555855434536007
2021-12-20,-0.0023634438771433716
2021-12-21,0.004747222669701401
2021-12-22,0.009554141824048887
2021-12-23,0.00023202699280363247
2021-12-27,0.013032178125273654
2021-12-28,-0.007573615003966871
2021-12-29,0.001670728873368063
2021-12-30,-0.007434359728218853
2021-12-31,0.0023912481505545765
2022-01-03,-0.0045436600764000405
2022-01-04,0.008726381100201486
2022-01-05,-5.4323091807063906e-05
2022-01-06,0.006377615348834252
2022-01-07,-0.006798042122477352
2022-01-10,0.0019326346612496903
2022-01-11,0.00065852073354517
2022-01-12,0.00816661750597813
2022-01-13,-0.0038985587127946244
2022-01-14,0.0009648646745590123
2022-01-18,0.001537259547192759
2022-01-19,-0.008432674356888424
2022-01-20,-0.0010206488843800144
2022-01-21,0.0005929294690157835
2022-01-24,-3.2422669355757286e-05
2022-01-25,0.006966283127439205
2022-01-26,0.008925405103628225
2022-01-27,-0.0028358025040843473
2022-01-28,-0.003502668618129059
2022-01-31,-0.0057881208055091116
2022-02-01,0.006357199791138024
2022-02-02,0.01554683349060626
2022-02-03,0.014952808002673217
2022-02-04,0.004237727737674392
2022-02-07,0.0048729240657291615
2022-02-08,0.0032654973462476495
2022-02-09,-0.011303541629950058
2022-02-10,0.004641303587296558
2022-02-11,0.011900381670286992
2022-02-14,-0.003818713772903182
2022-02-15,-0.0033307464851110545
2022-02-16,0.004505864783667334
2022-02-17,0.006286687264301118
2022-02-18,0.0026116975872655965
2022-02-22,-0.001579119350282921
2022-02-23,0.005496808031853656
2022-02-24,-0.0211409411279008
2022-02-25,0.010468450385715422
2022-02-28,0.00669743746499999
2022-03-01,0.006262085017083736
2022-03-02,0.0038463551348350486
2022-03-03,0.015101910112402594
2022-03-04,0.019392197143491646
2022-03-07,0.01901073338581434
2022-03-08,-0.0040530194981851135
2022-03-09,-0.014239526023787245
2022-03-10,0.01689370698692661
2022-03-11,0.009330840010693623
2022-03-14,0.003351648269360725
2022-03-15,-0.008707071392474838
2022-03-16,-0.021427847821886274
2022-03-17,0.0011138818941480739
2022-03-18,-0.006206327950147904
2022-03-21,0.020560202714215443
2022-03-22,-0.005870030924173622
2022-03-23,0.016127840580445058
2022-03-24,-8.089081015560072e-05
2022-03-25,0.009035976724734184
2022-03-28,-0.007247454404801431
2022-03-29,-0.01955098719702414
2022-03-30,0.011973557823789617
2022-03-31,0.006289204510420159
2022-04-01,0.005108799818459536
2022-04-04,-0.011747289977394588
2022-04-05,0.013613053308499056
2022-04-06,0.02222220122631259
2022-04-07,0.009704859108608781
2022-04-08,0.008703686563551322
2022-04-11,-0.003482432559196367
2022-04-12,0.010057384823985108
2022-04-13,-0.0029551656577161012
2022-04-14,0.010973572331052079
2022-04-18,0.006051875197469821
2022-04-19,-0.0226646153298444
2022-04-20,0.011446562190346364
2022-04-21,2.4887112125546174e-05
2022-04-22,0.002094933323512037
2022-04-25,-0.011473637019665254
2022-04-26,0.016493738832059138
2022-04-27,0.004027590390289548
2022-04-28,-0.009728752825769448
2022-04-29,-0.0014438850414235996
2022-05-02,-0.01712469847849072
2022-05-03,0.006505212522998685
2022-05-04,-0.006513211552812502
2022-05-05,0.024162102330201066
2022-05-06,0.026942738703440577
2022-05-09,-0.0006026425213124763
2022-05-10,0.0012288605627049148
2022-05-11,0.024397287660030555
2022-05-12,-0.01093826091131962
2022-05-13,-0.015259962566061096
2022-05-16,0.020027590715171812
2022-05-17,-0.016685427479039797
2022-05-18,0.007011824172617698
2022-05-19,-0.009503143259589853
2022-05-20,-0.005035082002344868
2022-05-23,0.007778225747099212
2022-05-24,0.02655725653183439
2022-05-25,-0.008697120798350704
2022-05-26,-0.016414650376512893
2022-05-27,-0.010760097221591533
2022-05-31,-0.005154384717216834
2022-06-01,0.010932680225438543
2022-06-02,-0.024751326972475562
2022-06-03,0.01588322905385303
2022-06-06,0.0031512757756205377
2022-06-07,0.004325086213452093
2022-06-08,-0.0005563059491679699
2022-06-09,0.004130622168433427
2022-06-10,0.020074114028053515
2022-06-13,0.011091332966033617
2022-06-14,0.00026291420563645616
2022-06-15,-0.018072517136732923
2022-06-16,0.015140819703384885
2022-06-17,-0.020246943641964416
2022-06-21,0.0166034447377374
2022-06-22,-0.009088885616932215
2022-06-23,-0.016903091480886933
2022-06-24,-0.013528887790312135
2022-06-27,0.01539414164963504
2022-06-28,0.0176720000522113
2022-06-29,0.00038196036756200057
2022-06-30,0.00833229903473334
2022-07-01,-0.0013441246911765122
2022-07-05,-0.0282002668870547
2022-07-06,0.009026844299361542
2022-07-07,-0.010114471312949572
2022-07-08,0.00842506545807596
2022-07-11,0.015990709478076758
2022-07-12,-0.005650634885219411
2022-07-13,0.002494212335395784
2022-07-14,0.0033441185876325746
2022-07-15,-0.015826791431525187
2022-07-18,-0.004756013397873408
2022-07-19,-0.019274776011520868
2022-07-20,-0.01813444668733353
2022-07-21,-0.011752680325255538
2022-07-22,0.008854851186361114
2022-07-25,0.016245101478299124
2022-07-26,0.012494518122675977
2022-07-27,-0.021265231228945098
2022-07-28,-0.001778520342001719
2022-07-29,0.0033073142390055
2022-08-01,-0.004159498455372905
2022-08-02,0.00445930845297389
2022-08-03,-0.014824066166008476
2022-08-04,-0.0039541531340310555
2022-08-05,0.011362624512169118
2022-08-08,-0.0011125894817941434
2022-08-09,0.02175373864863376
2022-08-10,-0.01902685168740835
2022-08-11,0.0005003442815738257
2022-08-12,-0.0035999466791298874
2022-08-15,0.002810071884357887
2022-08-16,-0.0004804572655237229
2022-08-17,0.016635342858092955
2022-08-18,0.005771456097733589
2022-08-19,0.015381408813444974
2022-08-22,0.016055073348511813
2022-08-23,0.006953170845532965
2022-08-24,0.003045903048402996
2022-08-25,-0.01002873398096772
2022-08-26,0.021042058657463086
2022-08-29,0.00860715428609381
2022-08-30,-0.008009631979793031
2022-08-31,0.001604888840092196
2022-09-01,0.002105129502229257
2022-09-02,0.0048650276221436015
2022-09-06,0.005844373945281103
2022-09-07,-0.007715015885206747
2022-09-08,-0.00539357212038627
2022-09-09,-0.011503181548055649
2022-09-12,-0.0056891207567423396
2022-09-13,0.020880044856672657
2022-09-14,0.008419145482137383
2022-09-15,-0.0038936732995601773
2022-09-16,0.010427945772313155
2022-09-19,0.005671421379783271
2022-09-20,0.01075555850029738
2022-09-21,0.009326233510814606
2022-09-22,0.014040705425085074
2022-09-23,-0.009249276349463022
2022-09-26,0.0013689822506925495
2022-09-27,0.002976202053059729
2022-09-28,-0.003843169278711693
2022-09-29,0.0049815126117867675
2022-09-30,0.0010834168982948658
2022-10-03,0.0012454180844348912
2022-10-04,-0.005296561781527667
2022-10-05,0.007258824747845927
2022-10-06,0.006620904293503224
2022-10-07,0.02076401899758184
2022-10-11,0.010806703263618057
2022-10-12,-0.004191730951379889
2022-10-13,-0.0019232137100031257
2022-10-14,-0.001453310629239854
2022-10-17,-0.014157181885933113
2022-10-18,0.004673399266363738
2022-10-19,0.013225961252730895
2022-10-20,0.00042072112722080397
2022-10-21,0.0005189993842509739
2022-10-24,0.004362443845044951
2022-10-25,-0.020311391930912658
2022-10-26,0.008979052288913592
2022-10-27,0.013096434210738764
2022-10-28,-0.0021017504366359387
2022-10-31,0.00781863894027236
2022-11-01,0.006264179136187771
2022-11-02,0.01445138300200885
2022-11-03,0.023994438702290573
2022-11-04,-0.004310503777893257
2022-11-07,-0.004040537993346192
2022-11-08,-0.0013302971273244802
2022-11-09,0.0005511248153968924
2022-11-10,-0.05402390943379851
2022-11-14,0.015806905474849857
2022-11-15,-0.004849641209546642
2022-11-16,0.019634930683408713
2022-11-17,0.012929231680422787
2022-11-18,0.003257278612350016
2022-11-21,0.005089703048154185
2022-11-22,-0.0007028328482168323
2022-11-23,-0.010736014067485544
2022-11-25,0.002560387580996945
2022-11-28,0.008091551413418066
2022-11-29,-0.001180959782289551
2022-11-30,-0.015830192855252303
2022-12-01,-0.0037934782299991155
2022-12-02,0.010943532867342497
2022-12-05,0.009146744405759145
2022-12-06,0.009675731061216086
2022-12-07,0.004573178826453354
2022-12-08,-0.007926537946927296
2022-12-09,-0.011996926998174368
2022-12-12,0.0007611199857862228
2022-12-13,-0.010895300687019584
2022-12-14,0.010559004211272514
2022-12-15,0.012552612632455537
2022-12-16,0.009468710166450898
2022-12-19,0.009098318683796121
2022-12-20,0.006002026266687241
2022-12-21,-0.00199121987344447
2022-12-22,0.002032359626812129
2022-12-23,0.0031074358430739895
2022-12-27,0.006055406745675437
2022-12-28,0.00034301812561709187
2022-12-29,-0.020333165572813942
2022-12-30,0.0031796197790027
2023-01-03,-0.010892284373864934
2023-01-04,-0.01510576817993155
2023-01-05,0.014494904405138922
2023-01-06,-0.004035343199112522
2023-01-09,-0.010180473921211467
2023-01-10,0.00018851998882869585
2023-01-11,-0.009148380084823167
2023-01-12,-0.0015688293890208337
2023-01-13,0.004305095212124438
2023-01-17,-0.005981458131365636
2023-01-18,0.0006551778648075084
2023-01-19,0.0007516738255678567
2023-01-20,-0.013704116502960308
2023-01-23,-0.012732491573355056
2023-01-24,0.009691877713407156
2023-01-25,-0.0020661099632266543
2023-01-26,-0.001130193158006965
2023-01-27,-0.013846835778566323
2023-01-30,0.005583131349773316
2023-01-31,-0.006379758319397251
2023-02-01,-0.005348487847095729
2023-02-02,-0.02222387099812471
2023-02-03,0.013550364968098198
2023-02-06,0.004888603446814554
2023-02-07,0.004281486572856135
2023-02-08,0.004153337827644748
2023-02-09,0.008129177587511055
2023-02-10,0.0035603583474850833
2023-02-13,0.002061272391212326
2023-02-14,0.002692842762294043
2023-02-15,-0.002528430276879675
2023-02-16,0.002187537209445258
2023-02-17,-0.004131217339681732
2023-02-21,0.005822927339374163
2023-02-22,-0.003004126340197404
2023-02-23,0.004428037102005244
2023-02-24,0.00635733724879327
2023-02-27,0.002575220339321992
2023-02-28,0.0007224791391394658
2023-03-01,0.007062546194115423
2023-03-02,0.004180698123454214
2023-03-03,0.0009051436927286112
2023-03-06,0.004842439549200363
2023-03-07,0.01141090121558857
2023-03-08,0.0004331051773253684
2023-03-09,0.012272931623775307
2023-03-10,0.008897342666397128
2023-03-13,0.010904160816651513
2023-03-14,0.008360609383819991
2023-03-15,-0.009467508281535609
2023-03-16,0.004079002723693248
2023-03-17,0.006573643034092988
2023-03-20,0.0026758519109437093
2023-03-21,-0.00425330351308259
2023-03-22,0.013226941951440346
2023-03-23,0.009378717469164827
2023-03-24,-0.00800969346646822
2023-03-27,-0.0015221133295863108
2023-03-28,0.0012092638109314155
2023-03-29,-0.00804786504593484
2023-03-30,0.00048081072445565424
2023-03-31,-0.0004513290851151097
2023-04-03,0.0037469274496257443
2023-04-04,-0.0014310454210744675
2023-04-05,-0.0038769083861930373
2023-04-06,-0.006415748032168614
2023-04-10,-6.557980651719468e-05
2023-04-11,-0.006108733048454162
2023-04-12,0.007904665406919208
2023-04-13,0.001970984212471322
2023-04-14,0.00686533717292496
2023-04-17,-0.010713395484532748
2023-04-18,0.006962361676535565
2023-04-19,-0.002115689581097694
2023-04-20,0.014249541770663976
2023-04-21,0.003971329019275871
2023-04-24,0.0006428485689182475
2023-04-25,0.003833741557393038
2023-04-26,0.003876103400769341
2023-04-27,-0.006003443505774985
2023-04-28,-0.005766905084252417
2023-05-01,0.010117275658991344
2023-05-02,0.020058850920538458
2023-05-03,0.0012767089233540205
2023-05-04,0.007478791556144982
2023-05-05,-0.008962566308578748
2023-05-08,0.005372076442073521
2023-05-09,0.004581607328852314
2023-05-10,0.009333134626030241
2023-05-11,0.008697980573464938
2023-05-12,0.005792235349420055
2023-05-15,-0.008932935718314352
2023-05-16,0.015478691212284235
2023-05-17,-0.012406945192713046
2023-05-18,0.005154748753387764
2023-05-19,0.0013495269221589887
2023-05-22,-0.013250008649776308
2023-05-23,-0.01594487678433818
2023-05-24,0.010635073899746066
2023-05-25,0.01722362400801046
2023-05-26,0.0008547484827861425
2023-05-30,-0.0014511846246608394
2023-05-31,0.0038025865279734472
2023-06-01,0.006221968520278008
2023-06-02,-0.006525705990306968
2023-06-05,0.0036766064987767085
2023-06-06,-0.004511477527995898
2023-06-07,-0.016864210115098026
2023-06-08,0.00917436800125435
2023-06-09,0.006487152780956374
2023-06-12,0.0121854132826621
2023-06-13,0.0007950529925760119
2023-06-14,0.010404485257637541
2023-06-15,-0.00429300490465457
2023-06-16,-0.003972454271921103
2023-06-20,0.007269832658597138
2023-06-21,0.0009589172437147825
2023-06-22,0.010992627098478102
2023-06-23,0.0038688308923540086
2023-06-26,-0.011588467560597102
2023-06-27,0.010681057723610454
2023-06-28,0.0052820127534610895
2023-06-29,-0.0034531490402928237
2023-06-30,0.005310270977516112
2023-07-03,-0.01163597523115247
2023-07-05,-0.003952301521074903
2023-07-06,-0.0006838719563849009
2023-07-07,-0.0009442867699742942
2023-07-10,0.014418052495111423
2023-07-11,-0.009154838619736705
2023-07-12,0.0019021699257967912
2023-07-13,0.0028060198116908464
2023-07-14,0.008866652076097156
2023-07-17,0.013797775990535721
2023-07-18,-0.0012354779284618226
2023-07-19,-0.0197525390686113
2023-07-20,-0.015589539702263316
2023-07-21,-0.006920611333828198
2023-07-24,-0.005427152955447774
2023-07-25,0.007961756791808213
2023-07-26,-0.011181831823027564
2023-07-27,0.0038030545025662093
2023-07-28,0.004436055770241811
2023-07-31,0.002248708412344865
2023-08-01,0.007441320240124284
2023-08-02,-0.007178106383733639
2023-08-03,0.010057516017671657
2023-08-04,0.004628206190143361
2023-08-07,0.007615542901623709
2023-08-08,0.005450128633641758
2023-08-09,-0.004487836059577371
2023-08-10,0.0030556530686463843
2023-08-11,-0.0032895914963293046
2023-08-14,0.01449520218472122
2023-08-15,0.006226075481693766
2023-08-16,-0.00222324242645228
2023-08-17,-0.010319110673864446
2023-08-18,-0.00031236358005752194
2023-08-21,0.010796283864072078
2023-08-22,0.005523936462680706
2023-08-23,0.008176862172704762
2023-08-24,-0.0081461956097875
2023-08-25,0.0047604493069599504
2023-08-28,0.003283275602055551
2023-08-29,0.007073116108684704
2023-08-30,0.0035948601513388764
2023-08-31,0.008707022759728213
2023-09-01,0.011139486742573632
2023-09-05,0.002161680869933796
2023-09-06,0.007167855693480956
2023-09-07,0.005651545996073683
2023-09-08,-9.500444326151353e-07
2023-09-11,0.002512942370242762
2023-09-12,-0.006927526934642835
2023-09-13,-0.00021623186968195741
2023-09-14,-0.0059955416382344
2023-09-15,-0.008877351605076375
2023-09-18,0.010256239634224748
2023-09-19,-0.0008045173165135532
2023-09-20,-0.002064193025754846
2023-09-21,0.00018198947844285523
2023-09-22,0.00878090569367747
2023-09-25,0.003295194715069601
2023-09-26,-0.0003310833362616533
2023-09-27,0.009989127787451417
2023-09-28,0.006680270890726051
2023-09-29,-0.008360688648117499
2023-10-02,0.013685879486064043
2023-10-03,-0.0015775577746425708
2023-10-04,0.008890573256909324
2023-10-05,0.006670916869878214
2023-10-06,0.007711694874128689
2023-10-10,-0.0040778829921250355
2023-10-11,0.010414599161205703
2023-10-12,0.012326299541754213
2023-10-13,-0.008815379082666813
2023-10-16,-0.004165755307199048
2023-10-17,-0.0038321252702672916
2023-10-18,0.0026916863695100844
2023-10-19,0.0011096452228766384
2023-10-20,-0.003150854036416262
2023-10-23,0.004947240210114525
2023-10-24,0.002042578856488235
2023-10-25,-0.007101084280103108
2023-10-26,-0.013066935781284867
2023-10-27,0.012795272117437704
2023-10-30,0.003893842981481984
2023-10-31,-0.0015702476751633821
2023-11-01,0.018575712000795244
2023-11-02,-0.010343870156741854
2023-11-03,-0.007516017859580254
2023-11-06,0.012067687244947882
2023-11-07,0.00721359716164437
2023-11-08,0.0083580408166349
2023-11-09,0.011067585659454239
2023-11-10,0.007789951158745553
2023-11-13,0.005629730881572537
2023-11-14,-0.021882492625022017
2023-11-15,-0.015662213842241004
2023-11-16,0.008449096994541449
2023-11-17,-0.001836200678478758
2023-11-20,0.003983564933323176
2023-11-21,0.0024081722160250634
2023-11-22,-1.8031549994098825e-05
2023-11-24,-0.002666606198260805
2023-11-27,0.006821219806470331
2023-11-28,-0.00876451456919616
2023-11-29,-0.005864984946210083
2023-11-30,0.003668666783733907
2023-12-01,-0.00902217532324517
2023-12-04,-0.004524715035157473
2023-12-05,0.007463581436656145
2023-12-06,-0.010231709034114085
2023-12-07,0.004615365700039696
2023-12-08,0.004946789022118116
2023-12-11,0.00438822229970564
2023-12-12,0.00932928291162324
2023-12-13,-0.01675367947742977
2023-12-14,-0.008466814503926164
2023-12-15,0.00989699956146855
2023-12-18,0.006416955453140267
2023-12-19,-0.005419126450205007
2023-12-20,0.0010721817004240956
2023-12-21,0.002511511399009946
2023-12-22,-0.0019823200511696996
2023-12-26,-0.0007725829129484035
2023-12-27,0.002078993644297472
2023-12-28,-0.0025552764703974974
2023-12-29,0.0013678090651637292
2024-01-02,-0.02087455200041651
2024-01-03,0.0027968252042672795
2024-01-04,0.0028223929705637847
2024-01-05,0.0005026218641504948
2024-01-08,0.008941751166034545
2024-01-09,0.006577617767538382
2024-01-10,0.010268213646679928
2024-01-11,0.01179207603548001
2024-01-12,0.002937385196594677
2024-01-16,0.010174081751690954
2024-01-17,0.006038759795730252
2024-01-18,0.010654760136023135
2024-01-19,0.010725478474527783
2024-01-22,0.006134037638827121
2024-01-23,-0.008237557861702972
2024-01-24,0.011474090390792339
2024-01-25,-0.0009657772179123628
2024-01-26,-0.00533855479109642
2024-01-29,0.0042441104761643915
2024-01-30,0.0028260450105580407
2024-01-31,-0.001544247372698846
2024-02-01,0.0031277435831898806
2024-02-02,0.019166756387928675
2024-02-05,0.013496042754244734
2024-02-06,-0.009313135427706464
2024-02-07,0.011425043174253904
2024-02-08,0.009149846926164017
2024-02-09,0.006533101089522923
2024-02-12,-0.012431244118893242
2024-02-13,0.009814936040456444
2024-02-14,0.008139283204997422
2024-02-15,-0.009245953821124368
2024-02-16,-0.003442900919663415
2024-02-20,-0.003043722725332012
2024-02-21,-0.008275244380633963
2024-02-22,0.02201888299351666
2024-02-23,0.0021744328923220223
2024-02-26,0.014883010741287197
2024-02-27,-0.003430659338449305
2024-02-28,0.0026664684534498497
2024-02-29,0.0003192474019970779
2024-03-01,0.012850938062959016
2024-03-04,0.0019110731119324213
2024-03-05,-0.0012268101734172372
2024-03-06,-0.0015084773611272664
2024-03-07,0.002440871022416409
2024-03-08,-0.010724653534118535
2024-03-11,-0.016896064082778592
2024-03-12,0.01618029162216195
2024-03-13,-0.0019450548631958363
2024-03-14,0.005423293858472629
2024-03-15,-0.00380081222467566
2024-03-18,0.0013630552524781245
2024-03-19,0.0017403960328123916
2024-03-20,0.005967989653513541
2024-03-21,0.009412384047848787
2024-03-22,0.0016024945695569167
2024-03-25,-0.0024088840884420155
2024-03-26,0.005600979829797027
2024-03-27,-0.013267741274117251
2024-03-28,-0.003241910787873512
2024-04-01,0.00500937466687288
2024-04-02,0.0025130667673197177
2024-04-03,0.010181801284150027
2024-04-04,-0.00679726556874832
2024-04-05,0.013039921257442123
2024-04-08,-0.0028731858641612893
2024-04-09,-0.016262795089482498
2024-04-10,0.009264675105188741
2024-04-11,0.006570686796940702
2024-04-12,0.0006638498509252272
2024-04-15,-0.0025656351388838265
2024-04-16,0.006354638192554598
2024-04-17,-0.009683461937248297
2024-04-18,-0.005910818301520161
2024-04-19,-0.013991738502861513
2024-04-22,0.003845772953892542
2024-04-23,0.008397499736520694
2024-04-24,-0.003313274237114606
2024-04-25,0.001910521447636994
2024-04-26,0.006651111764431146
2024-04-29,-0.0089351798755513
2024-04-30,-0.0030309670274914387
2024-05-01,-0.0014919834188076922
2024-05-02,0.0011331067498425718
2024-05-03,0.005967415499003279
2024-05-06,0.011816795505212625
2024-05-07,-0.004871264461416452
2024-05-08,0.00544863214675079
2024-05-09,0.001150359650497177
2024-05-10,0.002307007379372601
2024-05-13,-0.010513775889474794
2024-05-14,0.004011554639284376
2024-05-15,0.008422862653676944
2024-05-16,-0.00975838334471852
2024-05-17,0.0055775402630956865
2024-05-20,0.005375595201547308
2024-05-21,0.007294942811254456
2024-05-22,-0.0028334161985062553
2024-05-23,0.012467937002066637
2024-05-24,0.010922329135313925
2024-05-28,0.004539240535221941
2024-05-29,0.004371340873210262
2024-05-30,-0.002077287718586189
2024-05-31,-0.01057657773804193
2024-06-03,-0.0016504393125842494
2024-06-04,-0.00020907376754522242
2024-06-05,0.014522181902149165
2024-06-06,-0.0035332135995542868
2024-06-07,0.0010846219194083095
2024-06-10,0.010732556042582905
2024-06-11,0.000675206670001728
2024-06-12,0.008542362222046268
2024-06-13,0.004956444226046808
2024-06-14,-0.0007132979802929214
2024-06-17,0.00542952485284546
2024-06-18,0.011052583408262363
2024-06-20,-0.006968056826500202
2024-06-21,-0.007658605900460493
2024-06-24,-0.002752202702170944
2024-06-25,0.010354230893745804
2024-06-26,-0.004434392062772312
2024-06-27,-0.0009814076617716528
2024-06-28,-0.0016843815151591536
2024-07-01,0.007730123375732651
2024-07-02,0.002012464086123652
2024-07-03,0.002643086696894104
2024-07-05,0.0003171701405605174
2024-07-08,0.005541347841568449
2024-07-09,0.0061517859167642365
2024-07-10,0.0006958034515794354
2024-07-11,-0.01505920513813171
2024-07-12,-0.0024124159717639456
2024-07-15,0.002385270918351546
2024-07-16,-0.007728760679949617
2024-07-17,-0.01982635132910157
2024-07-18,0.007406835318822531
2024-07-19,0.002871786433589595
2024-07-22,0.011691448732063079
2024-07-23,0.007050744415018604
2024-07-24,-0.009002846234048649
2024-07-25,-0.00860456854553476
2024-07-26,0.003568665012643515
2024-07-29,-0.001997711074937779
2024-07-30,-0.012766549305435014
2024-07-31,0.009843911861065716
2024-08-01,0.0050461600974706314
2024-08-02,0.0007709341797919322
2024-08-05,0.0020714102209210827
2024-08-06,0.007488609248490659
2024-08-07,0.00222327309811844
2024-08-08,0.008596274851734805
2024-08-09,0.0069996248162001486
2024-08-12,0.007122737415608804
2024-08-13,-0.0021602410680010547
2024-08-14,0.008420462886196457
2024-08-15,-0.007513071114361185
2024-08-16,-0.0008796948472761571
2024-08-19,0.0007062970919711094
2024-08-20,0.0024949544029820754
2024-08-21,-5.3542647660172193e-05
2024-08-22,0.0029093175657944163
2024-08-23,-0.0002464760908505396
2024-08-26,-0.001692788994452097
2024-08-27,0.007395762032764743
2024-08-28,0.004177236280552906
2024-08-29,0.0003001108408589074
2024-08-30,0.005940604920557533
2024-09-03,-0.001984890261124769
2024-09-04,0.007780428252463931
2024-09-05,0.0035758427862066997
2024-09-06,-0.0015855901774708726
2024-09-09,0.005400817825111915
2024-09-10,0.0071048599417472035
2024-09-11,0.004071372712071771
2024-09-12,0.00198260572362045
2024-09-13,-0.0028909360323917162
2024-09-16,0.00198216004165683
2024-09-17,-0.006755649199146327
2024-09-18,-0.0018462047123312818
2024-09-19,-0.0016052289390738154
2024-09-20,0.009726453741326985
2024-09-23,0.0012203915499420783
2024-09-24,-0.0019230418697965832
2024-09-25,0.006774445515081012
2024-09-26,-0.012434368905833796
2024-09-27,-0.010715508490434051
2024-09-30,0.00783080603393082
2024-10-01,-0.0001934578453268842
2024-10-02,0.006881735495813748
2024-10-03,0.00024551524739300015
2024-10-04,0.002455343905313329
2024-10-07,0.0022619701655808367
2024-10-08,0.009530592339273138
2024-10-09,0.001398361336792886
2024-10-10,-0.004767275503583416
2024-10-11,0.0065461320568106695
2024-10-15,0.0047384428873691944
2024-10-16,0.0035738423113817735
2024-10-17,0.0024809807882194596
2024-10-18,0.002156151626021487
2024-10-21,0.003077517549138457
2024-10-22,0.0009431776741772513
2024-10-23,0.005426841593426251
2024-10-24,-0.003388425699766739
2024-10-25,-0.005249120993054291
2024-10-28,0.0010689339605109288
