Date,BAB
2016-01-06,-0.020287340371984836
2016-01-07,-0.02017948212700412
2016-01-08,-0.009023236241630605
2016-01-11,-0.00926042852050732
2016-01-12,0.001620238125370906
2016-01-13,-0.023081407696596837
2016-01-14,0.014486003946242977
2016-01-15,-0.01601130566032742
2016-01-19,-0.01685384030702019
2016-01-20,0.0034246553488850168
2016-01-21,0.008630553489300669
2016-01-22,0.008612364706483178
2016-01-25,-0.018840037626836295
2016-01-26,0.007930565072980372
2016-01-27,-0.00901467633002967
2016-01-28,-0.002393484511285103
2016-01-29,0.0162319436277396
2016-02-01,-0.009525453349745116
2016-02-02,-0.028968330855168162
2016-02-03,0.005937304143908397
2016-02-04,0.016095398642691525
2016-02-05,-0.0282821103648525
2016-02-08,-0.030020283519810655
2016-02-09,-0.0032626002850988543
2016-02-10,0.0052706304815223195
2016-02-11,-0.00740294080129205
2016-02-12,0.01934319288268886
2016-02-16,0.019520560280578268
2016-02-17,0.021372235071818
2016-02-18,-0.014438738123210938
2016-02-19,5.9606338091303026e-05
2016-02-22,0.018161896717543376
2016-02-23,-0.021319498273118517
2016-02-24,0.005721404381518101
2016-02-25,-0.003534329656617395
2016-02-26,0.018974354977965
2016-02-29,-0.0017752643231115656
2016-03-01,0.0204236424394603
2016-03-02,0.009294473324731892
2016-03-03,0.0060501488073235075
2016-03-04,0.004544953253138824
2016-03-07,0.007309821966231584
2016-03-08,-0.028133357780989174
2016-03-09,0.0020417880734901073
2016-03-10,-0.0025768152608998127
2016-03-11,0.019461403820515966
2016-03-14,-0.001524270863587203
2016-03-15,-0.011012288491228659
2016-03-16,0.00967330145027306
2016-03-17,0.0028532671140208228
2016-03-18,0.011645445306174977
2016-03-21,0.0013022618901682944
2016-03-22,0.0033591285901416502
2016-03-23,-0.018447636488669927
2016-03-24,0.0006268105972679283
2016-03-28,-0.003821541436652668
2016-03-29,-0.0006374355314083518
2016-03-30,0.0031842458152241595
2016-03-31,0.001835189516921917
2016-04-01,-0.0018087534337846043
2016-04-04,-0.007010832775297841
2016-04-05,-0.002731321475976836
2016-04-06,0.01118896540871496
2016-04-07,-0.009174629204015029
2016-04-08,0.0023899657106373176
2016-04-11,0.0022231680561269444
2016-04-12,0.004206380817485991
2016-04-13,0.024232498850805258
2016-04-14,0.002854462436012505
2016-04-15,-0.008376166894862005
2016-04-18,0.003728025936421117
2016-04-19,0.004555440701283961
2016-04-20,0.01899386268677604
2016-04-21,0.013195192233209516
2016-04-22,0.0037930300947931015
2016-04-25,-0.013587773227267105
2016-04-26,0.008866006127365367
2016-04-27,0.00218087373423107
2016-04-28,-0.012326690067442279
2016-04-29,-0.010315702758254816
2016-05-02,-0.0006785036953977155
2016-05-03,-0.01617550137257822
2016-05-04,-0.017516422770155117
2016-05-05,-5.896888822438126e-05
2016-05-06,0.0009650657690377274
2016-05-09,-0.01237921463177834
2016-05-10,0.009463604721352537
2016-05-11,0.0017085200962553091
2016-05-12,-0.011228106719453127
2016-05-13,-0.0006660754650720177
2016-05-16,0.0070057224749367035
2016-05-17,0.011071782865341315
2016-05-18,0.01533119133392526
2016-05-19,-0.00776020836691356
2016-05-20,0.011009049156560188
2016-05-23,0.004669718919297447
2016-05-24,0.007670367066109398
2016-05-25,0.011663132459280452
2016-05-26,-0.007752221141414056
2016-05-27,0.003239615207218262
2016-05-31,-0.0009183969838171017
2016-06-01,0.000799936237461372
2016-06-02,0.0035320092631855008
2016-06-03,-0.014254695574574986
2016-06-06,0.013759180780000976
2016-06-07,0.002753935505154521
2016-06-08,-0.004038374048500345
2016-06-09,-0.013829125537281661
2016-06-10,-0.017563897231101508
2016-06-13,-0.003401482625467027
2016-06-14,-0.009499087324468237
2016-06-15,0.00554851210802663
2016-06-16,-0.006595643928988902
2016-06-17,0.006188148381622549
2016-06-20,0.008561241100269568
2016-06-21,-0.0010965026882497361
2016-06-22,-0.004182012488975046
2016-06-23,0.017561094439642537
2016-06-24,-0.04950786030934286
2016-06-27,-0.04396776213266494
2016-06-28,0.017050704837621847
2016-06-29,0.01339297821076207
2016-06-30,-0.0025080800430097826
2016-07-01,0.0015929864768051045
2016-07-05,-0.026689024649425075
2016-07-06,0.0062735854858922985
2016-07-07,0.011853598966262842
2016-07-08,0.013600367485529534
2016-07-11,0.008491486556559553
2016-07-12,0.024282210763732926
2016-07-13,-0.006626913171791756
2016-07-14,0.010953645560331736
2016-07-15,0.0020055563980536932
2016-07-18,0.0061065673872846525
2016-07-19,-0.007585338349189059
2016-07-20,0.008379217568010976
2016-07-21,-0.006140614507833067
2016-07-22,-0.0009876696670410032
2016-07-25,0.002083941717505073
2016-07-26,0.013905406561355785
2016-07-27,0.004309974422137321
2016-07-28,-0.004188386432291018
2016-07-29,-0.0036279056959098457
2016-08-01,-0.007856887316170912
2016-08-02,-0.004936136702869801
2016-08-03,0.017531795647103787
2016-08-04,-0.0029606825565320133
2016-08-05,0.016596264150649846
2016-08-08,0.004259736980799398
2016-08-09,-0.0012283574859588958
2016-08-10,-0.0077704092975127165
2016-08-11,0.008534195753674523
2016-08-12,-0.0026228768252060395
2016-08-15,0.015653017406243752
2016-08-16,0.004986901123332208
2016-08-17,-0.0055326324452004815
2016-08-18,0.004081238238121369
2016-08-19,0.005184918392836056
2016-08-22,-0.003178952943463455
2016-08-23,0.01071166662724532
2016-08-24,-0.007257949516119159
2016-08-25,0.005562329121094653
2016-08-26,0.00901130427766975
2016-08-29,-0.0012456866019038915
2016-08-30,0.009362317761078758
2016-08-31,-0.005754528771185179
2016-09-01,0.00013093127739705865
2016-09-02,-0.0013584155222344553
2016-09-06,-0.0034366190058792807
2016-09-07,0.0061355884948314805
2016-09-08,0.0028400269737762908
2016-09-09,-0.001929625578595235
2016-09-12,0.00414858385819117
2016-09-13,-0.005729602864524072
2016-09-14,-0.0012761468481982216
2016-09-15,0.005364253950889139
2016-09-16,-0.00366468404233161
2016-09-19,-0.0004206834256726762
2016-09-20,-0.0024968441968849296
2016-09-21,0.003035461030150975
2016-09-22,0.0004739758680555855
2016-09-23,-0.004632269573683432
2016-09-26,-0.006524484822999405
2016-09-27,0.0075864033442675505
2016-09-28,0.010366820285240093
2016-09-29,-0.0009621183968579559
2016-09-30,0.0088217368401372
2016-10-03,0.007332270703747133
2016-10-04,0.008083121525121013
2016-10-05,0.013878388510718506
2016-10-06,-0.0025826887227507443
2016-10-07,-0.00756032708555379
2016-10-11,-0.008426482550849336
2016-10-12,-0.008270026569044166
2016-10-13,-0.012039848664646144
2016-10-14,0.0012617985910982343
2016-10-17,-0.004236195544342521
2016-10-18,0.006866304412909295
2016-10-19,0.012466052344293469
2016-10-20,0.004911366250286893
2016-10-21,0.0006312334520789584
2016-10-24,0.0024126438286429406
2016-10-25,-0.00667946090211734
2016-10-26,0.006441455628906627
2016-10-27,0.006976567942588666
2016-10-28,-0.0043291986070960456
2016-10-31,-0.0066618526033824736
2016-11-01,0.004715692863571356
2016-11-02,-0.013693795362958571
2016-11-03,-0.0008056981162330688
2016-11-04,0.006386202847074156
2016-11-07,0.011135202937095363
2016-11-08,-0.004624416367308459
2016-11-09,0.028958631321943505
2016-11-10,0.018143854394214693
2016-11-14,0.007491313170747917
2016-11-15,0.004479107660887565
2016-11-16,-0.00468192195169955
2016-11-17,0.008197207647999376
2016-11-18,0.001658409368321769
2016-11-21,0.006556303870657252
2016-11-22,-0.007920628040687204
2016-11-23,0.007632445229813958
2016-11-25,-0.005459578546295067
2016-11-28,-0.013630367073069811
2016-11-29,-0.00700296980010685
2016-11-30,0.02263026735755708
2016-12-01,-0.0019690875270042263
2016-12-02,-0.005180147996295946
2016-12-05,0.011393126289596102
2016-12-06,0.008621743671517402
2016-12-07,0.0063421533298743255
2016-12-08,0.0048379681374200465
2016-12-09,-0.007470032597374221
2016-12-12,-0.01290544461317573
2016-12-13,-0.0009541877788921032
2016-12-14,0.003304795438851458
2016-12-15,0.0032182424413518713
2016-12-16,-0.010420189262284378
2016-12-19,-0.0019832793267951336
2016-12-20,0.006187356273006332
2016-12-21,0.0009958239996853376
2016-12-22,-0.004886888458001645
2016-12-23,0.0021679991138455574
2016-12-27,0.004854380055053653
2016-12-28,-0.007659801186727891
2016-12-29,-0.008814420341416126
2016-12-30,-0.002013533099993201
2017-01-03,0.011955876246695286
2017-01-04,0.010025364958625542
2017-01-05,-0.006464599241051531
2017-01-06,0.003357300661954594
2017-01-09,0.004149757998178514
2017-01-10,0.006516862484158436
2017-01-11,0.006071795352686658
2017-01-12,-0.006667451572921016
2017-01-13,0.007288597023901811
2017-01-17,-0.018536995276829362
2017-01-18,0.004726287289378223
2017-01-19,0.0012871702851456968
2017-01-20,0.0036254629024273966
2017-01-23,-0.0020792461717632446
2017-01-24,0.014383673045817984
2017-01-25,0.009615945313063538
2017-01-26,-0.002397083849047134
2017-01-27,0.0014171248889745277
2017-01-30,-0.009499467148953734
2017-01-31,-0.00652438653919283
2017-02-01,0.011263796604874525
2017-02-02,-0.00718411092876805
2017-02-03,0.009675031199576637
2017-02-06,0.0008751171195660406
2017-02-07,-0.005170895832249771
2017-02-08,-0.00606312424040616
2017-02-09,0.007921529973570922
2017-02-10,0.0032023470607850857
2017-02-13,0.004538736716927936
2017-02-14,0.0048282034405168215
2017-02-15,0.0024104815436877276
2017-02-16,-0.009033654451173902
2017-02-17,0.0004120434855704072
2017-02-21,0.000588806139095629
2017-02-22,-0.00472369599309763
2017-02-23,-0.006865851943511946
2017-02-24,-0.00937526055705562
2017-02-27,0.008694009693021131
2017-02-28,-0.006236302043220936
2017-03-01,0.02013452426568261
2017-03-02,-0.01252390145112555
2017-03-03,0.004977991239241961
2017-03-06,-0.0017943769594392107
2017-03-07,-0.0031439005852744095
2017-03-08,0.0043050393166550235
2017-03-09,-6.475713506245702e-05
2017-03-10,0.0013727239936139348
2017-03-13,0.0031061562703069627
2017-03-14,-0.00480080913136746
2017-03-15,-0.00034000710484848734
2017-03-16,0.004992129963864527
2017-03-17,-0.006877260437306234
2017-03-20,-0.0007255914360938453
2017-03-21,-0.023706129513391495
2017-03-22,0.0008656255757856987
2017-03-23,0.0004109487161844226
2017-03-24,-0.0006012984398338993
2017-03-27,1.565531786998234e-05
2017-03-28,0.008756542995072784
2017-03-29,0.004045061832439699
2017-03-30,0.006309455993998622
2017-03-31,-0.0011180444089611955
2017-04-03,-0.005072841840274285
2017-04-04,-5.3958217633151085e-06
2017-04-05,-0.007570671632145831
2017-04-06,0.00624611455055233
2017-04-07,0.0008112217598472255
2017-04-10,-0.0027946733513512794
2017-04-11,-0.001256647548213446
2017-04-12,-0.012510701596203657
2017-04-13,-0.006265051369256349
2017-04-17,0.003949931160692839
2017-04-18,-0.00637864262326697
2017-04-19,0.0016521533522459648
2017-04-20,0.011869577424207453
2017-04-21,-0.005314057861561983
2017-04-24,0.0134051151044477
2017-04-25,0.006368621218800139
2017-04-26,0.0065044748259764935
2017-04-27,0.0016561917964534676
2017-04-28,-0.0035819238784454968
2017-05-01,0.007405849984457116
2017-05-02,-0.003082218138815276
2017-05-03,2.524813986721358e-05
2017-05-04,-0.004067410237317028
2017-05-05,0.002004006563263149
2017-05-08,1.2456697754691364e-05
2017-05-09,0.00435976375342678
2017-05-10,0.0019735471676801705
2017-05-11,-0.002451527451982089
2017-05-12,-0.003396538801955455
2017-05-15,0.008650170044343156
2017-05-16,0.01044140579094994
2017-05-17,-0.029420975263560023
2017-05-18,0.000598056152984913
2017-05-19,0.009109582145989753
2017-05-22,0.0002553201819536291
2017-05-23,0.0023952278404380106
2017-05-24,-0.0014817795698606252
2017-05-25,-0.0054355176607666054
2017-05-26,5.5842991294127985e-05
2017-05-30,-0.003252939937133652
2017-05-31,-0.00626883955431823
2017-06-01,0.0033515914153806068
2017-06-02,-0.001477868236512801
2017-06-05,0.00031622428192522355
2017-06-06,0.001123294876026035
2017-06-07,-0.0018291978686214862
2017-06-08,0.015575472898694206
2017-06-09,-0.002839114376653907
2017-06-12,-0.002227569397818673
2017-06-13,0.005167284388477397
2017-06-14,-0.010284164315345245
2017-06-15,-0.0050446189387179695
2017-06-16,0.0048586646543053455
2017-06-19,0.009664715912016791
2017-06-20,-0.00690435672081661
2017-06-21,0.0019986241141769865
2017-06-22,0.0028947029893745466
2017-06-23,0.0039679458024428115
2017-06-26,-0.0029494800448900942
2017-06-27,-0.003789859731393264
2017-06-28,0.013142602029656553
2017-06-29,0.0023055594236665736
2017-06-30,0.0012667596643221738
2017-07-03,0.0030830117312819994
2017-07-05,0.007823235048425931
2017-07-06,-0.000749707315513647
2017-07-07,0.0050041758232796645
2017-07-10,0.010824764257342901
2017-07-11,0.003751050868389907
2017-07-12,0.00385724489499328
2017-07-13,0.0027921501741882265
2017-07-14,0.0007702592863715234
2017-07-17,-0.002311872959775834
2017-07-18,-0.00057721183138688
2017-07-19,0.007380843624378104
2017-07-20,-0.0029328810166324324
2017-07-21,-0.00445191852864341
2017-07-24,0.006537921894113409
2017-07-25,0.00527585758499367
2017-07-26,-0.0036249788936942254
2017-07-27,-0.013062903543195246
2017-07-28,0.000516666187565417
2017-07-31,-0.0038227718452558857
2017-08-01,-0.002909925777496023
2017-08-02,-0.0010604936255299855
2017-08-03,-0.0036774693005282985
2017-08-04,0.009406762349275734
2017-08-07,0.002682888641212053
2017-08-08,-0.002130973995025637
2017-08-09,-0.004049826369252877
2017-08-10,-0.018185128880508224
2017-08-11,0.0027632587338725983
2017-08-14,0.007144480201810244
2017-08-15,0.00014344398011873925
2017-08-16,-0.00229004377770155
2017-08-17,-0.014679152937085624
2017-08-18,0.0024133168093789592
2017-08-21,-0.0061032210476385735
2017-08-22,0.011188301564001494
2017-08-23,-0.0017770287897119568
2017-08-24,0.0068897399851252355
2017-08-25,-0.0021027241564032365
2017-08-28,0.0016699766509096037
2017-08-29,-0.0002916358739292086
2017-08-30,0.010927864136424058
2017-08-31,0.004254477161377911
2017-09-01,0.005333815559546692
2017-09-05,-0.012473617823915109
2017-09-06,0.000850171783167035
2017-09-07,-0.004332608872422836
2017-09-08,-0.0034672009879964387
2017-09-11,0.008711057006945251
2017-09-12,0.009856401733039864
2017-09-13,0.0012552698069095846
2017-09-14,-0.00373848718804991
2017-09-15,0.0018653927132867378
2017-09-18,0.010949919218500831
2017-09-19,0.00872568677195435
2017-09-20,0.004804906696698077
2017-09-21,0.0038702328469830015
2017-09-22,0.005948730797706261
2017-09-25,-0.012348292675198116
2017-09-26,-0.00019395450507661387
2017-09-27,0.017525278496486458
2017-09-28,-0.0028927568521189763
2017-09-29,0.003494248464688973
2017-10-02,0.003891282003054046
2017-10-03,0.004662746784659796
2017-10-04,-0.002758363030151907
2017-10-05,0.004589141272298907
2017-10-06,0.004478058653927365
2017-10-10,-0.0037450811978093257
2017-10-11,-0.0013849145404730679
2017-10-12,-0.0029853191341222907
2017-10-13,0.0029296297494094807
2017-10-16,0.004750131366914824
2017-10-17,-0.0059151465294222634
2017-10-18,0.00373235995636221
2017-10-19,-0.005482295784791798
2017-10-20,0.007205295397022376
2017-10-23,-0.004297063235042881
2017-10-24,0.007992440774851874
2017-10-25,-0.006849595237731522
2017-10-26,0.008968329957501228
2017-10-27,0.010231160258636412
2017-10-30,-0.001064011767829812
2017-10-31,0.00027364991356974714
2017-11-01,-0.0016509982860319972
2017-11-02,-0.0026592684441719056
2017-11-03,0.008306566568184777
2017-11-06,0.007254221851053075
2017-11-07,-0.01051724416516419
2017-11-08,-0.002984895230889262
2017-11-09,-0.010354635376464728
2017-11-10,-0.0009143541569104816
2017-11-13,-0.0015426391848081989
2017-11-14,-0.005783170111382316
2017-11-15,0.003084418987965804
2017-11-16,0.006358255513911544
2017-11-17,0.0004525211630544008
2017-11-20,0.005823643978107813
2017-11-21,0.004071724591885545
2017-11-22,-0.001261695048186871
2017-11-24,0.0016247238571532323
2017-11-27,-0.005626407813610616
2017-11-28,0.006711457189833961
2017-11-29,-0.017198326950358892
2017-11-30,0.0029326875661401935
2017-12-01,-0.005995642910482367
2017-12-04,-0.008565247488972897
2017-12-05,0.0015001597484653158
2017-12-06,-0.000992456103016444
2017-12-07,0.012996011445595916
2017-12-08,0.0039841040542690845
2017-12-11,-0.0015325069358268124
2017-12-12,0.0020478971542082667
2017-12-13,-0.0024113160888286434
2017-12-14,-0.0036397754166953627
2017-12-15,0.003966794864547148
2017-12-18,0.013532305745357893
2017-12-19,0.004795573894634591
2017-12-20,0.007602288913837879
2017-12-21,0.005625722325629691
2017-12-22,-0.0030111755297069992
2017-12-26,-0.0021727991008898663
2017-12-27,-0.000556764314967356
2017-12-28,4.604595564331685e-05
2017-12-29,-0.005220272106546199
2018-01-02,0.016936760501611116
2018-01-03,0.008912349120262704
2018-01-04,0.007995212274496406
2018-01-05,0.0038540278642971524
2018-01-08,0.003046604955335327
2018-01-09,0.0034974822790652463
2018-01-10,0.008276866761318646
2018-01-11,0.013748404887063068
2018-01-12,0.008671655015000694
2018-01-16,-0.009940927302220666
2018-01-17,0.0027436971276296324
2018-01-18,0.0015885625174387374
2018-01-19,0.0020378198694372502
2018-01-22,0.002426127529564336
2018-01-23,0.0014919868135305084
2018-01-24,-0.0029350336745520896
2018-01-25,-0.00825422052590526
2018-01-26,0.01192201257400153
2018-01-29,0.0016196866387919642
2018-01-30,-0.011800531767785763
2018-01-31,-0.0037523249275520187
2018-02-01,0.009124370115412688
2018-02-02,-0.01279694277860272
2018-02-05,-0.01756470456311304
2018-02-06,0.020849049647361048
2018-02-07,-0.004968622135871386
2018-02-08,-0.022421379726567204
2018-02-09,0.0036307314755666675
2018-02-12,0.011998022534315828
2018-02-13,-0.0003244345320064495
2018-02-14,0.021759658945712627
2018-02-15,-0.003431743386042513
2018-02-16,-0.005127088085109463
2018-02-20,0.011552623254008758
2018-02-21,0.004133404062245496
2018-02-22,-0.00380391735113015
2018-02-23,0.0031120686331384123
2018-02-26,0.007123593935398902
2018-02-27,0.0016173394317941184
2018-02-28,-0.004987841584195416
2018-03-01,-0.008346209013674676
2018-03-02,0.005150241156111561
2018-03-05,-0.0009595924381013178
2018-03-06,0.006089773104523138
2018-03-07,0.006025454087793328
2018-03-08,-0.003165855631046686
2018-03-09,0.013220481600019708
2018-03-12,-0.0031482345534142478
2018-03-13,-0.007159993640467599
2018-03-14,-0.0034815624253049238
2018-03-15,-0.0005025943977097404
2018-03-16,-0.0016354832932213652
2018-03-19,-0.007177108754840562
2018-03-20,0.00654696946997152
2018-03-21,0.008920419128178751
2018-03-22,-0.02438233415177502
2018-03-23,-0.015114386224384173
2018-03-26,0.018376213079473548
2018-03-27,-0.029271378525150955
2018-03-28,-0.016402246760957816
2018-03-29,0.012997168117567693
2018-04-02,-0.013348509097057279
2018-04-03,0.005280402066952359
2018-04-04,0.0033028429020567924
2018-04-05,0.003789871992239976
2018-04-06,-0.018875524353776534
2018-04-09,0.002060808835711891
2018-04-10,0.021506639700063744
2018-04-11,-0.004296122134556218
2018-04-12,0.017987522711572924
2018-04-13,-0.010189795087180233
2018-04-16,-0.000970097462048191
2018-04-17,0.007602631132292361
2018-04-18,0.008576585986395475
2018-04-19,0.0008930026245639756
2018-04-20,0.0012540479994481435
2018-04-23,-0.005566327807094654
2018-04-24,-0.018867099000009727
2018-04-25,-0.00026866620629493836
2018-04-26,0.007199707597640368
2018-04-27,-0.00848236329778733
2018-04-30,-0.004298858169452005
2018-05-01,0.0037860537772047426
2018-05-02,0.001867716095355433
2018-05-03,-0.0028080418855563356
2018-05-04,0.0068263652279079295
2018-05-07,0.006410470895725862
2018-05-08,0.013214036497647817
2018-05-09,0.010145086985698033
2018-05-10,0.0025233163625349208
2018-05-11,-0.0003444848362099712
2018-05-14,0.0045290807807808545
2018-05-15,0.0007886262569720415
2018-05-16,0.007303547160546949
2018-05-17,0.004643757117286015
2018-05-18,0.001648347883070645
2018-05-21,0.0007770146962905039
2018-05-22,-0.002019163706514445
2018-05-23,-0.003466143962159423
2018-05-24,-0.002261708071704826
2018-05-25,-0.005739625265275262
2018-05-29,-0.010158229911709261
2018-05-30,0.0020764673304812225
2018-05-31,-0.001538366354341401
2018-06-01,0.015364336137559217
2018-06-04,-0.0005462924773201932
2018-06-05,0.005772204715401669
2018-06-06,0.013065313990297287
2018-06-07,-0.007799569482207754
2018-06-08,-0.0017721849506717223
2018-06-11,-0.0012421210363229036
2018-06-12,-0.001704311804152403
2018-06-13,0.004299648494872296
2018-06-14,-0.002918094059030832
2018-06-15,-0.007786887190776201
2018-06-18,0.0024469489877131947
2018-06-19,-0.010901473799817816
2018-06-20,0.0015352545318750117
2018-06-21,-0.009632742093157782
2018-06-22,-0.010477661239177486
2018-06-25,-0.022364457105726963
2018-06-26,0.002354720960571024
2018-06-27,-0.01051944493566784
2018-06-28,0.0008657823758880627
2018-06-29,0.003749596371756139
2018-07-02,0.006452166399238422
2018-07-03,-0.011517190569851073
2018-07-05,0.0008752936437680294
2018-07-06,0.004456411028892557
2018-07-09,0.021725673222835393
2018-07-10,-0.003989463493406638
2018-07-11,-0.011676110115141287
2018-07-12,0.00878052911713139
2018-07-13,-0.0015481614805941209
2018-07-16,0.0017180726738945666
2018-07-17,0.007043115375819822
2018-07-18,0.010593182299038845
2018-07-19,-0.010400136375112865
2018-07-20,-0.000251334244949236
2018-07-23,0.003602177226156372
2018-07-24,0.0019712328222964257
2018-07-25,0.004507604152561599
2018-07-26,-0.006700909602682687
2018-07-27,-0.006769922206088187
2018-07-30,-0.009591003779390674
2018-07-31,-0.0011128052972165618
2018-08-01,-0.002725179397085758
2018-08-02,0.004473015014802783
2018-08-03,-0.005900180216285695
2018-08-06,0.003435326739525239
2018-08-07,0.008348504470995987
2018-08-08,0.0016724982001306188
2018-08-09,-0.005072966177533483
2018-08-10,-0.005513774056605487
2018-08-13,-0.005165093695539482
2018-08-14,0.0024452497883022057
2018-08-15,-0.01436292217987148
2018-08-16,-0.0012511350618070634
2018-08-17,-0.005777708140596421
2018-08-20,0.002203856909445594
2018-08-21,0.010910998109383322
2018-08-22,0.006791772340966359
2018-08-23,-0.002501239605415627
2018-08-24,0.008635354652164768
2018-08-27,0.011177021227335188
2018-08-28,0.001216483054070797
2018-08-29,0.0015752588488520737
2018-08-30,-0.0042601944037402644
2018-08-31,-0.0013851145685971993
2018-09-04,-0.0015296464069791274
2018-09-05,-0.013211484124943749
2018-09-06,-0.009181127882837582
2018-09-07,-0.0001280998959483767
2018-09-10,0.002717389907674788
2018-09-11,0.0023832695640345412
2018-09-12,-0.0007971728207724384
2018-09-13,0.0015705774144761896
2018-09-14,0.00739463761242926
2018-09-17,-0.009954186057562358
2018-09-18,0.0066625527004497975
2018-09-19,0.012398930442426733
2018-09-20,0.004167380231672691
2018-09-21,-0.005359294478907199
2018-09-24,0.006280895149490805
2018-09-25,0.0009613376405738306
2018-09-26,-0.00016444256212761604
2018-09-27,0.001614705803114218
2018-09-28,-0.010752246618939847
2018-10-01,0.00651344614342313
2018-10-02,-0.005795128976678467
2018-10-03,0.010646711638461499
2018-10-04,-0.015167069375450115
2018-10-05,-0.018195167431206968
2018-10-09,-0.005119586869434616
2018-10-10,-0.027134673112475555
2018-10-11,0.006202110355595109
2018-10-12,0.01435808472483395
2018-10-15,-0.014058942664727157
2018-10-16,0.01306412477188348
2018-10-17,-0.0007795948083289715
2018-10-18,-0.019802961425271673
2018-10-19,-0.017100678139426756
2018-10-22,0.005580386998553598
2018-10-23,-0.0076059460557399575
2018-10-24,-0.04593222754886349
2018-10-25,0.028049255099908882
2018-10-26,-0.006668079317924413
2018-10-29,-0.020759755174969665
2018-10-30,0.011100473505648854
2018-10-31,0.024852324723527403
2018-11-01,0.019700581395465357
2018-11-02,-0.00317019739019489
2018-11-05,-0.011732469055247097
2018-11-06,0.0021448776599341073
2018-11-07,0.015326683521485748
2018-11-08,-0.005694848514308181
2018-11-09,-0.021306632632187007
2018-11-13,0.0019264770844287845
2018-11-14,0.0011259568488961131
2018-11-15,0.02241554051787877
2018-11-16,-0.011608687923522102
2018-11-19,-0.031642554444844415
2018-11-20,-0.004241686697176474
2018-11-21,0.01807055537507786
2018-11-23,-0.00516204875250635
2018-11-26,0.01826617329945132
2018-11-27,-0.0067988019466318625
2018-11-28,0.02214681584138677
2018-11-29,-0.0048921333103182415
2018-11-30,0.003872838161453722
2018-12-03,0.01756539368562062
2018-12-04,-0.029836151815835665
2018-12-06,-0.0032200894984311924
2018-12-07,-0.022169007176346123
2018-12-10,0.003675836800483591
2018-12-11,-0.003010690605017443
2018-12-12,0.013877036184078106
2018-12-13,-0.011611070168051343
2018-12-14,-0.009229103916896419
2018-12-17,0.0011129291088114932
2018-12-18,0.008585748845282282
2018-12-19,-0.017693264803703
2018-12-20,-0.00497698956603496
2018-12-21,-0.011664663713829196
2018-12-24,0.004764977565450159
2018-12-26,0.029948750968463902
2018-12-27,0.0042291315473987874
2018-12-28,-0.0027190856324100184
2018-12-31,0.004809889171555575
2019-01-02,0.012388581786662831
2019-01-03,-0.0300372610262949
2019-01-04,0.029308937140440548
2019-01-07,0.013116988041072144
2019-01-08,0.0025534759203275116
2019-01-09,0.01627683958158839
2019-01-10,-0.002535042189907433
2019-01-11,0.00037340715122726516
2019-01-14,0.0026424266841934014
2019-01-15,0.0032935426268926246
2019-01-16,0.0024895190825597177
2019-01-17,0.0034278778341520844
2019-01-18,0.008491845572962963
2019-01-22,-0.017448625758001556
2019-01-23,-0.008779923912838388
2019-01-24,0.008371828906608316
2019-01-25,0.018679456081689427
2019-01-28,-0.012822760934166294
2019-01-29,-0.008938442243134117
2019-01-30,0.01527536142924851
2019-01-31,-0.0005546167167118886
2019-02-01,0.0075018667685119575
2019-02-04,0.002901413892553331
2019-02-05,0.0038845979031949516
2019-02-06,0.005239781220280018
2019-02-07,-0.02155582982827842
2019-02-08,2.4700690918757866e-05
2019-02-11,0.002466829303443488
2019-02-12,0.01389210603857165
2019-02-13,0.0036169370947002864
2019-02-14,0.0037360734425700296
2019-02-15,0.003108966129792976
2019-02-19,-0.0011186108445149375
2019-02-20,0.004230666706989111
2019-02-21,-0.008467887180821138
2019-02-22,0.009164005185140274
2019-02-25,0.009150409682189269
2019-02-26,-0.001968485476248926
2019-02-27,-0.0003124425065742665
2019-02-28,-0.009654533082446994
2019-03-01,0.007035414472672265
2019-03-04,-0.006894188886005561
2019-03-05,-0.004831863596161166
2019-03-06,-0.00843506152770188
2019-03-07,-0.006518372073130474
2019-03-08,-0.002730758106704487
2019-03-11,0.009913984351382795
2019-03-12,0.0010382358383439934
2019-03-13,0.004216010471969043
2019-03-14,-0.000473413501054227
2019-03-15,0.0031564896938787957
2019-03-18,0.0035435649535244707
2019-03-19,0.008530228188099238
2019-03-20,0.0002835751389339918
2019-03-21,0.005399647331167292
2019-03-22,-0.029337740846724778
2019-03-25,-0.004244955022161493
2019-03-26,0.0004869926392221443
2019-03-27,-0.006489043961924004
2019-03-28,0.004324690422087727
2019-03-29,0.006767752317137471
2019-04-01,0.020334847975619796
2019-04-02,0.00054300485775698
2019-04-03,0.008344130034607409
2019-04-04,-0.004145603293266069
2019-04-05,0.0017256905546962319
2019-04-08,0.004485098616223775
2019-04-09,-0.005638569847458352
2019-04-10,0.006449909846256273
2019-04-11,-0.002585078543728276
2019-04-12,0.0020448084571725485
2019-04-15,-0.004555208599747456
2019-04-16,0.009240943702069314
2019-04-17,-0.004678482725815043
2019-04-18,0.0014713151414965267
2019-04-22,0.004011862677388362
2019-04-23,0.0021227471623719582
2019-04-24,-0.004698294563362801
2019-04-25,-0.00453901984009491
2019-04-26,-0.001581203371297045
2019-04-29,0.0032161725602889426
2019-04-30,-0.01145060890954896
2019-05-01,-0.002113566898350197
2019-05-02,0.00043682657409030673
2019-05-03,0.007965662948703784
2019-05-06,-0.004830881414887722
2019-05-07,-0.014242146072890033
2019-05-08,0.001397528426697492
2019-05-09,-0.003936351317632601
2019-05-10,-0.009329026655369815
2019-05-13,-0.033888756805261655
2019-05-14,0.014706506160752052
2019-05-15,0.0025885415625113047
2019-05-16,0.00514577381601733
2019-05-17,-0.01673954523084745
2019-05-20,-0.010902730633565928
2019-05-21,0.01145695942361536
2019-05-22,-0.01076014662118917
2019-05-23,-0.021125842310788186
2019-05-24,0.004365147098679199
2019-05-28,0.0066678679997908595
2019-05-29,0.0017055414378593066
2019-05-30,-0.002933038819919795
2019-05-31,-0.016294659877467782
2019-06-03,-0.017946613736773042
2019-06-04,0.03019972398199697
2019-06-05,-0.009939004434528656
2019-06-06,0.00042947820219648315
2019-06-07,0.007599554708005464
2019-06-10,0.015299890531148358
2019-06-11,-0.0006359319770774183
2019-06-12,-0.012409673321457315
2019-06-13,0.0075919190440217055
2019-06-14,-0.013983350801506419
2019-06-17,0.00456281954794403
2019-06-18,0.019784405991446798
2019-06-19,0.0019220369686895541
2019-06-20,0.007785791369410456
2019-06-21,0.0012127994975399733
2019-06-24,-0.004415256618282632
2019-06-25,-0.007510994846643633
2019-06-26,0.02552172246878462
2019-06-27,0.006240660158402706
2019-06-28,0.00368088348636144
2019-07-01,0.010267280998035387
2019-07-02,-0.013740117999527865
2019-07-03,-0.005086009082595028
2019-07-05,0.0015639088116344308
2019-07-08,-0.00807798091348991
2019-07-09,0.0035016043569553925
2019-07-10,0.0002854051481454055
2019-07-11,0.006180151102915423
2019-07-12,0.008674682018643786
2019-07-15,-0.0008331792466983208
2019-07-16,-0.0015753744360599738
2019-07-17,-0.006288184811135377
2019-07-18,-0.002020897655380618
2019-07-19,0.007304270026379577
2019-07-22,0.007662335585776008
2019-07-23,0.007371528260539021
2019-07-24,0.01533684334568134
2019-07-25,-0.0160599633691556
2019-07-26,0.001204119583069315
2019-07-29,-0.006125359975903476
2019-07-30,0.005266394770985335
2019-07-31,-0.004651313054728223
2019-08-01,-0.01897427671063782
2019-08-02,-0.021292164085428694
2019-08-05,-0.01867372888977
2019-08-06,0.007172632758863904
2019-08-07,-0.006053975343814149
2019-08-08,0.014355569133026262
2019-08-09,-0.010681479091702207
2019-08-12,-0.012728380321266811
2019-08-13,0.012899068146178952
2019-08-14,-0.018717192438533727
2019-08-15,-0.013755750502270063
2019-08-16,0.010968821785795595
2019-08-19,0.007419724348755909
2019-08-20,0.0013014232207722706
2019-08-21,0.005612306934741204
2019-08-22,-0.005632387239429597
2019-08-23,-0.014624412241998674
2019-08-26,-0.0007433291099193193
2019-08-27,-0.0012138113917364909
2019-08-28,0.0022947258989825386
2019-08-29,0.012993835501502793
2019-08-30,0.0011509269298890339
2019-09-03,-0.020189916014151398
2019-09-04,0.005502538226495232
2019-09-05,0.02878701192732174
2019-09-06,-0.0027775154584365742
2019-09-09,0.006481099003264585
2019-09-10,0.010189870392046009
2019-09-11,0.004806161215911044
2019-09-12,-0.001017114219833144
2019-09-13,0.008638992579619002
2019-09-16,0.004910154758926094
2019-09-17,-0.01018694084096227
2019-09-18,-0.004358770786890018
2019-09-19,-0.001652580139768472
2019-09-20,-0.006437236364457865
2019-09-23,0.002104062407719424
2019-09-24,-0.01584185772565243
2019-09-25,0.011018593423211508
2019-09-26,-0.008043670199536012
2019-09-27,-0.00962587066762786
2019-09-30,0.0017519861573316413
2019-10-01,-0.010823136957993893
2019-10-02,-0.004060679347146837
2019-10-03,0.005878755296749075
2019-10-04,-0.0029948892540954883
2019-10-07,0.0009739736556892854
2019-10-08,-0.014687817790238391
2019-10-09,0.009516952710966899
2019-10-10,0.0039466092598921
2019-10-11,0.022686045802474145
2019-10-15,0.012046767780441236
2019-10-16,-0.009028358596324202
2019-10-17,-0.000688706299339069
2019-10-18,-0.009246391817761235
2019-10-21,0.007686356714825695
2019-10-22,-0.0014895612817166556
2019-10-23,0.0012775484183364235
2019-10-24,0.011106249654679629
2019-10-25,0.015092011647631466
2019-10-28,0.015123110853122582
2019-10-29,-0.004515173943814683
2019-10-30,-0.003247223479970121
2019-10-31,-0.007774571161166899
2019-11-01,0.021038850032123864
2019-11-04,0.020943371461348278
2019-11-05,0.002934130114784616
2019-11-06,-0.011549953696772908
2019-11-07,0.019009062087610266
2019-11-08,0.004334524661621703
2019-11-12,0.0009472639408765649
2019-11-13,-0.012350624147268958
2019-11-14,-0.0002368923643892341
2019-11-15,0.0077248667971286334
2019-11-18,-0.0038544915679775064
2019-11-19,0.002032668354538419
2019-11-20,-0.006036356552489792
2019-11-21,0.00438990888221256
2019-11-22,0.0008867582518910803
2019-11-25,0.014513573174931758
2019-11-26,-0.007516853162475748
2019-11-27,0.0025359350383378854
2019-11-29,-0.0033934215859439346
2019-12-02,-0.005557986070692729
2019-12-03,-0.013113381831319517
2019-12-04,0.003238722965804259
2019-12-05,0.00020263264947407186
2019-12-06,0.012672356530972132
2019-12-09,-0.0031276712421941895
2019-12-10,0.0009112718944668251
2019-12-11,0.007188894809963848
2019-12-12,0.02175433979637799
2019-12-13,-0.0061086472421179195
2019-12-16,0.005876647291437134
2019-12-17,0.00283362874301935
2019-12-18,-0.001867448808497997
2019-12-19,0.0018753143827287622
2019-12-20,-0.0005404886736190759
2019-12-23,0.00989511641406315
2019-12-24,-0.0010353363475180239
2019-12-26,0.00264855213853747
2019-12-27,-0.005271986987538887
2019-12-30,-0.0054348124479276895
2019-12-31,-0.00043458907375407054
2020-01-02,0.02183527223966543
2020-01-03,-0.015950262353574333
2020-01-06,-0.0011427240796006307
2020-01-07,0.010444792455607317
2020-01-08,0.0029221420342778275
2020-01-09,0.0015456147713187318
2020-01-10,-0.0075118674006358355
2020-01-13,0.00717109655513179
2020-01-14,-0.0009451441777202312
2020-01-15,-0.012137391094519882
2020-01-16,0.006273818134974885
2020-01-17,-0.0012286831175138692
2020-01-21,-0.013032676527524274
2020-01-22,0.0003269742997985065
2020-01-23,-0.0012676637551861723
2020-01-24,-0.010678021614368831
2020-01-27,-0.023416816646343878
2020-01-28,0.008942773453585646
2020-01-29,0.0007561389959894887
2020-01-30,-0.0013855457746645293
2020-01-31,-0.012607044925587448
2020-02-03,0.0058638685709192714
2020-02-04,0.024245571732478464
2020-02-05,0.007717807562746229
2020-02-06,-0.0020282039188243748
2020-02-07,-0.011962907730466538
2020-02-10,0.0010504390279242092
2020-02-11,0.00814328945506419
2020-02-12,0.011703537867561458
2020-02-13,-0.00734191025745763
2020-02-14,-0.008144688129227452
2020-02-18,-0.005836809574624519
2020-02-19,0.017997742716319664
2020-02-20,-0.006933359632099884
2020-02-21,-0.01941541834704084
2020-02-24,-0.03078614706742566
2020-02-25,-0.019759919383012258
2020-02-26,-0.004496270766247073
2020-02-27,-0.0034083265001945834
2020-02-28,0.024824404693700102
2020-03-02,-0.00502294913474019
2020-03-03,-0.01820116302865089
2020-03-04,-0.008022012191104815
2020-03-05,-0.026931768414590704
2020-03-06,-0.029854985698348595
2020-03-09,-0.08275047405308768
2020-03-10,0.03844859086807613
2020-03-11,-0.026852917653240355
2020-03-12,-0.051084342615449904
2020-03-13,0.05464068324885256
2020-03-16,-0.09110544833621115
2020-03-17,-0.03281472170727588
2020-03-18,-0.07849798964580301
2020-03-19,0.06463136562297217
2020-03-20,0.00805389150944491
2020-03-23,-0.0012577964948098652
2020-03-24,0.09665852097333402
2020-03-25,0.04392339124133394
2020-03-26,0.0027652300256486087
2020-03-27,-0.036111176824783
2020-03-30,-0.013953746838227747
2020-03-31,0.00020443694605945528
2020-04-01,-0.048313744650725
2020-04-02,-0.005402338111719184
2020-04-03,-0.01418170500510716
2020-04-06,0.05853870767303393
2020-04-07,0.021525786166365832
2020-04-08,0.03088121321671312
2020-04-09,0.01566819401861699
2020-04-13,-0.014860251002888517
2020-04-14,-0.020307614877949246
2020-04-15,-0.03533873198232959
2020-04-16,-0.03316541599718839
2020-04-17,0.04509563979645007
2020-04-20,-0.011182517458172012
2020-04-21,-0.010598617953754774
2020-04-22,0.01057019238157119
2020-04-23,0.0145021570986048
2020-04-24,0.006730403188986218
2020-04-27,0.023711043658155753
2020-04-28,0.027750639001701043
2020-04-29,0.05577020850333643
2020-04-30,-0.02385406651580108
2020-05-01,-0.034720763158027954
2020-05-04,-0.0019865451493690754
2020-05-05,-0.012158473756544622
2020-05-06,-0.010629527427071829
2020-05-07,0.021243759427983438
2020-05-08,0.026430340921423462
2020-05-11,-0.026032582435011522
2020-05-12,-0.015288547837071977
2020-05-13,-0.03137316739934519
2020-05-14,0.019439407747343138
2020-05-15,-0.00705966346038852
2020-05-18,0.05946333136998175
2020-05-19,-0.006441541905063276
2020-05-20,0.02364462803626499
2020-05-21,0.0037733758481317825
2020-05-22,-0.004171666496942887
2020-05-26,0.04497372795219586
2020-05-27,0.01429356837399038
2020-05-28,-0.03213783670121807
2020-05-29,-0.021279377182471193
2020-06-01,0.0182146768530781
2020-06-02,0.013161929830646058
2020-06-03,0.04156813673460885
2020-06-04,0.022125170148611338
2020-06-05,0.037311143632036206
2020-06-08,0.016776363262893966
2020-06-09,-0.020263449897053407
2020-06-10,-0.03220742954809832
2020-06-11,-0.046560782885340546
2020-06-12,0.034154334735893424
2020-06-15,0.006065328480569249
2020-06-16,0.008831797967636397
2020-06-17,-0.018849963600806846
2020-06-18,0.0009242816313842435
2020-06-19,-0.012727243840589451
2020-06-22,-0.0021721095172763105
2020-06-23,0.008206424648655695
2020-06-24,-0.02834965589012768
2020-06-25,0.009353234094720945
2020-06-26,-0.022359887396690193
2020-06-29,0.01269236954656957
2020-06-30,0.005115819971544706
2020-07-01,-0.017644831250421263
2020-07-02,0.0003556827403567034
2020-07-06,0.0055100007181096144
2020-07-07,-0.02599843712235884
2020-07-08,0.0058767509108451355
2020-07-09,-0.023500559700367362
2020-07-10,0.015705996017066022
2020-07-13,0.0051600212746069135
2020-07-14,-0.002282896241761742
2020-07-15,0.02296622175217405
2020-07-16,-0.006863438129015771
2020-07-17,-0.011868245317319844
2020-07-20,-0.010222118833145628
2020-07-21,0.018689538012859407
2020-07-22,-0.001081621659474682
2020-07-23,0.00018931775521734443
2020-07-24,-0.004529178819972003
2020-07-27,-0.005787914817658205
2020-07-28,-0.006374718030444655
2020-07-29,0.015621600127762262
2020-07-30,-0.010852250704475208
2020-07-31,-0.010738261526559035
2020-08-03,0.00011303661604915218
2020-08-04,0.0001695667846931528
2020-08-05,0.015118131629685084
2020-08-06,0.00245415353572719
2020-08-07,0.005437084472129989
2020-08-10,0.02519085360476108
2020-08-11,0.013506061973882745
2020-08-12,-0.007644279502692695
2020-08-13,-0.009347681799541874
2020-08-14,0.005920688494623168
2020-08-17,-0.010994005251027667
2020-08-18,-0.012366406037353478
2020-08-19,-0.0004056622918500938
2020-08-20,-0.010266132880397575
2020-08-21,-0.0024424523062181332
2020-08-24,0.021522426279787874
2020-08-25,-0.0020339352647511964
2020-08-26,-0.009960180932201104
2020-08-27,0.012326173944619476
2020-08-28,0.01392598494061452
2020-08-31,-0.02047442346215462
2020-09-01,0.009963098172021328
2020-09-02,0.0006214445301226633
2020-09-03,0.00420202557061343
2020-09-04,0.010283806457660843
2020-09-08,-0.01330297339290807
2020-09-09,-0.007642331654369353
2020-09-10,-0.0009055736430313415
2020-09-11,0.0009827396377007228
2020-09-14,0.016550107873705838
2020-09-15,-0.0036422141157546268
2020-09-16,0.015700456163784196
2020-09-17,0.00017120259964111158
2020-09-18,-0.0050316471063376
2020-09-21,-0.024673354660467932
2020-09-22,-0.008309062006002371
2020-09-23,-0.010868520224775077
2020-09-24,0.0015651592197496811
2020-09-25,0.00024155793559205684
2020-09-28,0.013347469468024623
2020-09-29,-0.00962853452579331
2020-09-30,0.0007093018036422238
2020-10-01,0.0018718804035334226
2020-10-02,0.01209376145320908
2020-10-05,0.007895358044681888
2020-10-06,-0.003396786818042596
2020-10-07,0.005601258857276607
2020-10-08,0.013413306645441447
2020-10-09,-0.011513360250564821
2020-10-13,-0.014597635802320255
2020-10-14,0.0030184750922040947
2020-10-15,0.00919853928907595
2020-10-16,-0.006380352212466465
2020-10-19,-0.00047991500245963756
2020-10-20,0.011475196526211576
2020-10-21,-0.004605771085595369
2020-10-22,0.019471173151797024
2020-10-23,0.0010020781410756728
2020-10-26,-0.020496208515352693
2020-10-27,-0.01697604388761249
2020-10-28,-0.005409158570626325
2020-10-29,0.0224937847145562
2020-10-30,0.005634370165683812
2020-11-02,0.013806054703522627
2020-11-03,0.006240092880037587
2020-11-04,-0.011260695885531287
2020-11-05,0.016656311361364917
2020-11-06,-0.013777286774908564
2020-11-09,0.10317680734689114
2020-11-10,-0.005373945743242646
2020-11-12,-0.012695825698263774
2020-11-13,0.01900285963828623
2020-11-16,0.025327427096929117
2020-11-17,0.006690600513111972
2020-11-18,0.003595556267710803
2020-11-19,0.0026900814678270553
2020-11-20,-0.004623821688001089
2020-11-23,0.02995205164619207
2020-11-24,0.027533430375932855
2020-11-25,-0.009084684713964251
2020-11-27,-0.007359770541510718
2020-11-30,-0.022102995049855138
2020-12-01,0.00695415264300276
2020-12-02,0.015720808056056298
2020-12-03,0.00987932066418368
2020-12-04,0.018851353879361266
2020-12-07,-0.008144096744285598
2020-12-08,-0.002685300995174166
2020-12-09,0.001998616932152264
2020-12-10,0.007472947305871836
2020-12-11,-0.00951272354178582
2020-12-14,-0.008827779828130738
2020-12-15,0.010738674608487538
2020-12-16,-0.002156814593847696
2020-12-17,-0.0040384639129836435
2020-12-18,-0.009256201618673974
2020-12-21,0.002177712237279186
2020-12-22,-0.004177135418203847
2020-12-23,0.013593847698336952
2020-12-24,-0.0025972453757868745
2020-12-28,0.0010220018782348592
2020-12-29,-0.004906326274277891
2020-12-30,0.012639433161301438
2020-12-31,-0.00244726997227149
2021-01-04,-0.004998945261273584
2021-01-05,0.014998558734057792
2021-01-06,0.020880420338630804
2021-01-07,0.00837241667521616
2021-01-08,-0.006036798961421041
2021-01-11,0.004172658191555401
2021-01-12,0.016733254924613257
2021-01-13,-0.005894948633920528
2021-01-14,0.015223807925054619
2021-01-15,-0.01588809911315545
2021-01-19,0.007562288919062428
2021-01-20,-0.0057404625528487425
2021-01-21,-0.007721085440913287
2021-01-22,-0.006427116650540212
2021-01-25,-0.015131680065156012
2021-01-26,-0.012289403517279822
2021-01-27,-0.01651041920837131
2021-01-28,0.023752120578592845
2021-01-29,-0.01370993500809923
2021-02-01,0.011000529811153003
2021-02-02,0.014342465527568645
2021-02-03,0.0152429575414865
2021-02-04,0.015465479117917616
2021-02-05,0.0007743790748650694
2021-02-08,0.015621578028552312
2021-02-09,-0.005161539115447716
2021-02-10,0.005736999741453546
2021-02-11,0.007787322035089101
2021-02-12,0.00552190651520441
2021-02-16,0.01939248098790547
2021-02-17,-0.005277994597577377
2021-02-18,-0.010053238216004692
2021-02-19,0.029245171261206987
2021-02-22,0.012996946089122968
2021-02-23,0.006556700936179541
2021-02-24,0.025184972317849656
2021-02-25,-0.023471746459747776
2021-02-26,0.005575970262564681
2021-03-01,0.012536722602026092
2021-03-02,-0.007210214571069738
2021-03-03,0.005527759031502285
2021-03-04,-0.012228044234170149
2021-03-05,0.004978810796077704
2021-03-08,-0.006928642292562839
2021-03-09,-0.0012095757909571857
2021-03-10,0.006223766546878559
2021-03-11,0.014427983079813153
2021-03-12,-0.0025903561031632083
2021-03-15,-0.0023942152394062863
2021-03-16,-0.015625882621991175
2021-03-17,0.015646239710485794
2021-03-18,-0.020632676044024013
2021-03-19,-0.002713921091496738
2021-03-22,-0.012833833598053675
2021-03-23,-0.027066556436660925
2021-03-24,0.00342275885272274
2021-03-25,0.011717200377122797
2021-03-26,0.010412258187814051
2021-03-29,-0.025784175349102746
2021-03-30,0.02078572559606437
2021-03-31,0.002822771466435509
2021-04-01,0.016875254630534235
2021-04-05,-0.0025821741364303033
2021-04-06,-0.0009286871074694231
2021-04-07,-0.0005467084616754504
2021-04-08,0.004960536224813518
2021-04-09,0.0019064852524079382
2021-04-12,-0.00279247082813428
2021-04-13,-0.0075733394133680795
2021-04-14,0.008588261542126068
2021-04-15,-0.008467391147462918
2021-04-16,-0.003688549006212298
2021-04-19,-0.0072485641651089915
2021-04-20,-0.027703601140581506
2021-04-21,0.016559919483803594
2021-04-22,-0.0051825924667601875
2021-04-23,0.018091063658960918
2021-04-26,0.016662733340870484
2021-04-27,0.007813390167463281
2021-04-28,0.007744013255996107
2021-04-29,-0.002802162614468263
2021-04-30,-0.016554847570303587
2021-05-03,-0.005963632652159473
2021-05-04,-0.008840609668345163
2021-05-05,0.00987458965174609
2021-05-06,-0.004620744548682982
2021-05-07,0.011490063435449695
2021-05-10,-0.02388727578185005
2021-05-11,0.0013173060345656878
2021-05-12,-0.014828548498123068
2021-05-13,-0.0006504636987940387
2021-05-14,0.021532749542051456
2021-05-17,0.001821209649881948
2021-05-18,-0.0073494468348536115
2021-05-19,5.9825331377715094e-05
2021-05-20,0.002669647075489657
2021-05-21,-0.000900153277621796
2021-05-24,0.012804376146763635
2021-05-25,0.00047500035453271455
2021-05-26,0.009127373447094415
2021-05-27,0.009060609951965769
2021-05-28,-0.0016720863485348656
2021-06-01,0.010229107178605833
2021-06-02,-0.006243924271458724
2021-06-03,-0.011172153183976392
2021-06-04,0.008388152824402001
2021-06-07,-0.00036958974187272604
2021-06-08,0.008564059297159112
2021-06-09,-0.007062912678980679
2021-06-10,-0.0020268271309306822
2021-06-11,0.003934515724128766
2021-06-14,0.00096272775735093
2021-06-15,0.0002889593716192574
2021-06-16,0.005581728052331112
2021-06-17,-0.005125648176041565
2021-06-18,0.0010171439002401826
2021-06-21,0.006497029734585817
2021-06-22,0.005085301429919179
2021-06-23,0.007838428556917597
2021-06-24,0.005907216711735898
2021-06-25,-0.002626422825995173
2021-06-28,-0.005016782658366876
2021-06-29,0.006117573058610572
2021-06-30,-0.00045786326577515685
2021-07-01,0.0010035382550784566
2021-07-02,0.0013136184701066393
2021-07-06,-0.008928613804302567
2021-07-07,-0.010439316783436493
2021-07-08,-0.0061695473156223295
2021-07-09,0.013724326803451696
2021-07-12,0.0028739286091247133
2021-07-13,-0.0050094887319021945
2021-07-14,-0.009239442166068076
2021-07-15,-0.01020081037440847
2021-07-16,-0.018182855709889447
2021-07-19,-0.012345343695451958
2021-07-20,0.01991223020330462
2021-07-21,0.02311228434667108
2021-07-22,-0.005441719095590539
2021-07-23,-0.0024860952277487042
2021-07-26,0.006152041153707951
2021-07-27,-0.013661230836833531
2021-07-28,0.010795531016852851
2021-07-29,0.0071876233391090305
2021-07-30,-0.001257069386126331
2021-08-02,-0.005412666855399028
2021-08-03,0.005116438950252644
2021-08-04,-0.001351375551594521
2021-08-05,0.012042502393808061
2021-08-06,0.003623572358512661
2021-08-09,-0.005426947423397915
2021-08-10,0.0021128359239519796
2021-08-11,0.00013516052545883579
2021-08-12,0.00012435955638195428
2021-08-13,-0.007746314441237653
2021-08-16,-0.012883054596566974
2021-08-17,-0.01804902040536152
2021-08-18,0.004506024743580082
2021-08-19,-0.010943149688234595
2021-08-20,0.00269715153466923
2021-08-23,0.021850465127753484
2021-08-24,0.017613842337399988
2021-08-25,0.009548871353682853
2021-08-26,-0.0051491360293527
2021-08-27,0.013649146239007683
2021-08-30,-0.006451535513818777
2021-08-31,-0.0027996664890126773
2021-09-01,-0.009893097095473518
2021-09-02,-0.0019154154855749268
2021-09-03,-0.0011484279397735858
2021-09-07,0.010245049676426723
2021-09-08,-0.016576127523786947
2021-09-09,0.013023154805207928
2021-09-10,0.002563906655459444
2021-09-13,0.008809922959249115
2021-09-14,-0.003021231762212962
2021-09-15,0.012030273046551522
2021-09-16,0.004273812993977259
2021-09-17,-0.0028362159514014867
2021-09-20,-0.016473012315761863
2021-09-21,0.0010856684117320956
2021-09-22,0.016936368288474397
2021-09-23,0.021835743279087463
2021-09-24,0.003605129648686098
2021-09-27,0.014961602375602387
2021-09-28,-0.010076364440058846
2021-09-29,-0.016681363602797407
2021-09-30,0.0009558197625271405
2021-10-01,0.0178832200737731
2021-10-04,-0.009630857181092191
2021-10-05,0.00815608998827791
2021-10-06,-0.00834385424641155
2021-10-07,0.008661370071254098
2021-10-08,0.004687574863845993
2021-10-12,0.00016688811563348848
2021-10-13,-0.0032889126892663447
2021-10-14,0.007882849375354429
2021-10-15,0.007819557017120976
2021-10-18,0.009690251071460048
2021-10-19,-0.0021159445458119987
2021-10-20,-0.004809764244951311
2021-10-21,0.0012409639440971508
2021-10-22,-0.00410285634266068
2021-10-25,0.009131140301093698
2021-10-26,-0.0034231575090941683
2021-10-27,-0.010291800092988329
2021-10-28,0.007546061735481406
2021-10-29,0.0006430360446073539
2021-11-01,0.01096141285102644
2021-11-02,-0.002442999949472979
2021-11-03,0.0009782861782034
2021-11-04,0.011344549719537897
2021-11-05,0.012922316891771752
2021-11-08,0.007513149084130093
2021-11-09,-0.003997365745771107
2021-11-10,-0.02172215690106242
2021-11-12,0.004203621865245786
2021-11-15,-0.0033810552827205098
2021-11-16,0.007865857000175818
2021-11-17,-0.0066198176057536175
2021-11-18,0.004523787345745205
2021-11-19,-0.001960371217659386
2021-11-22,-0.005291731311690398
2021-11-23,-0.002057383671843614
2021-11-24,0.005106829785308388
2021-11-26,-0.025222443495719483
2021-11-29,0.013092075800192664
2021-11-30,-0.001043286615630263
2021-12-01,-0.014354502326223727
2021-12-02,0.012696057748051937
2021-12-03,-0.025914675150664278
2021-12-06,0.004067568995663164
2021-12-07,0.02429955619542629
2021-12-08,0.002229562041062714
2021-12-09,-0.011570807332857938
2021-12-10,-0.0006359107618375357
2021-12-13,-0.02959729637065786
2021-12-14,-0.006827549118435958
2021-12-15,0.001840526389031965
2021-12-16,-0.026500761068795776
2021-12-17,0.00794047175610607
2021-12-20,-0.0164583359026887
2021-12-21,0.036633655942368414
2021-12-22,0.005845494100277096
2021-12-23,0.006781113217603034
2021-12-27,0.007213473493544991
2021-12-28,-0.010752651002300518
2021-12-29,-0.0031935665162816963
2021-12-30,-0.004338778890724892
2021-12-31,-0.0013935956661213682
2022-01-03,0.008549364544751496
2022-01-04,0.002832729042880425
2022-01-05,-0.02801230686924455
2022-01-06,0.008452697403084353
2022-01-07,-0.015988276173651034
2022-01-10,-0.0040253039131961914
2022-01-11,0.02060891414794255
2022-01-12,0.0027163667649252364
2022-01-13,-0.01845919165280143
2022-01-14,0.0019425660183297188
2022-01-18,-0.016523505353772276
2022-01-19,-0.01376210125642792
2022-01-20,-0.008042849003636991
2022-01-21,-0.022660517511966762
2022-01-24,0.014399162720312001
2022-01-25,-0.011887235257957249
2022-01-26,0.006174853605385283
2022-01-27,-0.017112492805831506
2022-01-28,0.008145838209854518
2022-01-31,0.02727496045947713
2022-02-01,0.015669817264731475
2022-02-02,-0.0035374775488161495
2022-02-03,-0.028298221965728287
2022-02-04,0.011931952012193492
2022-02-07,-0.0015877235147902789
2022-02-08,0.008672487443971855
2022-02-09,0.02264152620993392
2022-02-10,-0.0027968506548744186
2022-02-11,-0.028848332653522057
2022-02-14,0.0014300384665184816
2022-02-15,0.028152695679795135
2022-02-16,0.003055243780278509
2022-02-17,-0.03198484064685457
2022-02-18,-0.006409663334031627
2022-02-22,-0.010689361804707927
2022-02-23,-0.015402101972865248
2022-02-24,0.03642064025368522
2022-02-25,-0.003857104979975056
2022-02-28,0.004065407716196514
2022-03-01,-0.02640696511546302
2022-03-02,0.014449614368862376
2022-03-03,-0.026028256517482768
2022-03-04,-0.039024489797161416
2022-03-07,-0.051488787188165866
2022-03-08,0.02404926135457702
2022-03-09,0.04252786065441569
2022-03-10,-0.010708550642224769
2022-03-11,-0.012429540537453432
2022-03-14,-0.015680669203424702
2022-03-15,0.01755555697168043
2022-03-16,0.04284625880333064
2022-03-17,0.001785720949082182
2022-03-18,0.017661500687082807
2022-03-21,-0.01766577413234491
2022-03-22,0.015021742978044128
2022-03-23,-0.020643355634947423
2022-03-24,0.011805752782661869
2022-03-25,-0.014492541860516168
2022-03-28,0.0052357198066488005
2022-03-29,0.021194342156777637
2022-03-30,-0.022732397108962812
2022-03-31,-0.01224580866761845
2022-04-01,-0.011477400586756607
2022-04-04,0.015871313215441486
2022-04-05,-0.022793647598818415
2022-04-06,-0.03682569864207022
2022-04-07,-0.005511188883177609
2022-04-08,-0.013150894263804077
2022-04-11,-0.005951248994034733
2022-04-12,-0.0036458524652399934
2022-04-13,0.01696172690986553
2022-04-14,-0.01569811028321072
2022-04-18,0.004012371866047609
2022-04-19,0.022785464473300245
2022-04-20,-0.012417162352440291
2022-04-21,-0.019136275985725346
2022-04-22,-0.011352101001268555
2022-04-25,0.016693266926826485
2022-04-26,-0.028317092321589143
2022-04-27,-0.0028835618626120735
2022-04-28,0.02423620730819065
2022-04-29,-0.007704362024239873
2022-05-02,0.022861867856286938
2022-05-03,-0.0015499620546961315
2022-05-04,0.011598194968459798
2022-05-05,-0.030410333797517106
2022-05-06,-0.025252818832885937
2022-05-09,-0.032337269952558395
2022-05-10,0.013144529300300543
2022-05-11,-0.02865368553908711
2022-05-12,0.0036457435495474938
2022-05-13,0.033393620247791723
2022-05-16,-0.022068378038875208
2022-05-17,0.023687496032361116
2022-05-18,-0.02012109582668558
2022-05-19,0.011620230900371025
2022-05-20,-0.0007873146673961187
2022-05-23,-0.0014306700493706918
2022-05-24,-0.039597609861648744
2022-05-25,0.020649517647807775
2022-05-26,0.03214913741216654
2022-05-27,0.01959479225093386
2022-05-31,2.419348125479344e-05
2022-06-01,-0.006703138355872128
2022-06-02,0.03180384692014671
2022-06-03,-0.013861141218279196
2022-06-06,0.0033321242873985356
2022-06-07,-3.210200611792821e-05
2022-06-08,-0.0007132269295476376
2022-06-09,-0.007151317750272307
2022-06-10,-0.03216676801593082
2022-06-13,-0.024520030893429613
2022-06-14,0.010482497396858692
2022-06-15,0.017718306142566264
2022-06-16,-0.03557755974002318
2022-06-17,0.016400805515033756
2022-06-21,-0.007179311676960055
2022-06-22,-0.008505365790439534
2022-06-23,0.0006926828095696804
2022-06-24,0.02364998293760813
2022-06-27,-0.010490531716000511
2022-06-28,-0.015796732310926095
2022-06-29,-0.011711362726352738
2022-06-30,-0.010968954912434936
2022-07-01,-0.0071221444538862155
2022-07-05,0.02780698371413621
2022-07-06,-0.006881163863408982
2022-07-07,0.02466306241617738
2022-07-08,-0.0014820348409554413
2022-07-11,-0.019310752757213296
2022-07-12,-0.0017906055286551403
2022-07-13,0.002550823421405008
2022-07-14,0.0008571273875992392
2022-07-15,0.015496587244295458
2022-07-18,0.010330063560326865
2022-07-19,0.026189906529611628
2022-07-20,0.026863993375858645
2022-07-21,0.010728602864353834
2022-07-22,-0.019518153191558165
2022-07-25,-0.008234619516692944
2022-07-26,-0.022677949643672878
2022-07-27,0.03731642343259936
2022-07-28,0.008781532481368058
2022-07-29,0.010177206014779155
2022-08-01,0.00332106954799193
2022-08-02,0.0010959553354260446
2022-08-03,0.016052787366027072
2022-08-04,0.005797291805942117
2022-08-05,-0.0037870165380052335
2022-08-08,-0.0017590757103353454
2022-08-09,-0.024823972196592048
2022-08-10,0.025056016999258236
2022-08-11,0.002170919700137502
2022-08-12,0.0065397301638744736
2022-08-15,-0.0038652478480049072
2022-08-16,-0.0038214524166179415
2022-08-17,-0.013611784699811173
2022-08-18,0.006009067573691667
2022-08-19,-0.022167997985993206
2022-08-22,-0.016793750943244104
2022-08-23,0.007196883062890441
2022-08-24,0.0034273826407645895
2022-08-25,0.015824375457552293
2022-08-26,-0.023669712652154777
2022-08-29,-0.010083707733022435
2022-08-30,0.002441959780714086
2022-08-31,-0.0021632015638494108
2022-09-01,-0.01150605881718409
2022-09-02,0.000868993624498474
2022-09-06,-0.002036593475055203
2022-09-07,0.008471454585112559
2022-09-08,0.01084949486399419
2022-09-09,0.013516223159948645
2022-09-12,0.0050066572884396275
2022-09-13,-0.021755671889523712
2022-09-14,0.0012797490382208741
2022-09-15,-0.0008442600169176664
2022-09-16,-0.010491088021961291
2022-09-19,0.003471080343101191
2022-09-20,-0.006956726777518244
2022-09-21,-0.009518075891133767
2022-09-22,-0.02459349069787384
2022-09-23,0.0001349837043155902
2022-09-26,0.003330582936116917
2022-09-27,0.011726092152639072
2022-09-28,0.01013351739654575
2022-09-29,-0.006131117516994328
2022-09-30,-4.558818324430086e-05
2022-10-03,0.005337813182301511
2022-10-04,0.02334617374716575
2022-10-05,0.00873882618290072
2022-10-06,0.011150649482194491
2022-10-07,-0.01823912500897118
2022-10-11,-0.01947019707971207
2022-10-12,0.006676787601926429
2022-10-13,-0.0046439013069443785
2022-10-14,-0.01187609240446217
2022-10-17,0.016944623894119305
2022-10-18,-0.0015723211032258703
2022-10-19,-0.008590937116675641
2022-10-20,0.0021582570291845717
2022-10-21,0.013073284868052478
2022-10-24,-0.003911635321877904
2022-10-25,0.01954182967108798
2022-10-26,-0.008319440408931386
2022-10-27,-0.009832654227568589
2022-10-28,0.006612923408040979
2022-10-31,-0.005455617250605152
2022-11-01,0.0017001446045860056
2022-11-02,-0.02317363847965103
2022-11-03,-0.014369312175988825
2022-11-04,0.01420022697966217
2022-11-07,0.008649094005379356
2022-11-08,0.002433735385039902
2022-11-09,-0.011973128638141806
2022-11-10,0.06527969137683459
2022-11-14,-0.013701970694771996
2022-11-15,0.012482962323174366
2022-11-16,-0.025366381154244437
2022-11-17,-0.011538754402410725
2022-11-18,-0.00730312445146751
2022-11-21,-0.014418455071906089
2022-11-22,0.00769186104313125
2022-11-23,0.007232256807423634
2022-11-25,-0.0061467664773314935
2022-11-28,-0.008407101518143254
2022-11-29,0.0005697641520172056
2022-11-30,0.021457774048487154
2022-12-01,0.005562221221089746
2022-12-02,-0.008467184904973248
2022-12-05,-0.012812514084778922
2022-12-06,-0.01132830484362935
2022-12-07,-0.004885201089662655
2022-12-08,0.009636508900816422
2022-12-09,0.0038816008847459716
2022-12-12,0.0037773577097570364
2022-12-13,0.015172093213409758
2022-12-14,-0.00910732045517652
2022-12-15,-0.021773318809649687
2022-12-16,-0.002929387522073005
2022-12-19,-0.012484434281525441
2022-12-20,-0.001206411360260901
2022-12-21,0.005250703819087883
2022-12-22,-0.014205448833997006
2022-12-23,-0.0037113696717086
2022-12-27,-0.008175484979047638
2022-12-28,-0.00426497708514203
2022-12-29,0.022506591841794658
2022-12-30,0.0019338002554601472
2023-01-03,0.004486084822235219
2023-01-04,0.018628898781543245
2023-01-05,-0.006649766138555488
2023-01-06,0.008087107033179594
2023-01-09,0.020012052493451622
2023-01-10,0.011344465130166417
2023-01-11,0.012355943675989144
2023-01-12,0.009883312179194133
2023-01-13,0.0029300989769112493
2023-01-17,0.004716872455950115
2023-01-18,0.009380105055831303
2023-01-19,-0.008539763039853808
2023-01-20,0.022762280794729674
2023-01-23,0.021951025185454383
2023-01-24,-0.007224578120338545
2023-01-25,-7.559752891591817e-05
2023-01-26,0.014080586795963438
2023-01-27,0.010180124567012862
2023-01-30,-0.015050148545691524
2023-01-31,0.010454519478557345
2023-02-01,0.02618990216945631
2023-02-02,0.03425936743024072
2023-02-03,-0.010661075855787086
2023-02-06,-0.01761398588149969
2023-02-07,0.014271355388823348
2023-02-08,-0.007954678601152006
2023-02-09,0.0014309102515924306
2023-02-10,-0.021811603500918788
2023-02-13,0.01107571950213445
2023-02-14,0.013657637854742069
2023-02-15,0.007101981586761844
2023-02-16,-0.009667541519272262
2023-02-17,-0.01678342092302419
2023-02-21,-0.01951885032008429
2023-02-22,0.00416207584217957
2023-02-23,0.0075480713002861214
2023-02-24,-0.011035739760728506
2023-02-27,0.006886695000691719
2023-02-28,0.01215422030760953
2023-03-01,0.004025547827126827
2023-03-02,0.0031598810152750623
2023-03-03,0.01219274264801267
2023-03-06,-0.008133529167099937
2023-03-07,-0.0017417405564356166
2023-03-08,0.009829700054246656
2023-03-09,-0.013375262157572254
2023-03-10,-0.01604273360090631
2023-03-13,-0.012310545632917124
2023-03-14,0.011550713502025255
2023-03-15,-0.01616396448660002
2023-03-16,0.015628003127153716
2023-03-17,-0.0017351329741504638
2023-03-20,-0.005059363311698428
2023-03-21,0.02217049202330396
2023-03-22,-0.007252473540809663
2023-03-23,0.009578640131171405
2023-03-24,-0.017432689290234667
2023-03-27,-0.0023140180169826624
2023-03-28,-0.004362175666984818
2023-03-29,0.011520078272037854
2023-03-30,0.004935365383706981
2023-03-31,0.010509612538373883
2023-04-03,-0.009558089637237543
2023-04-04,-0.008042816330911034
2023-04-05,-0.02787689551209678
2023-04-06,-0.0009606069699610826
2023-04-10,0.009547556128856409
2023-04-11,0.0031052623039379557
2023-04-12,-0.006700739801684083
2023-04-13,0.009644065369820695
2023-04-14,0.005186133526286494
2023-04-17,0.0003335448527848617
2023-04-18,0.004980348924810497
2023-04-19,-0.002622799576559698
2023-04-20,-0.005615054182393053
2023-04-21,-0.002073296693301572
2023-04-24,-0.0022552344243339383
2023-04-25,-0.02677133769349335
2023-04-26,0.008228877275327078
2023-04-27,0.00662485981724655
2023-04-28,0.011979438936487235
2023-05-01,-0.0078038241176744535
2023-05-02,-0.007606845092233593
2023-05-03,0.001506594969379633
2023-05-04,-0.012941227969641061
2023-05-05,0.011601942383282106
2023-05-08,0.004108420974588544
2023-05-09,-0.006124004936712253
2023-05-10,-0.0004396033292936425
2023-05-11,-0.0027489320954609386
2023-05-12,-0.004414547756264885
2023-05-15,0.018355598877549152
2023-05-16,0.0005241218439524433
2023-05-17,0.01869107939181874
2023-05-18,0.020050668204664973
2023-05-19,-0.007037453657907548
2023-05-22,0.009850065614024815
2023-05-23,-0.008690978925660347
2023-05-24,-0.008434020983731617
2023-05-25,0.025130491860373028
2023-05-26,0.02443880472744525
2023-05-30,0.006042591088948165
2023-05-31,-0.015936093254214023
2023-06-01,0.011749157325535173
2023-06-02,0.007087355166950197
2023-06-05,-0.00568133026271361
2023-06-06,0.01521157557006326
2023-06-07,-0.002127063977391523
2023-06-08,-0.001667291879483585
2023-06-09,0.0004542698587039697
2023-06-12,0.01228681364519377
2023-06-13,0.010288528669613148
2023-06-14,0.0037333434923255246
2023-06-15,-0.00043784071602027963
2023-06-16,-0.00939324687623525
2023-06-20,0.00046684847632493757
2023-06-21,-0.011798701291058448
2023-06-22,-0.002767330552728869
2023-06-23,0.00026139454053133657
2023-06-26,-0.0018815518219689195
2023-06-27,0.016988105403231476
2023-06-28,0.009639297435104423
2023-06-29,0.0015626849904294042
2023-06-30,0.0014348816698265474
2023-07-03,0.002134620772265984
2023-07-05,-0.00823817536708037
2023-07-06,-0.004884203696923094
2023-07-07,0.011691988402698908
2023-07-10,0.015094368897275662
2023-07-11,0.004690860596247799
2023-07-12,0.009847930017954898
2023-07-13,0.01323791498922107
2023-07-14,-0.00906991968982836
2023-07-17,0.009039504672069282
2023-07-18,0.011094156452639437
2023-07-19,-0.006571860900189991
2023-07-20,-0.029124078802776485
2023-07-21,-0.0048306570747888725
2023-07-24,0.0003399137150210047
2023-07-25,0.005730900319493378
2023-07-26,0.0010123955457986451
2023-07-27,0.002055032701585165
2023-07-28,0.00878966740390981
2023-07-31,0.006458145213291606
2023-08-01,0.002254339705129724
2023-08-02,-0.023751003021543288
2023-08-03,0.001308679974717307
2023-08-04,0.004283621158843117
2023-08-07,0.002263602811118145
2023-08-08,-0.002073857528248021
2023-08-09,-0.012406340444609185
2023-08-10,0.0008604075895938827
2023-08-11,-0.009944183170843161
2023-08-14,0.00757998133649955
2023-08-15,-0.004415147373754948
2023-08-16,-0.011046877392774077
2023-08-17,-0.002279542069329647
2023-08-18,-0.002285437479823012
2023-08-21,0.006938772093994728
2023-08-22,-0.0008652944767854661
2023-08-23,0.011774740254841454
2023-08-24,-0.00963269871673883
2023-08-25,0.0010741663519465419
2023-08-28,0.007553904953040532
2023-08-29,0.015413205063833823
2023-08-30,0.002425573999450521
2023-08-31,0.012182138080397866
2023-09-01,0.009762195913536439
2023-09-05,0.0026303913363695374
2023-09-06,-0.0016799458397035276
2023-09-07,-0.0175617117554555
2023-09-08,-0.0036171682378467267
2023-09-11,0.001233192619076738
2023-09-12,-0.0050223227217770375
2023-09-13,-0.008068617563668914
2023-09-14,0.002750739003625543
2023-09-15,-0.006919727811742291
2023-09-18,-0.003450259156672093
2023-09-19,-0.00226101816124198
2023-09-20,-0.01298691010038157
2023-09-21,-0.012510473351970527
2023-09-22,0.0018714284848419574
2023-09-25,0.00442338350991491
2023-09-26,-0.003911052344104295
2023-09-27,0.009811427780022933
2023-09-28,0.011705311633380788
2023-09-29,0.0052011633990840115
2023-10-02,0.008123424391560021
2023-10-03,-0.017306751469024766
2023-10-04,0.006457274709371834
2023-10-05,0.0018376681355612339
2023-10-06,0.011680276390832809
2023-10-10,0.003625627784404642
2023-10-11,0.008401845872420984
2023-10-12,-0.003075357821021415
2023-10-13,-0.0227444394280028
2023-10-16,0.005072840940347425
2023-10-17,0.002353265234865183
2023-10-18,-0.018860222459891034
2023-10-19,-0.00774674321286351
2023-10-20,-0.010692927603409577
2023-10-23,0.00426690805221305
2023-10-24,-0.002467740153355517
2023-10-25,-0.027560046481901763
2023-10-26,-0.005687939706374484
2023-10-27,0.008191172325607034
2023-10-30,0.00047881930142155017
2023-10-31,0.0015741730692194096
2023-11-01,0.0015958942063001571
2023-11-02,0.017873386293712448
2023-11-03,0.02133271609870795
2023-11-06,-0.008298971848492475
2023-11-07,0.005196370293021049
2023-11-08,0.0023820518880200707
2023-11-09,-0.003915576380805444
2023-11-10,0.010663481575226017
2023-11-13,-0.006172951426537413
2023-11-14,0.029489714698216977
2023-11-15,0.008101575907324222
2023-11-16,-0.0042015979092085085
2023-11-17,0.0070780087621641246
2023-11-20,0.007577138832707945
2023-11-21,-0.010514332141988176
2023-11-22,-0.0010895188675033116
2023-11-24,-0.001321722580234201
2023-11-27,0.0006825162515212146
2023-11-28,0.002202923402510542
2023-11-29,0.01749640568707028
2023-11-30,-0.007071308578937046
2023-12-01,0.01234157782048554
2023-12-04,-0.003988628659596503
2023-12-05,-0.004182138947041274
2023-12-06,-0.003817106493497487
2023-12-07,0.01128451980292501
2023-12-08,0.009909565376566521
2023-12-11,0.001133234498854557
2023-12-12,-0.0012504279976052269
2023-12-13,0.008375920056294079
2023-12-14,0.04432592240661935
2023-12-15,0.007153212126904661
2023-12-18,-0.006876564017925451
2023-12-19,0.006625273235520887
2023-12-20,-0.0069499468610091306
2023-12-21,0.01041372121438785
2023-12-22,-0.0008960461815092965
2023-12-26,0.0048574488103607935
2023-12-27,0.0006821437793808167
2023-12-28,-0.0015576773318037346
2023-12-29,-0.010312432917542459
2024-01-02,-0.022788156125723116
2024-01-03,-0.021912870156372263
2024-01-04,-0.000910232287095442
2024-01-05,0.005698293727278353
2024-01-08,0.015285600633585302
2024-01-09,-0.006514073064691093
2024-01-10,0.0052789019833558715
2024-01-11,0.0009783463264571293
2024-01-12,-0.009849447419561168
2024-01-16,-0.0012589052414480988
2024-01-17,-0.007577616249210677
2024-01-18,0.009872330651666553
2024-01-19,0.01726846969094257
2024-01-22,0.010522359477422624
2024-01-23,-0.00590652693451638
2024-01-24,0.006750235621038529
2024-01-25,0.0007917388149707117
2024-01-26,-0.004123903022053425
2024-01-29,0.008278312127038391
2024-01-30,-0.007097158253902389
2024-01-31,-0.016940311309102212
2024-02-01,-0.0017512398551005441
2024-02-02,0.009887463507061423
2024-02-05,0.0019736457733642047
2024-02-06,-0.0018509054996624697
2024-02-07,0.0068636348963181295
2024-02-08,0.008253624374793718
2024-02-09,0.007741468229037157
2024-02-12,0.0012354730632801302
2024-02-13,-0.01941423262334393
2024-02-14,0.015199179631192931
2024-02-15,0.003162640789589031
2024-02-16,-0.009199314776891327
2024-02-20,-0.00995370411606276
2024-02-21,-0.01020175528850496
2024-02-22,0.014321555593107282
2024-02-23,-0.004104424661195368
2024-02-26,0.005860890652930433
2024-02-27,0.0030914054671685952
2024-02-28,0.00040050692841815054
2024-02-29,0.012716673274244859
2024-03-01,0.014700605588929784
2024-03-04,-0.00412193946469335
2024-03-05,-0.011649798745906482
2024-03-06,6.024621288126461e-05
2024-03-07,0.01134026710474377
2024-03-08,-0.009523160086291942
2024-03-11,-0.006353631077199434
2024-03-12,0.009379054639884421
2024-03-13,-0.003852120913338876
2024-03-14,-0.008325724731025531
2024-03-15,-0.008490118648578102
2024-03-18,0.0013613185935090308
2024-03-19,-0.0033835851350222873
2024-03-20,0.017830356184670267
2024-03-21,0.013801992525277699
2024-03-22,-0.006374771182539746
2024-03-25,-0.0023412530432275693
2024-03-26,-0.0008789047640702507
2024-03-27,-0.00034012295404327667
2024-03-28,0.0024357684538497838
2024-04-01,0.00020946999499583605
2024-04-02,-0.010330651335874071
2024-04-03,0.010407526242206366
2024-04-04,-0.009332009516872094
2024-04-05,0.00831630636443181
2024-04-08,0.006626675717860738
2024-04-09,0.006035372059771309
2024-04-10,-0.015407568828698408
2024-04-11,0.015979831747786687
2024-04-12,-0.013159275820261945
2024-04-15,-0.009397070102027954
2024-04-16,-0.0023410184733712687
2024-04-17,-0.012881562042224303
2024-04-18,-0.011245513771750992
2024-04-19,-0.020158447245245396
2024-04-22,0.0059136920937059535
2024-04-23,0.014376602657426381
2024-04-24,-0.001299757501115521
2024-04-25,-0.001396398386825815
2024-04-26,0.014854001304617405
2024-04-29,-0.0008618116229473097
2024-04-30,-0.014750605929566256
2024-05-01,-0.003373988496492511
2024-05-02,0.00898951484881836
2024-05-03,0.009342767880071483
2024-05-06,0.008674707381836046
2024-05-07,-0.009017421746999077
2024-05-08,-0.0021198245686804744
2024-05-09,0.00034429656835684684
2024-05-10,-0.000151979627404437
2024-05-13,-0.0008468282243098057
2024-05-14,0.010803527332442027
2024-05-15,0.015569840926321172
2024-05-16,-0.011701219958551818
2024-05-17,-0.002506911515820256
2024-05-20,0.0071244612493852185
2024-05-21,-0.0020298506088379923
2024-05-22,0.001012693409879157
2024-05-23,-0.0025725569219590717
2024-05-24,0.008963958788330065
2024-05-28,0.003587150271669991
2024-05-29,-0.002761976708621135
2024-05-30,-0.008520497294915117
2024-05-31,-0.013550281798156861
2024-06-03,0.0009431804153797315
2024-06-04,-0.008278561447124605
2024-06-05,0.020737445146988998
2024-06-06,-0.00454451170028122
2024-06-07,-0.0021290725948953084
2024-06-10,0.0049151500237650456
2024-06-11,-0.0008016533909484414
2024-06-12,0.025458281972336953
2024-06-13,-0.0036309234672304317
2024-06-14,-0.004303941055797901
2024-06-17,0.0018548163916945817
2024-06-18,0.001214737447673358
2024-06-20,-0.012662109599498976
2024-06-21,0.00331649807441676
2024-06-24,-0.014820457517626711
2024-06-25,0.004920196705576519
2024-06-26,0.004598663676057498
2024-06-27,0.006288561288252917
2024-06-28,0.0034051330282877735
2024-07-01,-0.00326042717570575
2024-07-02,0.008631820192252601
2024-07-03,0.007457467121748688
2024-07-05,0.0019123774164303215
2024-07-08,0.004621063994561113
2024-07-09,-0.0017326849979034543
2024-07-10,0.005177402775304309
2024-07-11,-0.001897346019389956
2024-07-12,0.003955955665875359
2024-07-15,0.0034236511810098623
2024-07-16,0.005908051989608781
2024-07-17,-0.03688680491507889
2024-07-18,-0.0032376633514213955
2024-07-19,0.00034717982718338557
2024-07-22,0.017281430304976243
2024-07-23,0.003588764317727395
2024-07-24,-0.038852546598595585
2024-07-25,-0.01079252210176252
2024-07-26,0.010840137395534601
2024-07-29,0.0005941435405637445
2024-07-30,-0.010146373749288696
2024-07-31,0.022763651997313866
2024-08-01,-0.03769638293477583
2024-08-02,-0.039676320348114226
2024-08-05,-0.006752498644622126
2024-08-06,0.010548349570700088
2024-08-07,-0.014850293291445195
2024-08-08,0.02511808879880975
2024-08-09,0.002169752001394438
2024-08-12,-0.0023483189990219575
2024-08-13,0.01708312417592393
2024-08-14,-0.006864180043326298
2024-08-15,0.02265000286250911
2024-08-16,-0.004780073740204253
2024-08-19,0.0057428034802559265
2024-08-20,-0.00317636107269718
2024-08-21,0.0059207484432989045
2024-08-22,-0.010404739355399427
2024-08-23,0.016969965317328826
2024-08-26,-0.012099501143575095
2024-08-27,0.00114582805360158
2024-08-28,-0.009803730179076547
2024-08-29,0.0037431145521553515
2024-08-30,0.0066458817165489514
2024-09-03,-0.03914512722788337
2024-09-04,-0.0018463486773733666
2024-09-05,0.0009354330021157774
2024-09-06,-0.013266835547906735
2024-09-09,0.005507042383174739
2024-09-10,0.0013649108156033312
2024-09-11,0.021877845341252873
2024-09-12,0.0027601196353836217
2024-09-13,0.006080763697980622
2024-09-16,-0.002759159304282872
2024-09-17,0.011384646328344454
2024-09-18,0.0019511615453143547
2024-09-19,0.02785289778776441
2024-09-20,-0.009396917781353323
2024-09-23,-0.0019642632032623635
2024-09-24,0.00804271344983709
2024-09-25,-0.0028889648426426474
2024-09-26,0.02089938180941122
2024-09-27,-0.006154355960333149
2024-09-30,-0.0054617305689549445
2024-10-01,-0.017102617899728806
2024-10-02,0.0069828876135260825
2024-10-03,0.0007070133674663935
2024-10-04,0.0087848002681781
2024-10-07,0.0045464143038680335
2024-10-08,0.0037014288123706036
2024-10-09,0.0033457779314714116
2024-10-10,-0.0012476399027503476
2024-10-11,0.0040363227503326
2024-10-15,-0.011165331476658958
2024-10-16,-0.00012731114508492038
2024-10-17,0.0010839030290043532
2024-10-18,0.004627308109545284
2024-10-21,-0.0012159696278275928
2024-10-22,-0.0057782068091793625
2024-10-23,-0.009355513947582701
2024-10-24,0.008479525790040042
2024-10-25,0.010683398357671724
