Date,HML
2015-01-05,-0.007472190943781843
2015-01-06,-0.0006528397823015383
2015-01-07,-0.003582728220563722
2015-01-08,-0.0024770938671414694
2015-01-09,-0.0011275885279037872
2015-01-12,-0.0033821034929894366
2015-01-13,-0.005441796299565166
2015-01-14,-0.0019121583742347506
2015-01-15,0.004461378692175012
2015-01-16,0.0003381669882193978
2015-01-20,-0.00243249892515505
2015-01-21,0.0035392022977844577
2015-01-22,-0.0026824777244206163
2015-01-23,-0.005181534302228263
2015-01-26,-0.00048356833197834345
2015-01-27,0.0032507325180238574
2015-01-28,-0.008752686930360501
2015-01-29,-0.00047345026264831135
2015-01-30,-6.032834011756097e-05
2015-02-02,0.0068922724067395635
2015-02-03,0.0029724181601539796
2015-02-04,-0.001636308482916308
2015-02-05,0.00032000911894785114
2015-02-06,-0.0009843657497212738
2015-02-09,0.001767126898497689
2015-02-10,-0.003383090650263116
2015-02-11,-0.006753094548842691
2015-02-12,-0.0018648078516295442
2015-02-13,-0.004581564196756049
2015-02-17,-0.0010661881132546826
2015-02-18,-0.002532488640326516
2015-02-19,-0.004256123574035833
2015-02-20,-0.0023801893441638116
2015-02-23,-0.001207080059617136
2015-02-24,0.004993133607962053
2015-02-25,-0.007413481432070489
2015-02-26,-0.005705401428576878
2015-02-27,0.0008663714209378019
2015-03-02,-0.00872836563868069
2015-03-03,0.005735689582958135
2015-03-04,0.00019739345531464766
2015-03-05,-0.0026474267802768982
2015-03-06,-0.002070509377462613
2015-03-09,-0.0012560158772170263
2015-03-10,-0.0006934321312795522
2015-03-11,8.157184687826316e-05
2015-03-12,0.001324579680257466
2015-03-13,-0.0033530434222453585
2015-03-16,-0.002767488121855108
2015-03-17,-0.0016645775859919763
2015-03-18,0.005199133969226924
2015-03-19,-0.012495732403254651
2015-03-20,0.005856073381807866
2015-03-23,0.0004929814502028038
2015-03-24,-0.0019637914664419106
2015-03-25,0.007235101938018048
2015-03-26,-0.00014463640833849243
2015-03-27,-0.008045770755674425
2015-03-30,0.004131053713546745
2015-03-31,0.0010631550092594895
2015-04-01,0.004630667798846461
2015-04-02,0.0005127934502326009
2015-04-06,0.0019536750734253
2015-04-07,-0.002205633381483707
2015-04-08,-0.007627415717047917
2015-04-09,-0.0004353751208220212
2015-04-10,0.0003214876214444355
2015-04-13,-0.005588446078279298
2015-04-14,0.0015703691625742699
2015-04-15,0.0052099663598584155
2015-04-16,-0.004092815243476401
2015-04-17,0.00380139828890653
2015-04-20,-0.002728488841545222
2015-04-21,-0.011875905406748053
2015-04-22,0.0011487522577712608
2015-04-23,-0.0012945859812261503
2015-04-24,4.606431854061843e-05
2015-04-27,0.003165045626718754
2015-04-28,0.007214985070221797
2015-04-29,0.0032987310669273517
2015-04-30,0.0014517739060811458
2015-05-01,-0.003662471088876372
2015-05-04,0.0008552110971427069
2015-05-05,0.0002800610790533731
2015-05-06,-0.005865947624524201
2015-05-07,-0.0035316367686160756
2015-05-08,0.00226186521200078
2015-05-11,-0.0029216594234329906
2015-05-12,-0.0021158773415170928
2015-05-13,-0.0014911874391336552
2015-05-14,-0.004457796975550755
2015-05-15,3.677982308700027e-05
2015-05-18,-0.0003555868989805703
2015-05-19,-0.0012373533390592376
2015-05-20,0.0035920955769117658
2015-05-21,-0.00032510667666418316
2015-05-22,-0.0001237077316125993
2015-05-26,-0.0027698202158116525
2015-05-27,-0.0015459782349140482
2015-05-28,0.0020574442357732554
2015-05-29,0.0005620072066690185
2015-06-01,-0.003104010512940422
2015-06-02,0.0013447527428964413
2015-06-03,-0.0048857401476029814
2015-06-04,-0.0003824786826402034
2015-06-05,-0.00139529523314864
2015-06-08,-0.0008152179872585874
2015-06-09,-0.0012276512065932236
2015-06-10,-0.0002486442263225346
2015-06-11,0.0007099961335284388
2015-06-12,-0.0013842073970967497
2015-06-15,-0.0024666760269786915
2015-06-16,-0.0015346444931511743
2015-06-17,-0.002748587769426784
2015-06-18,-0.0034471037114581233
2015-06-19,-0.0038117747444593106
2015-06-22,-0.0017897784244129376
2015-06-23,-0.00054173020449259
2015-06-24,0.0014967940961813572
2015-06-25,-0.008220241121921603
2015-06-26,0.0014843158214537392
2015-06-29,0.00208909361661622
2015-06-30,-0.0034317265663027278
2015-07-01,-0.0014831213522084582
2015-07-02,0.0013131020081731952
2015-07-06,-0.0038044672234055967
2015-07-07,0.0016616413075222526
2015-07-08,-0.001810651453006332
2015-07-09,-0.003098911896742674
2015-07-10,-0.004755113497638453
2015-07-13,-0.002846343642379368
2015-07-14,0.00032548311913767856
2015-07-15,0.000587483564224204
2015-07-16,-0.001363003961103882
2015-07-17,-0.004690678684614173
2015-07-20,-0.009807287484282693
2015-07-21,0.0017320917517393113
2015-07-22,-0.0007659138978780597
2015-07-23,-0.005000401278661265
2015-07-24,-0.001549232850546073
2015-07-27,0.005536221312275774
2015-07-28,-0.0022249318115313884
2015-07-29,0.0013789789088593449
2015-07-30,-0.0023889646965875888
2015-07-31,-0.005233897912560814
2015-08-03,-0.003108982193178793
2015-08-04,-0.0055498366561346334
2015-08-05,-0.009541212545418669
2015-08-06,0.01211017607081907
2015-08-07,-0.0019759378236377423
2015-08-10,0.007106424411979733
2015-08-11,-0.0027371617140177756
2015-08-12,0.0048252715835964185
2015-08-13,-0.0010035708267729984
2015-08-14,0.0010955090463928598
2015-08-17,-0.002949269881156788
2015-08-18,-0.00033918418632076976
2015-08-19,-0.003473750562677092
2015-08-20,0.006470683161809876
2015-08-21,0.00017814141758509122
2015-08-24,-0.007955436174134432
2015-08-25,-0.012748370748684557
2015-08-26,-0.006560310476965463
2015-08-27,0.009716123592230883
2015-08-28,0.0030453306434681093
2015-08-31,0.006590560216027958
2015-09-01,-0.0035786026348287488
2015-09-02,-0.0113383179493854
2015-09-03,0.004165413592013438
2015-09-04,-0.005527262477354772
2015-09-08,-0.003414903060263475
2015-09-09,-0.0016394190790303183
2015-09-10,-0.002558937963060227
2015-09-11,-0.004450679137234046
2015-09-14,0.00023852482591574763
2015-09-15,-0.001197195759056963
2015-09-16,0.005504362554606664
2015-09-17,-0.00470538549120533
2015-09-18,-0.006001350658705461
2015-09-21,0.0013529440792041476
2015-09-22,-0.004525715405485893
2015-09-23,-0.003306958077023691
2015-09-24,0.006597794757289714
2015-09-25,0.00869193116844084
2015-09-28,0.005556699244240709
2015-09-29,0.004856134008218435
2015-09-30,0.0014494944870700882
2015-10-01,-0.007690752598169844
2015-10-02,-0.00153795397508193
2015-10-05,0.010861042797000928
2015-10-06,0.011484983416746032
2015-10-07,0.0012545515659432242
2015-10-08,0.003505574289514011
2015-10-09,-0.010466509127347439
2015-10-12,-0.0034505210366976443
2015-10-13,0.0030202439271604462
2015-10-14,0.003238556761605778
2015-10-15,-0.002376101805654507
2015-10-16,-0.008532630492097163
2015-10-19,-0.007020789435986339
2015-10-20,0.008946924143170897
2015-10-21,-0.0019037862612618006
2015-10-22,0.00045851914208074745
2015-10-23,-0.003986286786172634
2015-10-26,-0.011578075926766272
2015-10-27,-0.006678335308849079
2015-10-28,0.007589087527892264
2015-10-29,-0.0019520384686948454
2015-10-30,-0.0009894068640972148
2015-11-02,0.006209563611434205
2015-11-03,0.004471995612219735
2015-11-04,-0.0036129577205512692
2015-11-05,-0.0012336550561587371
2015-11-06,-0.005705055401864363
2015-11-09,0.002254673465567127
2015-11-10,-0.0004984625829144618
2015-11-11,-0.0013070299494462407
2015-11-12,-0.004357322714651328
2015-11-13,0.005023530281885282
2015-11-16,0.0020069271363068707
2015-11-17,-0.010817049704127436
2015-11-18,0.00248727716833364
2015-11-19,-0.0002779123740804868
2015-11-20,-0.003545882559632527
2015-11-23,-0.0043087425596763556
2015-11-24,0.002929224975399266
2015-11-25,-0.007588699940256603
2015-11-27,-0.002588380114987885
2015-11-30,0.00787018620923835
2015-12-01,-0.0012656108730741047
2015-12-02,-0.008967686732882757
2015-12-03,-0.0011600859917101566
2015-12-04,-0.005086708204656856
2015-12-07,-0.0048473717545112534
2015-12-08,-0.010120853952078795
2015-12-09,0.006103031329798319
2015-12-10,-0.0022347364948270875
2015-12-11,-0.0007307848282533287
2015-12-14,-0.008889587459269346
2015-12-15,0.008989676035526029
2015-12-16,0.0004392006996805503
2015-12-17,-0.004174087075237486
2015-12-18,0.0006698328869663549
2015-12-21,-0.0026764272526020533
2015-12-22,0.0032430349263441495
2015-12-23,0.01203133895526611
2015-12-24,-0.0005158028814585346
2015-12-28,-0.00684843475822937
2015-12-29,-0.0007695384854431615
2015-12-30,-0.001980127276838924
2015-12-31,0.002946437825588984
2016-01-04,0.008089956090543405
2016-01-05,-0.0003905202860112083
2016-01-06,-0.011682427111095054
2016-01-07,-0.002323229058707889
2016-01-08,0.0004260991144200074
2016-01-11,-0.0074829450134314595
2016-01-12,-0.0075021444233594175
2016-01-13,0.0046503257457693944
2016-01-14,0.0065468881055842955
2016-01-15,-0.006846354765102421
2016-01-19,-0.0031155866560192455
2016-01-20,-0.010222442106287045
2016-01-21,0.0023508498946723366
2016-01-22,0.0016978742282685415
2016-01-25,-0.012794453712459462
2016-01-26,0.009433984420251815
2016-01-27,0.008257847343483334
2016-01-28,0.0032962182420647338
2016-01-29,0.0008657771621342764
2016-02-01,-0.005873748349997361
2016-02-02,-0.0031439726950343583
2016-02-03,0.009498844769245325
2016-02-04,0.0027051072926665112
2016-02-05,0.016241628516349384
2016-02-08,0.0004083184299272062
2016-02-09,-0.003843693754092821
2016-02-10,-0.009633006326607811
2016-02-11,-0.013796308122505242
2016-02-12,0.003940441130298424
2016-02-16,0.0005444511140906168
2016-02-17,-0.0037276611518248723
2016-02-18,0.004950214819077478
2016-02-19,-0.008908367865892799
2016-02-22,0.0070135830946771
2016-02-23,-0.013875468771753293
2016-02-24,-0.00035664640454449465
2016-02-25,-0.003996456094659678
2016-02-26,0.0004943507063207217
2016-02-29,-0.0008827807911537854
2016-03-01,-0.0016100007715198691
2016-03-02,0.013238378199565491
2016-03-03,0.007149125235305184
2016-03-04,0.004710386136110941
2016-03-07,0.008422894822652419
2016-03-08,-0.011709917855662548
2016-03-09,0.0057425448230201855
2016-03-10,0.0034013640915377666
2016-03-11,0.005167626256651955
2016-03-14,-0.002530431700246551
2016-03-15,-0.0004095359094276269
2016-03-16,0.003369917717201843
2016-03-17,0.005694855971215012
2016-03-18,-0.00048740292724096766
2016-03-21,-0.00048392717820295466
2016-03-22,-0.003897733928926446
2016-03-23,-0.007713817235484267
2016-03-24,-0.0018639831258647041
2016-03-28,-0.001014220048771133
2016-03-29,-0.006194848132232989
2016-03-30,-0.00047257914714356284
2016-03-31,-0.0028919794756058163
2016-04-01,-0.006228546028084423
2016-04-04,-0.009904796089290449
2016-04-05,-0.004994784035126763
2016-04-06,-0.005661677783582109
2016-04-07,-0.003097037610997208
2016-04-08,0.0031161616265048347
2016-04-11,0.006591582210174481
2016-04-12,0.005632239307187789
2016-04-13,0.008326585455876558
2016-04-14,-0.0007864377584789219
2016-04-15,-0.002595467190784733
2016-04-18,-0.0006431057291762009
2016-04-19,0.012468280999779651
2016-04-20,0.0028918151906511124
2016-04-21,-0.0038591526886809866
2016-04-22,0.003969197280288651
2016-04-25,-0.004390372002296884
2016-04-26,0.0072651154276068865
2016-04-27,0.005676149025110268
2016-04-28,-0.003581886679072721
2016-04-29,-0.004508365114763968
2016-05-02,-0.005129180513979073
2016-05-03,-0.004019743258971947
2016-05-04,-0.0030307618386737137
2016-05-05,-0.0026948762184982843
2016-05-06,-0.0018288696525486036
2016-05-09,-0.009885090661055305
2016-05-10,0.0007477521944842178
2016-05-11,0.0028661717628346633
2016-05-12,-0.003963305037864182
2016-05-13,-0.004391397926417193
2016-05-16,-0.00043287347109557603
2016-05-17,0.006336572922445646
2016-05-18,0.002822757369214966
2016-05-19,-0.002017327768980158
2016-05-20,0.0031243509121869567
2016-05-23,-0.0005899306194854862
2016-05-24,-0.004905639409087538
2016-05-25,0.008759638436118811
2016-05-26,-0.002726945201533226
2016-05-27,0.001559898381031907
2016-05-31,0.003238531290957687
2016-06-01,-0.001438538873493012
2016-06-02,-0.002097246030215695
2016-06-03,0.0013610960353892074
2016-06-06,0.005121099759824438
2016-06-07,-0.0008263927992247417
2016-06-08,-0.0005716588559252587
2016-06-09,-0.0031619489713317784
2016-06-10,-0.0028708983166094316
2016-06-13,0.00013024429080237248
2016-06-14,-0.010421229599275121
2016-06-15,0.002273000011646989
2016-06-16,-0.0012654208174959745
2016-06-17,0.009820449023061315
2016-06-20,-0.0017527745273107007
2016-06-21,0.0008323154266873258
2016-06-22,0.0011678687908382832
2016-06-23,0.004113075526861961
2016-06-24,-0.009981926207680236
2016-06-27,-0.011956585692188187
2016-06-28,0.0017940662442180177
2016-06-29,0.002929381500950262
2016-06-30,0.0025492290751639654
2016-07-01,-0.0030336132248118377
2016-07-05,-0.010590031864287586
2016-07-06,-0.0006142729997345381
2016-07-07,-0.003668787119171938
2016-07-08,0.0027467876996578496
2016-07-11,0.002454981325538734
2016-07-12,0.005693367003795791
2016-07-13,0.003286440270595838
2016-07-14,0.0033550132857026677
2016-07-15,0.0022317883781357325
2016-07-18,0.0009689262593213705
2016-07-19,-0.003130073492736092
2016-07-20,-0.005035460793608801
2016-07-21,0.0055791390604603055
2016-07-22,-0.004371765574209624
2016-07-25,-0.004853835952708364
2016-07-26,0.0007321750374477002
2016-07-27,-0.001679778471080932
2016-07-28,-0.0023091677720230887
2016-07-29,-0.0004168665768720034
2016-08-01,-0.0064815138406593645
2016-08-02,0.000313155993206176
2016-08-03,0.006251998411147342
2016-08-04,-0.010269524915592049
2016-08-05,0.002930010701915035
2016-08-08,0.004729602772085944
2016-08-09,-0.004413089945381944
2016-08-10,-0.002703252598564871
2016-08-11,0.0014829495160130464
2016-08-12,-0.0014512866576984517
2016-08-15,0.0014579653753546105
2016-08-16,0.002274588132087677
2016-08-17,0.003531597456813496
2016-08-18,0.0026056138290398586
2016-08-19,-0.004640044881986893
2016-08-22,-0.0008669374159461023
2016-08-23,-0.00263660113167048
2016-08-24,0.000615180773148663
2016-08-25,-0.0009665241653004524
2016-08-26,-0.0032650050134225964
2016-08-29,0.004056066369021966
2016-08-30,0.0036219450565333957
2016-08-31,0.0015853205488407724
2016-09-01,-0.008353794686153729
2016-09-02,0.0004927828439179154
2016-09-06,-0.0011233900791996077
2016-09-07,0.003809702651413163
2016-09-08,0.005227215105100016
2016-09-09,0.0006986888543599364
2016-09-12,0.0011800956404251078
2016-09-13,-0.003546339817380296
2016-09-14,-0.004750805388446433
2016-09-15,-0.0009804781492857729
2016-09-16,-0.00028338876529502167
2016-09-19,0.0032278333863006684
2016-09-20,-0.003092001873062848
2016-09-21,0.0034852840985192916
2016-09-22,-0.0008208048469297178
2016-09-23,0.0002755952225528347
2016-09-26,-0.0017818129131051148
2016-09-27,-0.005585223919308418
2016-09-28,0.006346386385271406
2016-09-29,-0.0017310604787641702
2016-09-30,-0.0007666706627804994
2016-10-03,-0.0040654508555047365
2016-10-04,-0.0007712400495684616
2016-10-05,0.006844728545200442
2016-10-06,-0.002769172102190439
2016-10-07,7.384880260950018e-05
2016-10-10,0.0015519561288842567
2016-10-11,0.00062116834756578
2016-10-12,-0.001766639648017624
2016-10-13,-0.0020193053571749787
2016-10-14,-0.0003419663078552389
2016-10-17,0.0024790375616968556
2016-10-18,0.0028925524922826474
2016-10-19,0.004229526048860697
2016-10-20,0.0018513427013556228
2016-10-21,-0.00357495196277746
2016-10-24,-0.0041733326034224085
2016-10-25,0.0065987474844721086
2016-10-26,0.008283744523887424
2016-10-27,0.0012046541225298702
2016-10-28,-0.002707741431718571
2016-10-31,0.0019938596872065765
2016-11-01,-7.484389451894655e-06
2016-11-02,-0.002742650742518409
2016-11-03,0.0012489630974276246
2016-11-04,-0.002755340861245001
2016-11-07,-0.0005079276371576479
2016-11-08,-0.0035734360529614947
2016-11-09,0.001029880690820749
2016-11-10,0.012456456614645634
2016-11-11,-0.007089553553188431
2016-11-14,0.016455046044392484
2016-11-15,0.0004239312602521243
2016-11-16,-0.010900642934570104
2016-11-17,-0.006521974161164575
2016-11-18,0.0010190959401399418
2016-11-21,-0.0012998788579021408
2016-11-22,0.0013951069075361486
2016-11-23,0.0010172044537831684
2016-11-25,0.0006665948226577869
2016-11-28,0.002477558293818019
2016-11-29,-0.0021346149365226467
2016-11-30,0.010622166725408808
2016-12-01,0.014584841952369823
2016-12-02,-0.0009498776822625843
2016-12-05,-0.0014006003329385865
2016-12-06,0.0002770415714589561
2016-12-07,0.0009553850371640821
2016-12-08,0.007553130052344327
2016-12-09,0.0028569248473135846
2016-12-12,-0.0005685476196991639
2016-12-13,-0.0031072709315235177
2016-12-14,-0.007523834921925738
2016-12-15,0.0010595663908165498
2016-12-16,0.0033239898695303313
2016-12-19,-0.000257257144119947
2016-12-20,0.0012083063068757086
2016-12-21,-0.0003963308766321994
2016-12-22,0.0030946603234289936
2016-12-23,-0.0010589331903541068
2016-12-27,-0.00019448028613935995
2016-12-28,-0.0007252847305668896
2016-12-29,-7.8288715481797e-05
2016-12-30,0.004635487146494742
2017-01-03,0.0009466837313537799
2017-01-04,-0.0012537036671369257
2017-01-05,-0.002824675493046243
2017-01-06,-0.005187715130277107
2017-01-09,-0.0056808279641383345
2017-01-10,-1.4045782643038992e-05
2017-01-11,0.0011652981421219986
2017-01-12,-0.0016056947181186374
2017-01-13,-0.005379395726003044
2017-01-17,0.0007994303306869668
2017-01-18,-0.00036059755222808514
2017-01-19,-0.004486633932065082
2017-01-20,0.0023177556885974077
2017-01-23,-0.0029633466294185264
2017-01-24,0.0015652906920413361
2017-01-25,-0.0026970358009033094
2017-01-26,0.0013766829444942488
2017-01-27,-0.005295223944203044
2017-01-30,-0.001384984217867643
2017-01-31,0.004390989115719935
2017-02-01,-0.002087069024545113
2017-02-02,-0.0049369867953650125
2017-02-03,-0.0034876443215891804
2017-02-06,-0.0009725084545525859
2017-02-07,-0.006330016935791867
2017-02-08,-0.0031374143441976195
2017-02-09,-0.0013171835118222777
2017-02-10,0.004557904717846826
2017-02-13,0.003207478995027972
2017-02-14,0.0019926108350504144
2017-02-15,-0.003425550751635526
2017-02-16,-0.0010464453548664496
2017-02-17,-0.004681096099065483
2017-02-21,0.00015087054808975153
2017-02-22,-0.002164883554439805
2017-02-23,0.0028669060042591232
2017-02-24,-0.004929258680494904
2017-02-27,0.001067356357769114
2017-02-28,0.001408564513784166
2017-03-01,0.0007300015690136254
2017-03-02,-0.002853474005521448
2017-03-03,6.451780204465689e-05
2017-03-06,-0.0016994300522567007
2017-03-07,-0.0029847632861654118
2017-03-08,-0.0061909962245429665
2017-03-09,-0.0017936853922417963
2017-03-10,-0.0025002122839865573
2017-03-13,-0.0038779047256278848
2017-03-14,-0.0010379917175888402
2017-03-15,0.0024661991382661334
2017-03-16,0.0005286921781254336
2017-03-17,-0.0034690787208445373
2017-03-20,-0.0045334275698989115
2017-03-21,0.00027538959274991774
2017-03-22,-0.0011513162522846787
2017-03-23,0.0012586569816569893
2017-03-24,-0.0016145298691489691
2017-03-27,-0.00301675672096258
2017-03-28,0.005361736735997102
2017-03-29,-0.0028421557645277205
2017-03-30,0.004401665231249333
2017-03-31,-0.0026560756633826426
2017-04-03,-0.0014204814422547566
2017-04-04,0.001828304046414078
2017-04-05,-0.0018849750138669658
2017-04-06,0.00223560107246133
2017-04-07,-0.0021436149456720162
2017-04-10,0.00237858629786651
2017-04-11,-0.0005285167662009863
2017-04-12,-0.0013614933821185036
2017-04-13,-0.003154184444902749
2017-04-17,0.00036032827796128597
2017-04-18,-0.004892606704969781
2017-04-19,-0.004185794367015733
2017-04-20,-0.0009353862682654878
2017-04-21,-0.0025532985851404923
2017-04-24,0.0006464757385772329
2017-04-25,-0.0009644419800295106
2017-04-26,-8.911214687920197e-05
2017-04-27,-0.003769579767228492
2017-04-28,-0.0033603392322855896
2017-05-01,-0.0028046947528606505
2017-05-02,5.340740379779023e-06
2017-05-03,0.0031438024079967226
2017-05-04,-0.005598064201824053
2017-05-05,0.0015868078725106748
2017-05-08,0.0021568707527710716
2017-05-09,-0.004510461078369752
2017-05-10,-0.0020417761526013807
2017-05-11,-0.00036223539824405734
2017-05-12,-0.0037851004427381495
2017-05-15,-0.0006467029129488865
2017-05-16,-0.00448398421110026
2017-05-17,0.0002136174266582011
2017-05-18,-0.002569633502173625
2017-05-19,-0.0019068776715803403
2017-05-22,-0.0032313989853100175
2017-05-23,0.004688722101341159
2017-05-24,-0.0045815943417819175
2017-05-25,-0.008354515509146879
2017-05-26,0.0014172160109116915
2017-05-30,-0.0025090237790163054
2017-05-31,-0.004391986053651607
2017-06-01,0.002000749741627974
2017-06-02,-0.006464719088598719
2017-06-05,-0.0020472381558144428
2017-06-06,0.0024684307622144758
2017-06-07,-0.0005896222915336442
2017-06-08,0.0012110788141407945
2017-06-09,0.020744055134345147
2017-06-12,0.0034268203778183327
2017-06-13,-0.002819814674252012
2017-06-14,-0.0033340942364665444
2017-06-15,-0.00298480484297996
2017-06-16,0.0006675169009631546
2017-06-19,-0.00638371848183456
2017-06-20,2.7463822496983856e-05
2017-06-21,-0.006728113733262512
2017-06-22,-0.001752838441012619
2017-06-23,-0.002490642806361727
2017-06-26,0.006204658036606199
2017-06-27,0.008510777509591963
2017-06-28,-0.001987297715403862
2017-06-29,0.008818435135329572
2017-06-30,-0.0014761189171292766
2017-07-03,0.011324030367374881
2017-07-05,-0.006741899879022516
2017-07-06,0.00020588158308751728
2017-07-07,-0.004625060447492483
2017-07-10,0.0007462192697106252
2017-07-11,-0.0011621342934111428
2017-07-12,-0.0072281458504752216
2017-07-13,0.00452153133842687
2017-07-14,-0.0024144455769210854
2017-07-17,0.0037287284873122484
2017-07-18,-0.005021267045296729
2017-07-19,-0.0002658863089642395
2017-07-20,0.00015091477217875414
2017-07-21,-0.0005082224529454787
2017-07-24,-0.0046647830330329675
2017-07-25,0.005660404158156811
2017-07-26,-0.006085491894466264
2017-07-27,0.0045478919994093835
2017-07-28,0.002242201458591033
2017-07-31,0.0041699633821162384
2017-08-01,0.0008934043766602486
2017-08-02,0.003431904721980076
2017-08-03,-0.0039451506693737185
2017-08-04,-0.0017364281395779203
2017-08-07,-0.003936135490050055
2017-08-08,0.004890365777707402
2017-08-09,-0.002603380166796392
2017-08-10,0.0017566998213336734
2017-08-11,-0.007570899036265976
2017-08-14,-0.004301392324831583
2017-08-15,0.00046575664412673915
2017-08-16,-0.004083937290221404
2017-08-17,0.00032403611723911055
2017-08-18,0.0008189005676618515
2017-08-21,-0.001939284222990141
2017-08-22,-0.004376560474700279
2017-08-23,0.005008998180920497
2017-08-24,0.00013228446071767504
2017-08-25,0.003917896370484428
2017-08-28,-0.00249794262571179
2017-08-29,-0.002711145711560182
2017-08-30,-0.0066962812129575545
2017-08-31,-0.004087465286429602
2017-09-01,0.0040957713742594696
2017-09-05,-0.007460571273086655
2017-09-06,0.002558984421931013
2017-09-07,-0.008935666292403676
2017-09-08,0.0033424172913091264
2017-09-11,0.002533012898646176
2017-09-12,0.001635279577073712
2017-09-13,0.002381461529969915
2017-09-14,0.003054243714138427
2017-09-15,0.0010227036629601484
2017-09-18,-0.003544670866981283
2017-09-19,0.0011431720243071266
2017-09-20,0.0009032687359663105
2017-09-21,0.0017387708556210564
2017-09-22,-0.0023261355807782597
2017-09-25,0.011314311818777619
2017-09-26,-0.0007109231802451643
2017-09-27,-0.0017522487894987109
2017-09-28,0.0018485670837893797
2017-09-29,-0.0034564268171720794
2017-10-02,0.0016071746539439045
2017-10-03,-0.001465818519478029
2017-10-04,0.0003372604847969372
2017-10-05,-0.001546123677355115
2017-10-06,-0.0046979926455993914
2017-10-09,-0.001319432361740177
2017-10-10,0.0018312997842675769
2017-10-11,-0.0025105953803602667
2017-10-12,-0.0053276608755992464
2017-10-13,-0.0036587044210849755
2017-10-16,0.0017366206405861622
2017-10-17,-0.0022886881735583874
2017-10-18,0.000424683517992367
2017-10-19,0.0008788672748924785
2017-10-20,-0.000811707462334714
2017-10-23,-0.002652242362025064
2017-10-24,0.0032224195226092127
2017-10-25,0.0009920224051403817
2017-10-26,-0.005773366851530433
2017-10-27,-0.002036301725561116
2017-10-30,0.004759719895049636
2017-10-31,-0.005169262392967721
2017-11-01,0.0069088255723788825
2017-11-02,0.0033298204202183096
2017-11-03,-0.008500493547469122
2017-11-06,0.0016616745361543249
2017-11-07,-0.0036585987486207013
2017-11-08,-0.0031646487488695384
2017-11-09,0.006793275884251195
2017-11-10,-0.0035460540883495584
2017-11-13,0.002787372706193232
2017-11-14,-0.0019044074313570004
2017-11-15,0.0007249831432655203
2017-11-16,-0.006881555530526037
2017-11-17,-0.00108302819797134
2017-11-20,-0.0019981349212534333
2017-11-21,-0.001494860156310728
2017-11-22,-0.00012439755369052002
2017-11-24,-0.004047953402192036
2017-11-27,-0.003488200895005645
2017-11-28,0.0030284736173844945
2017-11-29,0.013765419145818726
2017-11-30,-0.0052256349206249286
2017-12-01,0.006355384954108918
2017-12-04,0.006371666398364568
2017-12-05,-0.005370385305901832
2017-12-06,-0.0033328304645145555
2017-12-07,-7.727563073067246e-06
2017-12-08,0.002580331270493388
2017-12-11,0.0005716439005402688
2017-12-12,0.0027917991227289075
2017-12-13,-0.006578511932082393
2017-12-14,-0.003469261300304385
2017-12-15,-0.0024974190379191278
2017-12-18,-0.0017819333314668187
2017-12-19,-0.0045371450709630464
2017-12-20,0.0016833420548354842
2017-12-21,0.005267366193684751
2017-12-22,0.0010898770871514236
2017-12-26,-0.0012288201210672919
2017-12-27,-0.0025607362989545687
2017-12-28,0.001207415447382746
2017-12-29,9.175494262528804e-05
2018-01-02,1.5292543994284598e-05
2018-01-03,-0.00460463256459346
2018-01-04,-0.0034102055016320696
2018-01-05,-0.005696488983504832
2018-01-08,-0.004739095048523006
2018-01-09,-0.0025060517543561782
2018-01-10,0.0009784019889768941
2018-01-11,1.9108153134453354e-05
2018-01-12,-0.0034418228759910833
2018-01-16,1.7274682019717026e-05
2018-01-17,-0.004497111162981276
2018-01-18,-0.007260875062008695
2018-01-19,-0.0061738084922707045
2018-01-22,0.002693298861364766
2018-01-23,-0.0013394307178388968
2018-01-24,-0.0014488070311592465
2018-01-25,-0.002540190563788469
2018-01-26,-0.005481124999469371
2018-01-29,-0.00040847606884519307
2018-01-30,-0.006312432086303554
2018-01-31,0.002988330118899865
2018-02-01,-0.0016457877615823646
2018-02-02,-0.00092721066370062
2018-02-05,-0.0011205946843380749
2018-02-06,-0.0038173212500930698
2018-02-07,-0.0032056444076391725
2018-02-08,0.0014009702369895127
2018-02-09,-0.0021920063539492274
2018-02-12,-0.0001301521099887279
2018-02-13,-0.0031966860962364847
2018-02-14,-0.003607177165180723
2018-02-15,-0.007013971439038832
2018-02-16,0.0021094018837282498
2018-02-20,-0.0037337969431083897
2018-02-21,-0.0031579276438519713
2018-02-22,-0.0036481263558785005
2018-02-23,0.000504502255215783
2018-02-26,-0.0019422789681001734
2018-02-27,-0.001935994773476812
2018-02-28,-0.0048432134319154885
2018-03-01,0.006874504220665345
2018-03-02,-0.0036826730462787075
2018-03-05,0.0016951577695370063
2018-03-06,-0.005244726004458687
2018-03-07,-0.007510941335902761
2018-03-08,-0.0033424165257423277
2018-03-09,-0.0008983676843952407
2018-03-12,0.0002937031645296285
2018-03-13,-0.0009383545391395513
2018-03-14,-0.002357460567334588
2018-03-15,-0.002063426637070991
2018-03-16,0.004449997382960072
2018-03-19,0.00045074640789318464
2018-03-20,-0.008237398184632825
2018-03-21,0.005641790729976061
2018-03-22,0.0020812497580475313
2018-03-23,-0.0038960433168018435
2018-03-26,-0.004464506069067991
2018-03-27,0.012877387767185534
2018-03-28,0.006037338377270299
2018-03-29,-0.004230564638079973
2018-04-02,0.0024333157922062573
2018-04-03,0.0011185623858859413
2018-04-04,-0.0015490753644996774
2018-04-05,0.0014372198541890138
2018-04-06,0.004628896164160311
2018-04-09,-0.0013725110346822877
2018-04-10,-0.004882768887368039
2018-04-11,0.00026151597485160084
2018-04-12,-0.002807251855855345
2018-04-13,0.002377646413758117
2018-04-16,-0.0007640159991517265
2018-04-17,-0.00828741958374071
2018-04-18,-0.001290881836076434
2018-04-19,0.00845542234743612
2018-04-20,0.004089249539690569
2018-04-23,0.0017790134296498542
2018-04-24,0.010557673309917706
2018-04-25,0.003573664467729074
2018-04-26,-0.014963064276874962
2018-04-27,-1.4767132464163935e-06
2018-04-30,-0.005727865238923299
2018-05-01,-0.0046680902701603175
2018-05-02,-0.002461689275197824
2018-05-03,-0.011910574255745486
2018-05-04,-0.0014772730078414995
2018-05-07,-0.0036842592193330275
2018-05-08,-0.005853637225629563
2018-05-09,-0.001767179746265832
2018-05-10,0.0013050302563116078
2018-05-11,-0.006586561574133443
2018-05-14,0.005753806708778271
2018-05-15,0.0013780508699277327
2018-05-16,-0.00027880853439946496
2018-05-17,0.0012376633503718038
2018-05-18,-0.006338963632627897
2018-05-21,-0.0017211849415313682
2018-05-22,0.007641135818044538
2018-05-23,-0.008249319523695887
2018-05-24,-0.0036453491242833536
2018-05-25,-0.0021423765427995563
2018-05-29,-0.008563084790764215
2018-05-30,0.0009859639843251156
2018-05-31,0.00016175794487425718
2018-06-01,-0.0063217469597572845
2018-06-04,-0.0072958363465510535
2018-06-05,-0.0035829392047844084
2018-06-06,-0.004418268202110304
2018-06-07,0.006555321684848638
2018-06-08,-0.003233216935066034
2018-06-11,-0.0018515539743749604
2018-06-12,-0.005000332755665681
2018-06-13,-0.004480222720044361
2018-06-14,-0.002642113310153028
2018-06-15,-0.0028753318086533865
2018-06-18,-0.0013439783698690716
2018-06-19,0.005067000595662681
2018-06-20,-0.0008326150037712156
2018-06-21,0.003179556983883088
2018-06-22,0.006325283743418498
2018-06-25,0.010489617816095684
2018-06-26,-0.0013444529086218259
2018-06-27,0.00703013945979114
2018-06-28,-0.006640779050068237
2018-06-29,-0.003298326729206129
2018-07-02,-0.003958889394723013
2018-07-03,0.0029120169725175334
2018-07-05,-0.0028529089033958958
2018-07-06,-0.0024283917272266992
2018-07-09,-0.0017833111129233227
2018-07-10,-0.0006283393919259616
2018-07-11,-0.003862511443656602
2018-07-12,-0.009378262694138152
2018-07-13,-0.00038716451565286325
2018-07-16,0.005886840030068902
2018-07-17,-0.004523448340625996
2018-07-18,0.0009408551554577209
2018-07-19,-0.0015476759552758568
2018-07-20,-0.0046002577607308776
2018-07-23,0.001960929282364384
2018-07-24,0.005605189848213241
2018-07-25,-0.008155336034761911
2018-07-26,0.004674327536441467
2018-07-27,0.009765708991033156
2018-07-30,0.015297678840942663
2018-07-31,-0.004090993141803697
2018-08-01,-0.007483743203640617
2018-08-02,-0.014112189459979118
2018-08-03,0.00556446928781403
2018-08-06,-0.0054488644916849995
2018-08-07,-0.003928304138984108
2018-08-08,-0.00026902813186623683
2018-08-09,-0.003498166051402804
2018-08-10,-0.005354609915635479
2018-08-13,-0.002765319971649507
2018-08-14,-0.0011912387050788138
2018-08-15,-0.001673168734823944
2018-08-16,0.004799517212675356
2018-08-17,0.0019704832446944863
2018-08-20,-0.00187617340501413
2018-08-21,-0.0014165074022523842
2018-08-22,-0.007052923982635843
2018-08-23,-0.006816258833246429
2018-08-24,-0.0047451268476181386
2018-08-27,0.002130949419596932
2018-08-28,-0.0015509525258142812
2018-08-29,-0.0026875936875409953
2018-08-30,-0.0025738485316334765
2018-08-31,-0.0052254065835130835
2018-09-04,-0.005542524225630034
2018-09-05,0.011449721453934303
2018-09-06,-0.006387988895253891
2018-09-07,-0.006620683257884808
2018-09-10,-0.005747167640923642
2018-09-11,-0.00298947077868256
2018-09-12,-0.0008091111608720361
2018-09-13,-0.0005936932093142952
2018-09-14,-0.0005890164860747761
2018-09-17,0.00965397828724975
2018-09-18,-0.002204492770112668
2018-09-19,0.0077908179948547145
2018-09-20,0.0004960275889981753
2018-09-21,0.0009220728898285743
2018-09-24,-0.00804693261258199
2018-09-25,-0.007142621301156847
2018-09-26,-0.007473791667425655
2018-09-27,-0.0022509748106365134
2018-09-28,0.00220185312234167
2018-10-01,0.003831673746497813
2018-10-02,0.008352522642349286
2018-10-03,0.0028242070366809252
2018-10-04,0.011874700604599593
2018-10-05,0.0021802398261309454
2018-10-08,0.013938523477793346
2018-10-09,-0.002619142859072211
2018-10-10,0.013119089997978478
2018-10-11,-0.006817156415480537
2018-10-12,-0.019947998386012765
2018-10-15,0.003923437024662967
2018-10-16,-0.010804932733707598
2018-10-17,-0.0005994940066409554
2018-10-18,0.0029765410892435996
2018-10-19,0.005618401006671814
2018-10-22,-0.014332369477906505
2018-10-23,-0.0012048019087308216
2018-10-24,0.007802602780447664
2018-10-25,-0.0003047084524489922
2018-10-26,-0.0030851032560695463
2018-10-29,0.008589012232332367
2018-10-30,-0.00253456152452081
2018-10-31,-0.006120321140307009
2018-11-01,-0.00046782109750390967
2018-11-02,-0.004218394099354856
2018-11-05,0.008900609197506359
2018-11-06,0.004778205987636871
2018-11-07,-0.009689560685947209
2018-11-08,-0.004560180348895776
2018-11-09,-0.0004442715092368996
2018-11-12,0.005211181510238354
2018-11-13,-2.7875026895923328e-05
2018-11-14,-0.00239517540611231
2018-11-15,-0.007950034792749642
2018-11-16,0.0038251151752875323
2018-11-19,0.020790826864734404
2018-11-20,-0.004043883967113589
2018-11-21,-0.0026450313067006145
2018-11-23,-0.0039229387648796014
2018-11-26,-0.0016196910469056715
2018-11-27,-0.0033479224029052085
2018-11-28,-0.013972823497740951
2018-11-29,-0.004391899917728982
2018-11-30,-0.0025245380489730936
2018-12-03,-0.002745998748285707
2018-12-04,0.00014422755044938423
2018-12-06,-0.009090586845462025
2018-12-07,0.009195840335390185
2018-12-10,-0.015416641736736195
2018-12-11,-0.00499855445772657
2018-12-12,-0.0045035013541113705
2018-12-13,-0.0009487787727812881
2018-12-14,0.006187103531318454
2018-12-17,0.009035421260043551
2018-12-18,-0.006896293376626835
2018-12-19,0.001206935439231855
2018-12-20,0.004438740554072489
2018-12-21,0.002390514004457344
2018-12-24,-0.005431009210387104
2018-12-26,-0.008446717118453115
2018-12-27,-0.004430886644480504
2018-12-28,-0.004808268293018419
2018-12-31,-0.004526504224964572
2019-01-02,0.01347015539808207
2019-01-03,0.0134376456114231
2019-01-04,-0.0046691579430488475
2019-01-07,-0.005930091549094196
2019-01-08,-0.004945809892629047
2019-01-09,0.0006023552878763171
2019-01-10,-0.0008013733159848513
2019-01-11,0.0018866278289258998
2019-01-14,0.0004889877064996459
2019-01-15,-0.009239198707278719
2019-01-16,0.008090243799811865
2019-01-17,-0.004180755047961831
2019-01-18,-0.0003308044985067902
2019-01-22,0.0009907769796520909
2019-01-23,-0.00033522718858225204
2019-01-24,0.008644555238215185
2019-01-25,-0.00028802701824047656
2019-01-28,0.005585302483583642
2019-01-29,0.005299618823696194
2019-01-30,-0.009555757396160804
2019-01-31,-0.002922091315885795
2019-02-01,-0.0006243795231498797
2019-02-04,-0.005554246528717118
2019-02-05,-0.005302088087100983
2019-02-06,-0.001431353053411732
2019-02-07,-0.0017401564243730416
2019-02-08,-0.009304852656748843
2019-02-11,-0.0012266759720690374
2019-02-12,-0.001073752748477005
2019-02-13,0.0009359677761990458
2019-02-14,-0.005247922220858944
2019-02-15,0.0022731197655002453
2019-02-19,0.005062211814402687
2019-02-20,0.004513428874932111
2019-02-21,-0.0027040620724311
2019-02-22,-0.008857200585172366
2019-02-25,0.0008241696272011733
2019-02-26,-0.0031504186891954593
2019-02-27,-0.004088288709038475
2019-02-28,-0.00046914530914662477
2019-03-01,-0.0037702500754627872
2019-03-04,0.005847667888322119
2019-03-05,-0.003987696822210813
2019-03-06,-0.003516159978093604
2019-03-07,-0.0012941531153584478
2019-03-08,8.752364196531028e-05
2019-03-11,-0.0013205407029313714
2019-03-12,4.648450706954809e-05
2019-03-13,-0.0001311192961241294
2019-03-14,-0.0008318061128516237
2019-03-15,-0.002221532304710604
2019-03-18,0.0013087984270138378
2019-03-19,-0.006921176128796187
2019-03-20,-0.007427628291551277
2019-03-21,-0.005606901309957828
2019-03-22,0.0023543613120735156
2019-03-25,-0.0023350633598716447
2019-03-26,-5.164095170907129e-05
2019-03-27,0.0023326966045888204
2019-03-28,-0.0038331338426744856
2019-03-29,-0.006015826953552921
2019-04-01,0.004469504170041277
2019-04-02,-0.00658997547345045
2019-04-03,-0.0024475465795978286
2019-04-04,0.009455478562427202
2019-04-05,0.0021606262560314813
2019-04-08,-0.002048522170906366
2019-04-09,-0.005611834135701984
2019-04-10,0.00016103523070071842
2019-04-11,-0.0016147588414534295
2019-04-12,0.0037327716518479083
2019-04-15,-0.005149384281375044
2019-04-16,0.00022747698255819128
2019-04-17,0.0029329732291442324
2019-04-18,-0.0025047558355064973
2019-04-22,-0.001864570790533125
2019-04-23,-0.00354113918220679
2019-04-24,-0.0005670335601899089
2019-04-25,0.002260142676020178
2019-04-26,-0.0003432621141260129
2019-04-29,0.0034211935727903073
2019-04-30,0.0008773213364284753
2019-05-01,0.001810674915468026
2019-05-02,-0.007012317565498376
2019-05-03,-0.0009371098867797314
2019-05-06,-0.002238569068965852
2019-05-07,0.0038672914010580532
2019-05-08,-0.00552299789762766
2019-05-09,-0.0014662994760035425
2019-05-10,0.001594350290516678
2019-05-13,0.005799249566050466
2019-05-14,-0.0036212607054528535
2019-05-15,-0.005813108035834121
2019-05-16,-0.004282417427462409
2019-05-17,-0.0002536611990210779
2019-05-20,0.0047895873363279756
2019-05-21,0.0007649299872192761
2019-05-22,-0.003333775180063692
2019-05-23,-0.0012345544259753163
2019-05-24,0.0026542951806614173
2019-05-28,-0.007173026675691769
2019-05-29,0.0018939396527470126
2019-05-30,-0.01043950462296121
2019-05-31,-0.0028998012949983647
2019-06-03,0.015980810062639843
2019-06-04,-0.004379969249550041
2019-06-05,-0.0087447509417445
2019-06-06,-0.0023512366092409524
2019-06-07,-0.009270101268021648
2019-06-10,-0.0017508299787362645
2019-06-11,0.004631468151993346
2019-06-12,-0.006902452393726885
2019-06-13,0.00638995600941478
2019-06-14,0.002781909500705413
2019-06-17,0.0007367220715937889
2019-06-18,0.0016607093317335397
2019-06-19,-0.0047168286648131205
2019-06-20,0.002403176444621676
2019-06-21,0.004087882789203454
2019-06-24,-0.002873276265873548
2019-06-25,0.005936022696636915
2019-06-26,0.003167934722280454
2019-06-27,-0.0009093304748914186
2019-06-28,0.0029861501824160917
2019-07-01,-0.0017476213166680472
2019-07-02,-0.0071721845688696596
2019-07-03,-0.00308457249063839
2019-07-05,0.002333783874917241
2019-07-08,0.00046396048325592423
2019-07-09,-0.002013965326155655
2019-07-10,-0.0027783735354472818
2019-07-11,-0.000987531683913705
2019-07-12,0.00137743445691311
2019-07-15,-0.006222425007103298
2019-07-16,0.003233872716546078
2019-07-17,-0.009061962560438175
2019-07-18,0.00025095396784207205
2019-07-19,0.0066951471490969625
2019-07-22,-0.00047268181502979146
2019-07-23,0.003145160669575455
2019-07-24,0.004155121065908957
2019-07-25,-0.00295523989948758
2019-07-26,-0.0020306659885864766
2019-07-29,-0.00043056953915087846
2019-07-30,0.0058958764278056325
2019-07-31,-0.0003827598578217718
2019-08-01,-0.01005200411810176
2019-08-02,0.0015555881804188171
2019-08-05,0.002536285663495036
2019-08-06,-0.012287505886107383
2019-08-07,-0.00462371981797886
2019-08-08,-0.006470682939988932
2019-08-09,-0.0017762211082605738
2019-08-12,-0.004048560756494096
2019-08-13,-0.0028738786401721252
2019-08-14,-0.006059412481711483
2019-08-15,-0.010346857212621801
2019-08-16,0.0037306533340456527
2019-08-19,0.0007404392524177194
2019-08-20,-0.004807188826737492
2019-08-21,-0.005906488053690099
2019-08-22,0.000299615299716523
2019-08-23,-0.0027814414634794865
2019-08-26,-0.00042690235670013975
2019-08-27,-0.0078588246835812
2019-08-28,0.006786272062596486
2019-08-29,0.003069034977580723
2019-08-30,0.006228874863798077
2019-09-03,0.0006956681366533692
2019-09-04,0.004908051985171155
2019-09-05,-0.00043648730784572216
2019-09-06,0.0025228852092625564
2019-09-09,0.029706774086114416
2019-09-10,0.021765492058654988
2019-09-11,0.0026241007391561346
2019-09-12,-0.0032476442251700766
2019-09-13,0.008936741739007843
2019-09-16,0.004060409989384554
2019-09-17,-0.01157738848348047
2019-09-18,-0.0009558126213331996
2019-09-19,-0.0025362498061689467
2019-09-20,0.002213614009172598
2019-09-23,-0.0002619481656482099
2019-09-24,-0.0022184014799989382
2019-09-25,0.00034922809230235937
2019-09-26,-0.003940041810712687
2019-09-27,0.005849945007888898
2019-09-30,-0.005962664097976434
2019-10-01,-0.00913843352286498
2019-10-02,-0.0033176512016408616
2019-10-03,-0.004619944165399861
2019-10-04,9.516635941322557e-05
2019-10-07,-0.0006953200280143748
2019-10-08,-0.003801649378451507
2019-10-09,-0.0017115781567369898
2019-10-10,0.0024637195346760496
2019-10-11,0.001575400480306943
2019-10-14,-0.0016599512333871926
2019-10-15,0.00093457518718986
2019-10-16,0.0007550578623278792
2019-10-17,-0.003596637766473133
2019-10-18,0.004369143885504011
2019-10-21,0.004971383788674082
2019-10-22,0.015051564435440676
2019-10-23,0.003886670148709603
2019-10-24,-0.015163827169952543
2019-10-25,-0.006227665092170322
2019-10-28,-0.0056055495308669386
2019-10-29,0.004219299168453024
2019-10-30,-0.006364157407619101
2019-10-31,0.001754542555779621
2019-11-01,0.006663048689037065
2019-11-04,0.010195100669906134
2019-11-05,0.0034074240306010114
2019-11-06,-0.005875504233512778
2019-11-07,-0.003259381209018563
2019-11-08,-0.001236359265478856
2019-11-11,-0.004258459747286593
2019-11-12,-0.0037936950348801367
2019-11-13,-0.008176059950497638
2019-11-14,-0.0028933298895859783
2019-11-15,0.001379603223979932
2019-11-18,-0.004113252800855803
2019-11-19,-0.007040536947498336
2019-11-20,-0.0009927691091436756
2019-11-21,0.005606364467314642
2019-11-22,0.0033026002265896526
2019-11-25,-0.0032601337889804688
2019-11-26,-0.005192606854788907
2019-11-27,-0.0009463745606927733
2019-11-29,-0.000943209026539547
2019-12-02,0.0010268711451781442
2019-12-03,-0.006077444229426547
2019-12-04,0.002548254418336582
2019-12-05,0.002271338062500022
2019-12-06,0.0019535758228574254
2019-12-09,0.002799263192424966
2019-12-10,0.001628292551914093
2019-12-11,-0.004024961184496257
2019-12-12,0.007798412816294399
2019-12-13,-0.005519714547018844
2019-12-16,-0.0035170050972886703
2019-12-17,0.004127300693160204
2019-12-18,0.0007577234558586085
2019-12-19,-0.0038901953225626224
2019-12-20,-0.0011229407829920646
2019-12-23,0.000646417674751195
2019-12-24,-0.0006830473633238167
2019-12-26,-0.00028063203155080044
2019-12-27,-0.002785535065248488
2019-12-30,0.003539653251690521
2019-12-31,0.0031279403336336355
2020-01-02,-0.004319813779359569
2020-01-03,-0.003101003784518915
2020-01-06,-0.0026439762595488526
2020-01-07,0.001682918607619648
2020-01-08,-0.006751983189564519
2020-01-09,-0.006389028407196738
2020-01-10,-0.004074421073648945
2020-01-13,-0.0014910915773567526
2020-01-14,0.00364295560277225
2020-01-15,-0.005640405853685702
2020-01-16,-0.001788021678017537
2020-01-17,0.0013051970167568406
2020-01-21,-0.008696130799063832
2020-01-22,-0.004425035361879841
2020-01-23,-0.0002699508183067489
2020-01-24,-0.002626972730292578
2020-01-27,-0.004078537796639298
2020-01-28,-0.0011687618399462262
2020-01-29,-0.001969959500314242
2020-01-30,0.004105330657415493
2020-01-31,0.00039936163242593886
2020-02-03,-0.006585786537040292
2020-02-04,-0.0038634161839550332
2020-02-05,0.015357252744346385
2020-02-06,-0.005413375627934983
2020-02-07,-0.0007921384793154115
2020-02-10,-0.0047593490455007815
2020-02-11,0.001527777815556344
2020-02-12,-0.0007571126386965452
2020-02-13,-0.002957080088708147
2020-02-14,-0.009687464830938596
2020-02-18,-0.0033964376869284416
2020-02-19,-0.0011797879808441505
2020-02-20,0.004197617678648874
2020-02-21,0.00227462770128687
2020-02-24,-0.004160194339141415
2020-02-25,-0.008604045527206106
2020-02-26,-0.01383502402948202
2020-02-27,-0.005377368803795815
2020-02-28,-0.0033201163006735916
2020-03-02,-0.0026968339352933662
2020-03-03,-0.00828189872994493
2020-03-04,-0.009914033278123582
2020-03-05,-0.01349086308327168
2020-03-06,-0.011806784350023976
2020-03-09,-0.050037248799304435
2020-03-10,0.0050765544885977565
2020-03-11,-0.018874277959602934
2020-03-12,-0.03267838921085775
2020-03-13,0.014858895168537362
2020-03-16,-0.03162108380992326
2020-03-17,-0.016121451847801088
2020-03-18,-0.046865660501248116
2020-03-19,0.018982510741699366
2020-03-20,0.01693662519141878
2020-03-23,-0.018114672621022416
2020-03-24,0.03623461580680977
2020-03-25,0.02806766968391277
2020-03-26,-0.006891798718826961
2020-03-27,-0.009050406995805733
2020-03-30,-0.01773928524143189
2020-03-31,0.004024091856279142
2020-04-01,-0.019648938387746437
2020-04-02,-0.0034056954426547915
2020-04-03,-0.01043841478860715
2020-04-06,0.008871802046861776
2020-04-07,0.014579914692871329
2020-04-08,0.021045535566151054
2020-04-09,0.019425286093053773
2020-04-13,-0.01593898751605435
2020-04-14,-0.02515159554450423
2020-04-15,-0.02763875767777202
2020-04-16,-0.026579181594652668
2020-04-17,0.028031882486065727
2020-04-20,-0.012028290909898758
2020-04-21,0.003934222514949754
2020-04-22,-0.010811179379154351
2020-04-23,0.005998132366563582
2020-04-24,-0.0005862104873695408
2020-04-27,0.01233892171153389
2020-04-28,0.025979850889378594
2020-04-29,0.012026372852073652
2020-04-30,-0.020402697640298242
2020-05-01,-0.014899233561630122
2020-05-04,-0.010675212101702315
2020-05-05,-0.012006975224655537
2020-05-06,-0.023478653160515978
2020-05-07,0.0008585921702581704
2020-05-08,0.022063641423814284
2020-05-11,-0.025978723735373674
2020-05-12,-0.00816580931387052
2020-05-13,-0.01928185878257321
2020-05-14,0.009915568791951341
2020-05-15,-0.011410113916183223
2020-05-18,0.03649425317730791
2020-05-19,-0.011927277652598565
2020-05-20,0.005626787947121462
2020-05-21,0.004406074514738209
2020-05-22,-0.006488082574173598
2020-05-26,0.03816988682318406
2020-05-27,0.022628848207518235
2020-05-28,-0.016957176621295773
2020-05-29,-0.01977561600188328
2020-06-01,0.008610171238729187
2020-06-02,0.004231919631793413
2020-06-03,0.022684011741773577
2020-06-04,0.02338208427506756
2020-06-05,0.013643556724911896
2020-06-08,0.02331204050692323
2020-06-09,-0.01812600751448541
2020-06-10,-0.03278724869061189
2020-06-11,-0.021511241499139216
2020-06-12,0.016453413870132747
2020-06-15,-0.0030488512500638186
2020-06-16,0.0012974734733382925
2020-06-17,-0.016249447885949203
2020-06-18,-0.0010623272617548243
2020-06-19,-0.013328846096525005
2020-06-22,-0.007209988976352248
2020-06-23,0.0006259663648844585
2020-06-24,-0.011604705515359717
2020-06-25,0.0001305765064113472
2020-06-26,-0.013853390293368153
2020-06-29,0.009847824877066098
2020-06-30,-0.005078088758059974
2020-07-01,-0.013307062572328705
2020-07-02,-0.00048581354067062446
2020-07-06,-0.0005018014563171087
2020-07-07,-0.016771142099725488
2020-07-08,-0.005435446631020873
2020-07-09,-0.0268512122148572
2020-07-10,0.02473492777405634
2020-07-13,0.01565947108545865
2020-07-14,-0.003895821888094791
2020-07-15,0.006215091544643017
2020-07-16,0.006095592903768404
2020-07-17,-0.009729502906149374
2020-07-20,-0.023040878103103173
2020-07-21,0.02024148421784918
2020-07-22,-0.0028490266738130324
2020-07-23,0.010731713726692451
2020-07-24,-0.0021632157032632927
2020-07-27,-0.017658311724179827
2020-07-28,0.008930097372220894
2020-07-29,-8.372137695458748e-06
2020-07-30,-0.017809036356264133
2020-07-31,-0.005300648810180266
2020-08-03,-0.005215759589462078
2020-08-04,-0.000666269472650291
2020-08-05,0.0043162611690980655
2020-08-06,-0.003396937266091305
2020-08-07,0.01881252949356032
2020-08-10,0.019986809421205242
2020-08-11,0.0065392442231968564
2020-08-12,-0.012376581319709465
2020-08-13,-0.01313284746778254
2020-08-14,0.007067844469873795
2020-08-17,-0.018248320082969623
2020-08-18,-0.009812273358679197
2020-08-19,0.000918808274795407
2020-08-20,-0.013620991255191752
2020-08-21,-0.004904997380459474
2020-08-24,0.01944415962292287
2020-08-25,-0.006839238698073844
2020-08-26,-0.016433903319010443
2020-08-27,0.009584967928150192
2020-08-28,0.001303857460824379
2020-08-31,-0.014035679965859563
2020-09-01,-0.007346488119186462
2020-09-02,0.001398344239266991
2020-09-03,0.024856776807786782
2020-09-04,0.016357679397202594
2020-09-08,0.00034500605353230546
2020-09-09,-0.016823103489416066
2020-09-10,-0.0019018828708631755
2020-09-11,0.008614956131402646
2020-09-14,0.0029244542645418814
2020-09-15,-0.015639165369314905
2020-09-16,0.022207086461889465
2020-09-17,0.0063510618380072815
2020-09-18,-0.0022802271330510087
2020-09-21,-0.022276366764543316
2020-09-22,-0.012791489182720255
2020-09-23,-0.0007520550592568093
2020-09-24,0.0003158059490658209
2020-09-25,-0.005957645093877421
2020-09-28,0.0027532719662481456
2020-09-29,-0.008861565429428165
2020-09-30,0.0011357614086188903
2020-10-01,-0.004339566472059355
2020-10-02,0.019279616038241097
2020-10-05,0.0016747468607874495
2020-10-06,0.001107226828432657
2020-10-07,-0.0024468419131028207
2020-10-08,0.012268637704144596
2020-10-09,-0.013494459432249454
2020-10-12,-0.0010417493836903163
2020-10-13,-0.014794198066670348
2020-10-14,0.0005527056310535849
2020-10-15,0.0036186745012283814
2020-10-16,-3.0220495092791707e-05
2020-10-19,0.0005650610997482951
2020-10-20,0.00480275693281156
2020-10-21,-0.0010929520342106798
2020-10-22,0.01658040207159138
2020-10-23,-0.002674850688840009
2020-10-26,-0.0025531024356845178
2020-10-27,-0.013121199393717371
2020-10-28,-0.0003204924439068092
2020-10-29,0.0009286896339498352
2020-10-30,0.01467764297134191
2020-11-02,0.01045754297768579
2020-11-03,-0.00485167715158364
2020-11-04,-0.03726290618468402
2020-11-05,0.0013164839175106857
2020-11-06,-0.01280034534439654
2020-11-09,0.06870561189567392
2020-11-10,0.022605070938938873
2020-11-11,-0.017227572231522777
2020-11-12,-0.007134734645637412
2020-11-13,0.01202671661059244
2020-11-16,0.015165855444772704
2020-11-17,-0.001500487232633115
2020-11-18,-0.0023424883944450758
2020-11-19,-0.0047477383118107236
2020-11-20,0.0011110453704605379
2020-11-23,0.014214615680364473
2020-11-24,0.019590388488831864
2020-11-25,-0.006411155720629626
2020-11-27,-0.011803867778371538
2020-11-30,-0.021223209589954085
2020-12-01,0.0044039170099316426
2020-12-02,0.012024734080536162
2020-12-03,0.0036362472435824966
2020-12-04,0.005042932420891155
2020-12-07,-0.007341896549197731
2020-12-08,-0.00457421640592606
2020-12-09,0.006903686884515203
2020-12-10,-0.003939269962626028
2020-12-11,-0.005737685312254478
2020-12-14,-0.015974675359769794
2020-12-15,0.005063621809064733
2020-12-16,-0.006588153648033055
2020-12-17,-0.006822317737087083
2020-12-18,-0.013543978901547684
2020-12-21,0.0033500667807254848
2020-12-22,-0.011198795106249985
2020-12-23,0.01481606567898738
2020-12-24,-0.0011363888519463766
2020-12-28,0.0007905471538449649
2020-12-29,-3.459688610090231e-05
2020-12-30,0.003640810231011994
2020-12-31,0.002769963399332654
2021-01-04,0.00047426878629293345
2021-01-05,0.0018156753369969149
2021-01-06,0.031002701266593657
2021-01-07,-0.009662094631244466
2021-01-08,-0.01154026383899013
2021-01-11,0.005689937238882177
2021-01-12,0.009186071379190527
2021-01-13,0.0059565643756662855
2021-01-14,0.011669626057721073
2021-01-15,-0.003154523931604975
2021-01-19,-0.0012669859797880493
2021-01-20,-0.00810206034245475
2021-01-21,-0.0053368293369331745
2021-01-22,3.6157622357633513e-05
2021-01-25,-0.000501255013137139
2021-01-26,-0.001001080509795342
2021-01-27,0.006100644557091951
2021-01-28,-0.00227703570371879
2021-01-29,0.0014396963807497727
2021-02-01,-0.00630021472328113
2021-02-02,-0.007812557848984472
2021-02-03,0.011576027002277596
2021-02-04,-0.0011265246994637997
2021-02-05,0.0010154980128693524
2021-02-08,0.0018280829834508468
2021-02-09,0.0006459964191848349
2021-02-10,0.0031096566114411864
2021-02-11,-0.005545795143069535
2021-02-12,-0.0021112903270871664
2021-02-16,0.006671300756028257
2021-02-17,0.004856830450911078
2021-02-18,-0.0034300451725655903
2021-02-19,0.0034538340263792497
2021-02-22,0.021744287769869898
2021-02-23,0.008280920978127482
2021-02-24,0.0072700314433227775
2021-02-25,0.001822298576779794
2021-02-26,-0.015532581683072968
2021-03-01,0.0019289081736851878
2021-03-02,0.00832848709440643
2021-03-03,0.021098179843103703
2021-03-04,0.015166624082530927
2021-03-05,0.0032566146527404256
2021-03-08,0.023866966579201218
2021-03-09,-0.025325143421738056
2021-03-10,0.011113073477164576
2021-03-11,-0.014142970142874713
2021-03-12,0.014778640215895178
2021-03-15,-0.007994372430102464
2021-03-16,-0.0032300012010907254
2021-03-17,0.0036045475053885796
2021-03-18,0.01305175212521597
2021-03-19,-0.006584814199168182
2021-03-22,-0.018055364270135345
2021-03-23,-0.007022275380373836
2021-03-24,0.0072648645118105985
2021-03-25,0.009808845062774164
2021-03-26,-0.014230827244738169
2021-03-29,-0.002195139920271285
2021-03-30,0.00895448764079592
2021-03-31,-0.014965703116080985
2021-04-01,-0.0034256776731029035
2021-04-05,-0.006170921752171336
2021-04-06,-0.0005929565226619731
2021-04-07,0.004770832404243512
2021-04-08,-0.011621787652560516
2021-04-09,-0.002341837760141164
2021-04-12,0.0010941640803965769
2021-04-13,-0.005739640917468312
2021-04-14,0.009690146367634203
2021-04-15,-0.007871955996362163
2021-04-16,-0.0013924838000587093
2021-04-19,0.004688906509770814
2021-04-20,-0.0038818009121118578
2021-04-21,0.003120717658893709
2021-04-22,-0.007166105913668871
2021-04-23,-0.00024686572742913145
2021-04-26,0.002453552090808845
2021-04-27,0.00111030352666676
2021-04-28,0.0055116738925388995
2021-04-29,0.005543529445739719
2021-04-30,0.0016082017978967487
2021-05-03,0.005360328147002991
2021-05-04,0.007699812617926735
2021-05-05,0.0068575071467474455
2021-05-06,0.0108942435654127
2021-05-07,-0.003480039855686982
2021-05-10,0.008172733595901385
2021-05-11,-0.008814859426919461
2021-05-12,0.006244683685760075
2021-05-13,0.003620028756775334
2021-05-14,-0.0024463124678720666
2021-05-17,0.007947923379727478
2021-05-18,-0.003940701295862966
2021-05-19,-0.004933869949907539
2021-05-20,-0.011045623277980043
2021-05-21,0.006709563253143175
2021-05-24,-0.004213454722736
2021-05-25,-0.009315108528185978
2021-05-26,0.0025792789118164496
2021-05-27,0.006572601383740508
2021-05-28,-0.0009686747550965501
2021-06-01,0.009350037296913501
2021-06-02,0.0005334723937059123
2021-06-03,0.006978514641914502
2021-06-04,-0.008775015571479262
2021-06-07,-0.002840596706419264
2021-06-08,-0.0033754560855575174
2021-06-09,-0.002536210690872352
2021-06-10,-0.01298527555578755
2021-06-11,-0.0010326147900314997
2021-06-14,-0.008989819350513862
2021-06-15,0.004244241320986357
2021-06-16,-0.001464824479918676
2021-06-17,-0.024948357343021806
2021-06-18,-0.012823099317389383
2021-06-21,0.005849980721632713
2021-06-22,-0.006358282745810926
2021-06-23,0.0008628276094323119
2021-06-24,0.0027698116247559263
2021-06-25,0.005239681769132786
2021-06-28,-0.01080022338919607
2021-06-29,-0.009565661347104135
2021-06-30,0.004983410754981876
2021-07-01,0.001799998389741259
2021-07-02,-0.007705719954141157
2021-07-06,-0.013049849193206153
2021-07-07,-0.002626393205417484
2021-07-08,-0.005168817223676191
2021-07-09,0.009440696981405185
2021-07-12,0.0058093819386749205
2021-07-13,-0.005030988729306735
2021-07-14,-0.0008447739195320937
2021-07-15,0.0045253680087652005
2021-07-16,-0.006384958238182489
2021-07-19,-0.013834967133245446
2021-07-20,0.0036518229352643303
2021-07-21,0.0036986612996674356
2021-07-22,-0.01234175663358697
2021-07-23,-0.004242387783062897
2021-07-26,0.0065087949695971405
2021-07-27,0.006316252454784151
2021-07-28,-0.0026572569211638156
2021-07-29,0.0021717496440324096
2021-07-30,-0.0067296265930343315
2021-08-02,-0.001804063415514951
2021-08-03,0.0026471714840583596
2021-08-04,-0.012473485464122169
2021-08-05,0.0038650873901453628
2021-08-06,0.011922362899458215
2021-08-09,0.00145591379473269
2021-08-10,0.007074946136801997
2021-08-11,0.007167912721758462
2021-08-12,-0.0045408629547155155
2021-08-13,-0.002785519499424517
2021-08-16,-0.0045846638374508995
2021-08-17,-0.001788355006426167
2021-08-18,6.931171938166954e-05
2021-08-19,-0.013107510087783894
2021-08-20,-0.00012273361614913506
2021-08-23,-0.0015236060760743615
2021-08-24,0.0007701185816966953
2021-08-25,0.0018513039971685607
2021-08-26,-0.004142087884798659
2021-08-27,0.0025311692587208414
2021-08-30,-0.013497052703305748
2021-08-31,0.0015863725621714446
2021-09-01,-0.0037241413832760193
2021-09-02,0.0004545329338769364
2021-09-03,-0.00583848245992162
2021-09-07,-0.001392537239498547
2021-09-08,-0.00034164761544966187
2021-09-09,0.00033896931054819496
2021-09-10,-0.00446427695075797
2021-09-13,0.013569853942306954
2021-09-14,-0.006503634656889549
2021-09-15,0.0065558497099127535
2021-09-16,-0.0030264087448397467
2021-09-17,0.0019186712732126212
2021-09-20,-0.0065960613832306975
2021-09-21,-0.0022149291727387456
2021-09-22,0.001413492589259168
2021-09-23,0.0011463778294160329
2021-09-24,0.0004110988490171211
2021-09-27,0.018598897031488742
2021-09-28,0.012211292127556093
2021-09-29,0.0032360998463667285
2021-09-30,-0.0030838742794063977
2021-10-01,0.001443731605059128
2021-10-04,0.013976816475829783
2021-10-05,-0.0029893139633913896
2021-10-06,0.0006329709502455984
2021-10-07,-0.0032554015764976064
2021-10-08,0.007002583648735721
2021-10-11,-0.0029444371472455468
2021-10-12,-0.0018343425696971984
2021-10-13,-0.004153799631329306
2021-10-14,-0.002840533285278689
2021-10-15,-0.0005514325454607869
2021-10-18,-0.008563605925805119
2021-10-19,0.0029322620148852802
2021-10-20,0.011764759814273202
2021-10-21,-0.012817706200180131
2021-10-22,-0.0012318631703842962
2021-10-25,-0.0011636833949278751
2021-10-26,-0.00480762855561918
2021-10-27,-0.011220000154656016
2021-10-28,-0.00269991766106553
2021-10-29,-0.013328287847407446
2021-11-01,0.00842286344345737
2021-11-02,-0.008927293337870349
2021-11-03,0.008579266057279185
2021-11-04,-0.01615219709251286
2021-11-05,6.53735872295294e-05
2021-11-08,-0.003924649029642669
2021-11-09,-0.001589410653386758
2021-11-10,0.00929990745299955
2021-11-11,0.0019183327117035832
2021-11-12,-0.005748344009153566
2021-11-15,0.000878208819193785
2021-11-16,-0.01117694253483019
2021-11-17,-0.0014528714100540616
2021-11-18,-0.0041314167213302826
2021-11-19,-0.006833578193406695
2021-11-22,0.018319988203037357
2021-11-23,0.009217176358324926
2021-11-24,-0.0069046671270568925
2021-11-26,-0.0036349694461390095
2021-11-29,-0.01267032280636998
2021-11-30,-0.0065887656124081935
2021-12-01,0.005536163785036456
2021-12-02,0.0029120867787697097
2021-12-03,0.008200408046739341
2021-12-06,0.005823584088539353
2021-12-07,-0.009144741413553547
2021-12-08,-0.005926950227407114
2021-12-09,0.005312069228599122
2021-12-10,-0.005072324676896281
2021-12-13,-0.0030310191948608785
2021-12-14,0.012462407477640079
2021-12-15,-0.012877798007241974
2021-12-16,0.015703336684053923
2021-12-17,-0.009157875885030349
2021-12-20,-0.007459448946419908
2021-12-21,-0.0010220105971221645
2021-12-22,-0.0061165119703573065
2021-12-23,-0.0006151612799179442
2021-12-27,-0.006846876403846567
2021-12-28,0.006874351717124662
2021-12-29,-0.0010577374334391817
2021-12-30,0.0029074910726534084
2021-12-31,-0.00014986277990305399
2022-01-03,0.016849486972410288
2022-01-04,0.022780447327172652
2022-01-05,0.018806562674175048
2022-01-06,0.006899110884744021
2022-01-07,0.019683262436104007
2022-01-10,0.0015960031011303158
2022-01-11,-0.0025645120896126694
2022-01-12,0.0008442740116439058
2022-01-13,0.021219644641857376
2022-01-14,0.004521395829465433
2022-01-18,0.0013150017918811055
2022-01-19,-0.00988630024985192
2022-01-20,0.0014574124961817588
2022-01-21,0.0010265074083754579
2022-01-24,-0.006580434493116713
2022-01-25,0.018692795552254574
2022-01-26,0.0050617650323696774
2022-01-27,0.0030637035079988367
2022-01-28,-0.016690606145955134
2022-01-31,-0.013461919768262135
2022-02-01,1.0290185438226879e-05
2022-02-02,0.0015951646024163699
2022-02-03,0.006605685207064178
2022-02-04,-0.0017461077821017163
2022-02-07,0.00309050303095522
2022-02-08,-0.001325408936556506
2022-02-09,-0.007940752989634346
2022-02-10,0.004627013247255063
2022-02-11,0.00916700152683532
2022-02-14,-0.006277306620157633
2022-02-15,-0.00798487574336973
2022-02-16,0.0015792989694862988
2022-02-17,0.0019968637163601845
2022-02-18,0.0021125356981436037
2022-02-22,0.005444566919924576
2022-02-23,0.005876805727633692
2022-02-24,-0.02586060918313539
2022-02-25,0.010308044256505819
2022-02-28,-0.005473038341635745
2022-03-01,-0.014822512225359904
2022-03-02,0.006633668081522489
2022-03-03,0.005895606498179915
2022-03-04,-0.0015617303199135
2022-03-07,0.009772282995628604
2022-03-08,0.009759235633851523
2022-03-09,-0.011232539776760607
2022-03-10,0.0033005504874533973
2022-03-11,0.009506581019666272
2022-03-14,0.009458745848750902
2022-03-15,-0.013914187853919116
2022-03-16,-0.006197505464412691
2022-03-17,-0.003548502466341738
2022-03-18,-0.01488043119034235
2022-03-21,0.008226104184466112
2022-03-22,-0.0009833994902729397
2022-03-23,0.006449991793325012
2022-03-24,-0.003629805812864
2022-03-25,0.011179766743790955
2022-03-28,-0.012223387703005698
2022-03-29,-0.006081439834397202
2022-03-30,0.002454533324914958
2022-03-31,-0.0020920431369413905
2022-04-01,-0.0007467851464952767
2022-04-04,-0.00798462358135003
2022-04-05,0.000502704486727382
2022-04-06,0.00538867897210632
2022-04-07,-0.010615956478617584
2022-04-08,0.011745277812496282
2022-04-11,0.010282728977766869
2022-04-12,0.002086350478145602
2022-04-13,-0.003877234460443824
2022-04-14,0.005991512388301568
2022-04-18,0.009140214159820515
2022-04-19,-0.0039251683769169175
2022-04-20,-0.0006662486177572867
2022-04-21,0.000418656872288755
2022-04-22,-0.000476223851864941
2022-04-25,-0.006963109064522181
2022-04-26,0.0038775895664134308
2022-04-27,-0.0020570122758753117
2022-04-28,-0.004729522854045626
2022-04-29,0.005240772380796187
2022-05-02,0.0025157295135703386
2022-05-03,0.013382212069894601
2022-05-04,0.0010919195249881782
2022-05-05,0.008393290603590647
2022-05-06,0.0020342763787637554
2022-05-09,0.00811365004484
2022-05-10,-0.009330149711513747
2022-05-11,0.00771614213207792
2022-05-12,-0.007388731171796483
2022-05-13,-0.00608727365252916
2022-05-16,0.0047540404068795415
2022-05-17,0.010912484927705966
2022-05-18,0.011260150189878915
2022-05-19,-0.006167024403557199
2022-05-20,-0.005614543317600932
2022-05-23,0.006365828081801148
2022-05-24,0.0029559833153673483
2022-05-25,0.001200384241104118
2022-05-26,-0.007153896110257685
2022-05-27,-0.008035580616321297
2022-05-31,0.006459699573924427
2022-06-01,0.00023794750750981072
2022-06-02,-0.012985611481440403
2022-06-03,-0.00041159546525313014
2022-06-06,0.0016689147676312455
2022-06-07,-0.0009991488537266467
2022-06-08,-0.003320083831843519
2022-06-09,-0.007918223453639444
2022-06-10,-0.00301837674489798
2022-06-13,-0.006165231266527377
2022-06-14,-0.0015507905277358592
2022-06-15,-0.0019669227685344785
2022-06-16,-0.003253487857619773
2022-06-17,-0.0025225369443802916
2022-06-21,0.0006208368460845874
2022-06-22,-0.003916642962389004
2022-06-23,-0.01951512164877083
2022-06-24,0.0026106454434824955
2022-06-27,0.0039040514761419054
2022-06-28,0.011859681457665737
2022-06-29,-0.008703746513027324
2022-06-30,-0.0036918350721853715
2022-07-01,0.0020723892653901274
2022-07-05,-0.01436919675328151
2022-07-06,-0.006125313598962949
2022-07-07,-0.0006183572118619654
2022-07-08,-0.0008353872225403233
2022-07-11,0.0012786427552734262
2022-07-12,0.012447936531784979
2022-07-13,-0.006824868788255429
2022-07-14,-0.013253434257686025
2022-07-15,0.008970656192468483
2022-07-18,0.006113619166396004
2022-07-19,-0.0017559304541449952
2022-07-20,-0.00490043733045057
2022-07-21,-0.009129674538717613
2022-07-22,-0.0008617920359250521
2022-07-25,0.010554559247690387
2022-07-26,0.004987697444621917
2022-07-27,-0.007672772674214474
2022-07-28,-0.01391032522599472
2022-07-29,0.001018790885087958
2022-08-01,-0.0032839261092143697
2022-08-02,-0.0064705883430812225
2022-08-03,-0.005358455506935367
2022-08-04,-0.005036577483475781
2022-08-05,-0.002731843247640065
2022-08-08,0.0016365628557765501
2022-08-09,0.010243789573829737
2022-08-10,-0.000533937790742036
2022-08-11,0.011747394126106796
2022-08-12,-0.0018977379103519588
2022-08-15,-0.006241501648822617
2022-08-16,0.0027666030664090825
2022-08-17,-0.003303513587513859
2022-08-18,-0.0010865331222092347
2022-08-19,0.0012153487427910507
2022-08-22,-0.0014213336281600694
2022-08-23,0.004059892767935844
2022-08-24,0.0007941980230717002
2022-08-25,0.001222587644995301
2022-08-26,0.0058102839144039825
2022-08-29,0.00252011479572713
2022-08-30,-0.002470749923321589
2022-08-31,-0.0028643082542030573
2022-09-01,-0.005067910336291225
2022-09-02,0.004057983046907824
2022-09-06,-0.0053624193686029
2022-09-07,-0.0038506615692154335
2022-09-08,0.0001112460607526275
2022-09-09,0.0026809976629001576
2022-09-12,0.003897789461687765
2022-09-13,0.0005453647707148318
2022-09-14,-0.0038472395491061266
2022-09-15,0.007349450475263215
2022-09-16,-0.005442063009335115
2022-09-19,0.003436239151894227
2022-09-20,-0.003968245374311832
2022-09-21,-0.0031745887148668453
2022-09-22,0.0065801275131044945
2022-09-23,-0.009085650877638955
2022-09-26,-0.011967614476077054
2022-09-27,-0.0019549338547122964
2022-09-28,0.0005518195459224204
2022-09-29,-0.005255956693646747
2022-09-30,0.004288396390263464
2022-10-03,0.003036484037243853
2022-10-04,0.00428336804000385
2022-10-05,-0.009880523430556967
2022-10-06,-0.004724643799455095
2022-10-07,0.0033041376613345205
2022-10-10,0.005290132815911076
2022-10-11,0.003073577185648821
2022-10-12,-0.0014371505507504607
2022-10-13,0.013529231097401822
2022-10-14,0.006538041007167088
2022-10-17,-0.0064108404616114445
2022-10-18,0.0010944023336178967
2022-10-19,0.0005127230106276408
2022-10-20,0.000883547290715124
2022-10-21,0.0028012625415914094
2022-10-24,-0.0010686675987508117
2022-10-25,-0.003533371077530774
2022-10-26,-0.0008517958517310692
2022-10-27,-0.0017579495964304124
2022-10-28,-0.0025965138706609513
2022-10-31,-0.0019866315106224822
2022-11-01,0.0004945733955209882
2022-11-02,0.009532670815639986
2022-11-03,-0.003483165591331324
2022-11-04,0.0010939348229775069
2022-11-07,-0.0030815025645151983
2022-11-08,-0.0009826963786187803
2022-11-09,-0.004709124786510161
2022-11-10,-0.008389775939870912
2022-11-11,0.0026891927449151903
2022-11-14,-0.0032598700724322405
2022-11-15,-0.005744047090364681
2022-11-16,-0.006612733940196845
2022-11-17,0.00493720216076537
2022-11-18,0.0020826638334817136
2022-11-21,0.0001491537024962167
2022-11-22,0.0033651863858310035
2022-11-23,-0.00121007240900102
2022-11-25,0.0031525556237186232
2022-11-28,-0.004284011218134327
2022-11-29,0.010619286350549824
2022-11-30,-0.009861620916467903
2022-12-01,-0.011075113118834249
2022-12-02,-0.0019166953380247897
2022-12-05,-0.003553547690450354
2022-12-06,0.002907101607915411
2022-12-07,-0.0014861146474375343
2022-12-08,-0.008044026785954436
2022-12-09,0.004842522519032236
2022-12-12,0.0012439064795397616
2022-12-13,-0.005215565087893365
2022-12-14,-0.0003949606964403019
2022-12-15,0.005374774162509196
2022-12-16,-0.0006225572120694585
2022-12-19,0.0010953521900884458
2022-12-20,0.0032972458120809752
2022-12-21,-0.0011709031281850728
2022-12-22,0.0033421795983569324
2022-12-23,0.004872336540854505
2022-12-27,0.0035191483714944955
2022-12-28,0.0008893775037247271
2022-12-29,-0.002847650933163366
2022-12-30,0.002692887354873918
2023-01-03,0.003799594505178359
2023-01-04,0.0077912247268381515
2023-01-05,0.007810107319605133
2023-01-06,-0.0007035893545209414
2023-01-09,-0.00579132903405356
2023-01-10,-0.0005569449839921761
2023-01-11,-0.004377415314110119
2023-01-12,0.004955193996146055
2023-01-13,-0.005996466862795192
2023-01-17,-0.0020126353696355665
2023-01-18,-0.007169629523589828
2023-01-19,0.0036998398952605115
2023-01-20,-0.0015208228459421096
2023-01-23,-0.00018115353850484475
2023-01-24,0.003046597292045275
2023-01-25,0.006970290850301839
2023-01-26,-0.0026953375851078605
2023-01-27,0.0017565763920345276
2023-01-30,0.002154932407185787
2023-01-31,-0.0026538360951724634
2023-02-01,-0.011105396436948443
2023-02-02,-0.006728377865442245
2023-02-03,-0.001144815338903607
2023-02-06,0.002713295220835313
2023-02-07,-0.0017398179747675057
2023-02-08,0.0005291241683550996
2023-02-09,-0.0072291886808536834
2023-02-10,0.007777435847298764
2023-02-13,-0.0031327959068879682
2023-02-14,-0.003572073430906572
2023-02-15,-0.0024438249474448494
2023-02-16,0.0007544090714806488
2023-02-17,0.001293427056473789
2023-02-21,-0.00032669309460039986
2023-02-22,-0.0005068560535797756
2023-02-23,-0.001825353396988787
2023-02-24,0.009745012981040203
2023-02-27,-0.0038981810089745465
2023-02-28,-0.0041541514051755945
2023-03-01,-0.0016825163876771762
2023-03-02,-0.006163423948495153
2023-03-03,-0.00037726267776316477
2023-03-06,-0.003373017843107328
2023-03-07,-0.0056161981350386775
2023-03-08,-0.0034863310561452886
2023-03-09,-0.008173632443740884
2023-03-10,-0.0038504246006877824
2023-03-13,-0.02287783398793042
2023-03-14,0.0002278470113551874
2023-03-15,-0.009811153487570782
2023-03-16,-0.0020012216958725654
2023-03-17,-0.010767196407490666
2023-03-20,0.0024234481225299843
2023-03-21,0.004816259009061363
2023-03-22,-0.006892975959009839
2023-03-23,-0.008492148101484822
2023-03-24,0.005064798631842125
2023-03-27,0.0072836831426266475
2023-03-28,0.002344912178900097
2023-03-29,0.005070011519430061
2023-03-30,-0.0033186151224610947
2023-03-31,-0.0044517777511709905
2023-04-03,8.057477761890181e-05
2023-04-04,-0.002919541993784006
2023-04-05,0.014494045676576583
2023-04-06,0.001813329686924909
2023-04-10,0.002417829459132656
2023-04-11,0.0019560117779120947
2023-04-12,-0.0018436131579002831
2023-04-13,-0.009913489329002611
2023-04-14,0.0004229199244982062
2023-04-17,0.004133314090714154
2023-04-18,-0.0023857192844188527
2023-04-19,0.004108400824089226
2023-04-20,-0.005885762056788544
2023-04-21,-0.007554006521223862
2023-04-24,-0.0017486496774964048
2023-04-25,0.003659670407779163
2023-04-26,-0.0029701816038014157
2023-04-27,-0.001724590203259102
2023-04-28,-0.0007380819219983299
2023-05-01,-0.005977065685896162
2023-05-02,-0.010151338504221296
2023-05-03,-0.0026030747627015438
2023-05-04,-0.005216970166191992
2023-05-05,0.0077979937954361644
2023-05-08,0.0006034925441892036
2023-05-09,-0.002772316349138156
2023-05-10,-0.009004604101392685
2023-05-11,-0.004527571821597215
2023-05-12,-0.0022789040532169877
2023-05-15,0.004340067264359252
2023-05-16,-0.009916098044431025
2023-05-17,0.007150906202295762
2023-05-18,-0.007787884456453519
2023-05-19,-0.001563294106322209
2023-05-22,0.004677102609256802
2023-05-23,0.014258701951677204
2023-05-24,-0.007842527136702434
2023-05-25,-0.013121682984751908
2023-05-26,-0.0006199132693836349
2023-05-30,0.0052919726471131944
2023-05-31,-0.0037534491591470895
2023-06-01,-0.004605322055975747
2023-06-02,0.00573631043024405
2023-06-05,-0.0007956251361164895
2023-06-06,0.011077635080105508
2023-06-07,0.0198186554364457
2023-06-08,-0.00739352191024579
2023-06-09,-0.0019445327777031828
2023-06-12,-0.009956841378758637
2023-06-13,0.0008115289786632587
2023-06-14,-0.008776162970217816
2023-06-15,-0.002754303284408883
2023-06-16,0.0025741792103234793
2023-06-20,-0.007195412922737443
2023-06-21,-0.000858602204989859
2023-06-22,-0.007406198098528854
2023-06-23,-0.0011134033067117192
2023-06-26,0.006911084514746924
2023-06-27,-0.002560441009690646
2023-06-28,-0.0028352983222324447
2023-06-29,0.00020478179198540197
2023-06-30,-0.004079532078100814
2023-07-03,0.010025142664796205
2023-07-05,0.0001179656400138833
2023-07-06,-0.001897266415466333
2023-07-07,0.0045805348608653484
2023-07-10,-0.01115561882103713
2023-07-11,0.009419657378505052
2023-07-12,-0.00145488349313584
2023-07-13,-0.00012773485847825117
2023-07-14,-0.011175562115648512
2023-07-17,-0.006669904340466712
2023-07-18,0.004172010637680804
2023-07-19,0.010322994355969685
2023-07-20,0.010689622033432145
2023-07-21,-0.0006004092976700272
2023-07-24,0.006859336228805655
2023-07-25,-0.007351092649796401
2023-07-26,0.004467439042018801
2023-07-27,0.000494329078824636
2023-07-28,-0.002856411435117035
2023-07-31,0.0033021719701393617
2023-08-01,-0.00380305590362627
2023-08-02,0.0023227595828411154
2023-08-03,-0.005831030386120676
2023-08-04,0.002645630438818153
2023-08-07,-0.002820578945331541
2023-08-08,-0.00013729407319011504
2023-08-09,-0.0034282146033988107
2023-08-10,-0.004422849245053749
2023-08-11,0.004249448181948198
2023-08-14,-0.00849092635203285
2023-08-15,-0.007803565374848165
2023-08-16,0.002113252049145635
2023-08-17,0.006218253804773866
2023-08-18,0.0006110018737487905
2023-08-21,-0.004879321040063102
2023-08-22,-0.004697358957883351
2023-08-23,-0.0028767384915880725
2023-08-24,0.005600909818695589
2023-08-25,-0.005454272493446594
2023-08-28,-0.0003981343556451267
2023-08-29,-0.002647864100056692
2023-08-30,-0.004155974463736998
2023-08-31,0.001514331856387859
2023-09-01,-0.001070355973745814
2023-09-05,-0.003496464569462584
2023-09-06,0.00014067883080581389
2023-09-07,0.0020808287906542845
2023-09-08,0.00762597993796377
2023-09-11,-0.002131597731103685
2023-09-12,0.012520119712783377
2023-09-13,-0.0018326618963563671
2023-09-14,0.006351302991734533
2023-09-15,0.006694035593706569
2023-09-18,-0.00245160335423618
2023-09-19,0.0007690145251436973
2023-09-20,0.002511170542911471
2023-09-21,0.00431398637615809
2023-09-22,-0.004408190778522336
2023-09-25,0.0012969498658592714
2023-09-26,-0.004609644179675304
2023-09-27,-0.00440180216596873
2023-09-28,-0.0062037810975969394
2023-09-29,0.004109036505017396
2023-10-02,-0.013700242917885967
2023-10-03,0.002818865360345134
2023-10-04,-0.00937823822324161
2023-10-05,0.0009450706650241591
2023-10-06,-0.002907588817752927
2023-10-09,0.00398531071509332
2023-10-10,0.0032521922198727295
2023-10-11,0.0005256611336384182
2023-10-12,-0.004575293774010468
2023-10-13,0.006216155549683377
2023-10-16,0.001571317747896735
2023-10-17,0.003931335138618645
2023-10-18,-0.0011996902886776007
2023-10-19,-0.003024265550433506
2023-10-20,-0.0029489027170325477
2023-10-23,-0.007263999005783326
2023-10-24,0.004132498603738109
2023-10-25,0.007376029615375984
2023-10-26,0.008521409324573155
2023-10-27,-0.005662710941838244
2023-10-30,-0.000563481482943622
2023-10-31,-0.00038148278948202906
2023-11-01,0.005058389909936871
2023-11-02,0.0035414643037496654
2023-11-03,-0.0054916248078293005
2023-11-06,-0.007991883117810211
2023-11-07,-0.011209124784034866
2023-11-08,-0.009720283205537632
2023-11-09,-0.0025269136478870326
2023-11-10,-0.003671975630058945
2023-11-13,-0.006396296503981226
2023-11-14,0.0078060846064716555
2023-11-15,0.0034520809579474247
2023-11-16,-0.004671033167495363
2023-11-17,0.004299718811099191
2023-11-20,-0.004008449995379551
2023-11-21,-0.004796067288181107
2023-11-22,0.0005144312501122027
2023-11-24,0.0015977725344150998
2023-11-27,-0.0014829154231378048
2023-11-28,0.0034230830079450478
2023-11-29,-0.0008929151010979059
2023-11-30,0.0009879190026699557
2023-12-01,0.004297760514423623
2023-12-04,0.0032854111607080235
2023-12-05,-0.0034176962549659455
2023-12-06,0.0009761291392273131
2023-12-07,0.00019343041397651417
2023-12-08,0.0024305353062160865
2023-12-11,-0.004339816069342131
2023-12-12,-0.008608344876077352
2023-12-13,0.011656288005772602
2023-12-14,0.013795171563298075
2023-12-15,-0.006237443953341763
2023-12-18,-0.006546994948207352
2023-12-19,0.00607638688110981
2023-12-20,-0.002106584784303235
2023-12-21,-0.0021226208590498005
2023-12-22,0.0013115123649654074
2023-12-26,0.0010538389112382009
2023-12-27,-0.0017992678614657106
2023-12-28,0.0013480456370577613
2023-12-29,-0.00228434202914665
2024-01-02,0.01925420532272406
2024-01-03,0.005952185318451066
2024-01-04,-0.002371664627665004
2024-01-05,0.007796870554803365
2024-01-08,-0.008246213576795072
2024-01-09,-0.0069019831891404555
2024-01-10,-0.00797915187912715
2024-01-11,-0.010795902528865683
2024-01-12,-0.0011882188620641423
2024-01-16,-0.004220882723522184
2024-01-17,-0.005649901916731015
2024-01-18,-0.016210012710002556
2024-01-19,0.003557983039110952
2024-01-22,-0.0017432338863545582
2024-01-23,0.002518450516873115
2024-01-24,0.000521724407640348
2024-01-25,0.006663117368515147
2024-01-26,0.0043572655683730265
2024-01-29,-0.004307507098850645
2024-01-30,0.002299798527068445
2024-01-31,0.002764057425082426
2024-02-01,-0.009635984778171635
2024-02-02,-0.0065831993201956995
2024-02-05,-0.009595287608571507
2024-02-06,-8.22011774634316e-05
2024-02-07,-0.00745981815270625
2024-02-08,-0.006155373084770217
2024-02-09,0.00039608247931490967
2024-02-12,0.013870821830609777
2024-02-13,-0.004792597829165211
2024-02-14,-0.002812636602357435
2024-02-15,0.011317996326479592
2024-02-16,0.0004803427105907806
2024-02-20,0.0021398188185361047
2024-02-21,0.006400898077234558
2024-02-22,-0.01649015331042694
2024-02-23,-0.002167570792513595
2024-02-26,-0.006226768100489221
2024-02-27,0.004281581851488962
2024-02-28,-0.005388785110999916
2024-02-29,0.00441298617501723
2024-03-01,-0.009538744068233357
2024-03-04,0.008165431066659758
2024-03-05,0.007593004266776072
2024-03-06,-0.0010224856906023358
2024-03-07,-0.006477013194450209
2024-03-08,0.005680378484481002
2024-03-11,0.006958167999695173
2024-03-12,-0.013712557242145963
2024-03-13,0.005705342544397611
2024-03-14,-0.004618735365636695
2024-03-15,0.005449801369054352
2024-03-18,0.0004322623558486714
2024-03-19,-0.0017610680338117895
2024-03-20,0.00575856671410165
2024-03-21,0.002524904956735942
2024-03-22,-0.0031888709871086274
2024-03-25,0.006276056661712822
2024-03-26,-0.0019282354311973894
2024-03-27,0.009530816486319864
2024-03-28,0.007622600632189925
2024-04-01,-0.0024354830918911323
2024-04-02,0.002434477749174032
2024-04-03,-0.00012723912052245315
2024-04-04,0.004292502270335778
2024-04-05,-0.00550898131367015
2024-04-08,0.0023899233448061914
2024-04-09,-0.0015772328628892735
2024-04-10,-0.006366721403268454
2024-04-11,-0.009878470772709477
2024-04-12,0.0021987352657514593
2024-04-15,0.0045325842414916575
2024-04-16,-0.008082465824048984
2024-04-17,0.008559707144966214
2024-04-18,0.010414661051805578
2024-04-19,0.01730375094249753
2024-04-22,0.0023964015826949854
2024-04-23,-0.005325658582231032
2024-04-24,-0.0015676355965275265
2024-04-25,-0.004810843313952508
2024-04-26,-0.005996284215340979
2024-04-29,0.0017476272370150646
2024-04-30,-0.0006923578554558496
2024-05-01,0.004490821856216489
2024-05-02,-0.002379772718401684
2024-05-03,-0.0018789160574300343
2024-05-06,-0.002605804487738936
2024-05-07,-0.0011917162936144429
2024-05-08,0.002725549079161946
2024-05-09,-0.0005459285310067639
2024-05-10,-0.004858169466053109
2024-05-13,0.005947354151409038
2024-05-14,-0.002350667401482917
2024-05-15,-0.006722926946273987
2024-05-16,-0.00020791142539970924
2024-05-17,0.0010746017388592968
2024-05-20,-0.009540731308559397
2024-05-21,0.0012259584498657155
2024-05-22,-0.0037011379919066954
2024-05-23,-0.004854585277456804
2024-05-24,-0.002622308137853172
2024-05-28,-0.001668142904262938
2024-05-29,-0.0028696241705735773
2024-05-30,0.008291843768855858
2024-05-31,0.01172861362211247
2024-06-03,-0.003787981444468075
2024-06-04,-0.005501184294413701
2024-06-05,-0.01077632907709931
2024-06-06,0.0008922902826175487
2024-06-07,-0.002493114700069547
2024-06-10,-0.006382142338808261
2024-06-11,-0.009887032137218
2024-06-12,-0.008377850978412326
2024-06-13,-0.004203448184156176
2024-06-14,-0.0033864347825583807
2024-06-17,-0.006970934497764788
2024-06-18,-0.0024203427026379246
2024-06-20,0.007882185242810417
2024-06-21,-0.003175639597941955
2024-06-24,0.01229881209532798
2024-06-25,-0.006326642598046538
2024-06-26,0.001041634538642402
2024-06-27,-0.001121567890171942
2024-06-28,0.009533360423408797
2024-07-01,0.0033076869713021236
2024-07-02,0.0002190775344956923
2024-07-03,-0.0030657958593715323
2024-07-05,-0.00835001442195911
2024-07-08,0.0018185213888505802
2024-07-09,0.006595184000011365
2024-07-10,0.0034505803591191667
2024-07-11,0.010583201624660421
2024-07-12,-0.0050424651657053395
2024-07-15,0.005086646769552871
2024-07-16,0.0008978545686345266
2024-07-17,0.01776564398730926
2024-07-18,0.0035532913000038847
2024-07-19,-0.005208706461769214
2024-07-22,-0.007295585402490118
2024-07-23,-0.0024695807501105274
2024-07-24,0.012427112158585267
2024-07-25,0.0016422509515263274
2024-07-26,0.0039025308547571205
2024-07-29,-0.005847606648997829
2024-07-30,0.005633546882162785
2024-07-31,-0.008206634649343255
2024-08-01,-0.006784252486716772
2024-08-02,-0.013447962606652233
2024-08-05,-0.007368447351672705
2024-08-06,-0.0075997097501231976
2024-08-07,0.004707070891855417
2024-08-08,-0.005482025191238939
2024-08-09,-0.00011987823172373603
2024-08-12,-0.004951395029320509
2024-08-13,-0.0056555344066677275
2024-08-14,-0.0013948037556376193
2024-08-15,-0.0004878933231443894
2024-08-16,0.00418262339437619
2024-08-19,0.0018414085266727324
2024-08-20,-0.004992078135245167
2024-08-21,-0.004399376374625068
2024-08-22,0.005606123132228259
2024-08-23,0.005808518284699259
2024-08-26,0.0042507022287276725
2024-08-27,-0.005887002200587932
2024-08-28,0.003322571295948985
2024-08-29,0.0017771568833294161
2024-08-30,0.0013404336303504691
2024-09-03,0.003308696622455809
2024-09-04,-0.005635725167165698
2024-09-05,-0.0008352549014559313
2024-09-06,-0.006082706581072137
2024-09-09,-0.0009944042564477684
2024-09-10,-0.01417246444785158
2024-09-11,-0.005558700652687377
2024-09-12,0.0015579376771414962
2024-09-13,0.001969562445202553
2024-09-16,0.00337836420905613
2024-09-17,0.003150937202378111
2024-09-18,0.0026200479673016714
2024-09-19,-0.003753973460188213
2024-09-20,-0.0029313094082194908
2024-09-23,-0.0011510163380753623
2024-09-24,-0.005788898929224896
2024-09-25,-0.0035169074493661013
2024-09-26,-0.0014934013891651369
2024-09-27,0.0055658626560047145
2024-09-30,-0.001166092343232641
2024-10-01,0.0006738630252645095
2024-10-02,-0.0038614391159053013
2024-10-03,0.0011668139790385573
2024-10-04,0.004695093849559703
2024-10-07,9.669802311594589e-05
2024-10-08,-0.01079350095526815
2024-10-09,-0.000859231658712295
2024-10-10,0.0026993910014989795
2024-10-11,0.00250433733523449
2024-10-14,0.0014145435983501419
2024-10-15,0.003257614756017521
2024-10-16,0.008188731531528394
2024-10-17,0.0024321928562749742
2024-10-18,-0.003499902145046409
2024-10-21,-0.007564606205237483
2024-10-22,0.004080515032083296
2024-10-23,0.00527810095363066
2024-10-24,-0.006245248514819276
2024-10-25,-0.004925775171412458
2024-10-28,0.0065903585367482545
