Date,SMB
2015-01-05,0.0006138460878089592
2015-01-06,-0.0027158760612318953
2015-01-07,0.00045336588238236233
2015-01-08,0.0024467924155736377
2015-01-09,0.0018431378738197907
2015-01-12,0.0011272792225574804
2015-01-13,0.0017986279735734071
2015-01-14,0.00045193295575555667
2015-01-15,-0.0043614427991238445
2015-01-16,-0.0015597441042125206
2015-01-20,-0.005145796202980687
2015-01-21,0.000825319872789252
2015-01-22,-6.748164313868932e-07
2015-01-23,0.0007657264719548875
2015-01-26,0.0046871178367662355
2015-01-27,0.0030188720707502534
2015-01-28,0.002306156705476259
2015-01-29,-0.0005469752421993542
2015-01-30,-0.0023156160135305894
2015-02-02,-0.0014014799061842585
2015-02-03,0.001864202070227734
2015-02-04,-0.00133711339940911
2015-02-05,0.001423029597224625
2015-02-06,0.0010975014569615691
2015-02-09,0.002337182447810283
2015-02-10,0.0007582087487660004
2015-02-11,0.0014114442917727145
2015-02-12,0.003728525071456606
2015-02-13,0.00017856543919957417
2015-02-17,-0.0022915473806090357
2015-02-18,0.001083664694381844
2015-02-19,0.000655420823436207
2015-02-20,3.1310826302482705e-05
2015-02-23,-0.00017693398103184777
2015-02-24,0.00017157860405459706
2015-02-25,0.001431340041280597
2015-02-26,-0.0015059076942474587
2015-02-27,-0.002243648402813412
2015-03-02,0.002479976176462258
2015-03-03,-0.000486636741973653
2015-03-04,-0.0025501016664906534
2015-03-05,0.002277699468348859
2015-03-06,0.0032771785047950967
2015-03-09,-0.0029582563385363485
2015-03-10,0.0030882034217575675
2015-03-11,0.0025913872316063805
2015-03-12,-0.0014016039630888443
2015-03-13,0.00018961277118786663
2015-03-16,-0.001076412687512034
2015-03-17,0.002764798677684467
2015-03-18,-0.0009648313146899522
2015-03-19,0.0017440828319203183
2015-03-20,0.0003534385697578687
2015-03-23,-3.7167106355078666e-06
2015-03-24,0.00022460325307307408
2015-03-25,-0.0019836548555352447
2015-03-26,0.0012941591124584447
2015-03-27,0.003683780531589693
2015-03-30,-0.00011236915139432521
2015-03-31,0.0029452055008854236
2015-04-01,-0.001326739389583208
2015-04-02,0.002598871235385787
2015-04-06,-0.00011979443328044397
2015-04-07,-0.0013103104025093213
2015-04-08,-5.146699484147137e-05
2015-04-09,-0.0019454694675228449
2015-04-10,-0.0018586514675379183
2015-04-13,0.00411064429309693
2015-04-14,0.0002665383791354203
2015-04-15,0.0012849721984933195
2015-04-16,-0.0016270970188220124
2015-04-17,-0.001995894515872971
2015-04-20,-0.00010294189479795324
2015-04-21,0.0017020638820832207
2015-04-22,-0.002118266701801426
2015-04-23,0.0015654628286164243
2015-04-24,-0.001261332075883215
2015-04-27,-0.0006225213006213082
2015-04-28,-0.0011184463871522295
2015-04-29,-0.0031903863217197853
2015-04-30,0.0012722424332747874
2015-05-01,-0.0010339862903140148
2015-05-04,0.002188684291378337
2015-05-05,-0.003000275801737385
2015-05-06,-0.00035997505218466697
2015-05-07,0.00046969768636910894
2015-05-08,-0.002111120937803775
2015-05-11,0.003627359543049713
2015-05-12,-0.0006476441490016215
2015-05-13,0.002141772513420844
2015-05-14,0.0009755467437012038
2015-05-15,-0.001555191919251686
2015-05-18,0.0030202878816651536
2015-05-19,-2.983649522300398e-05
2015-05-20,0.003004920812228748
2015-05-21,-0.001477741961479652
2015-05-22,0.0014203331570422557
2015-05-26,-0.0004686792125964262
2015-05-27,-0.0005584282115811447
2015-05-28,-0.0006862923093756688
2015-05-29,-0.0018682910276157597
2015-06-01,-0.0011883679746174506
2015-06-02,0.0010997594121940754
2015-06-03,0.0027467288054174293
2015-06-04,-0.0010950346128200715
2015-06-05,0.002567680687082664
2015-06-08,0.00016061570081065367
2015-06-09,-0.0015860641755776452
2015-06-10,-0.0008776587199270398
2015-06-11,0.0005177907778929161
2015-06-12,0.0015494566260224095
2015-06-15,0.0012435069463373892
2015-06-16,0.000719111964750753
2015-06-17,0.0007320207757824217
2015-06-18,0.00021491618339441847
2015-06-19,0.0024279444299903736
2015-06-22,-0.0010734087812635813
2015-06-23,-0.001470403220528426
2015-06-24,-0.0013821900558190405
2015-06-25,0.0012746103067283836
2015-06-26,-0.000515978621786593
2015-06-29,-0.0008620597007222876
2015-06-30,0.00012086128658509322
2015-07-01,-0.001474584707549552
2015-07-02,-0.0023120156609120757
2015-07-06,-0.0020865215453886718
2015-07-07,-0.003224854129565409
2015-07-08,-0.0014027306213486752
2015-07-09,0.001071309100686796
2015-07-10,-0.0008219193013504923
2015-07-13,-0.0005829477653049326
2015-07-14,0.00011725916601303251
2015-07-15,-0.003609708101652833
2015-07-16,-0.0016203359885188012
2015-07-17,-0.005318095583920941
2015-07-20,-0.0015166244168816987
2015-07-21,0.00015925045774953933
2015-07-22,0.0008638639051218235
2015-07-23,0.0035019397874510756
2015-07-24,-0.00040100721566175765
2015-07-27,-0.0026221895974543157
2015-07-28,0.001224783327646287
2015-07-29,0.0029583123280787866
2015-07-30,0.0030341129037882706
2015-07-31,0.004420886212098379
2015-08-03,-0.001176539843671662
2015-08-04,0.0008778536509438116
2015-08-05,0.0010951084302095347
2015-08-06,-0.0017734895020974492
2015-08-07,0.0028647730182484623
2015-08-10,0.0031535901577827794
2015-08-11,-0.0035103841617843655
2015-08-12,-0.0006132112261092196
2015-08-13,0.0004977388170082479
2015-08-14,0.0016207467200050384
2015-08-17,0.0008630403402262107
2015-08-18,-0.0019694134775508575
2015-08-19,0.0001422848650429031
2015-08-20,-0.0036344468863898846
2015-08-21,0.005594640221437942
2015-08-24,-0.0012734222879633439
2015-08-25,0.002651562253030095
2015-08-26,-0.006997250142247526
2015-08-27,0.0030466858586397395
2015-08-28,0.0015765650941842568
2015-08-31,0.0008087332684292986
2015-09-01,-0.002281575528748872
2015-09-02,0.00029209287248131363
2015-09-03,0.0037854533417852557
2015-09-04,1.1575947131995876e-05
2015-09-08,0.002529865324525732
2015-09-09,0.0015568817334133036
2015-09-10,-1.3113142054016046e-05
2015-09-11,0.0007532949326208302
2015-09-14,-0.0015691544223455627
2015-09-15,0.000731126471926016
2015-09-16,0.0005546006411477292
2015-09-17,0.00044520192948539327
2015-09-18,0.0011645096205908576
2015-09-21,-0.0015762086864216309
2015-09-22,-0.0026268654829316833
2015-09-23,-0.002126982787987585
2015-09-24,-0.0006580414168582834
2015-09-25,-0.0007014154779157579
2015-09-28,0.0007555671001063871
2015-09-29,-0.004636091442393185
2015-09-30,-0.0015404438497698784
2015-10-01,-0.0039410627756232535
2015-10-02,0.005107333077995305
2015-10-05,0.0024861957015773206
2015-10-06,0.003506973565006615
2015-10-07,0.006213884291944697
2015-10-08,0.0015635457568676306
2015-10-09,0.0014157529594220168
2015-10-12,-0.004920411374436505
2015-10-13,-5.468012849717957e-05
2015-10-14,0.0010461219808547383
2015-10-15,-2.0131337733679186e-05
2015-10-16,-0.005836678297550626
2015-10-19,-0.001347816314885967
2015-10-20,0.0011661454115994866
2015-10-21,-0.005780179642813338
2015-10-22,-0.0015353644699783106
2015-10-23,0.0015101573756978633
2015-10-26,-0.0033635023727128996
2015-10-27,-0.005257099727003741
2015-10-28,0.00414578524685915
2015-10-29,-0.002138932712695869
2015-10-30,0.007311352639167178
2015-11-02,0.001972661241942451
2015-11-03,9.031587566874096e-05
2015-11-04,0.0014830828508927037
2015-11-05,-0.0008799090879920921
2015-11-06,0.002338086904263811
2015-11-09,-0.00013306167526033578
2015-11-10,-0.000755053024321366
2015-11-11,-0.00034572743426232585
2015-11-12,-0.002089590684744992
2015-11-13,0.0010672307757201883
2015-11-16,0.0004437040667525753
2015-11-17,-0.002127526728435096
2015-11-18,0.0007075915598025208
2015-11-19,0.0001094499372418183
2015-11-20,-0.0026288928572579156
2015-11-23,0.00255947076188755
2015-11-24,0.006561876100503686
2015-11-25,0.001155503440615648
2015-11-27,0.00017842395688752628
2015-11-30,0.003120950375711992
2015-12-01,-0.002289809228305486
2015-12-02,-0.0013149807236007872
2015-12-03,0.0016886761299032289
2015-12-04,-0.005067249678135098
2015-12-07,-0.002460533433456406
2015-12-08,-0.0017402141755919536
2015-12-09,-0.0005212300943447431
2015-12-10,0.0011931004632228497
2015-12-11,-0.0013805236661391905
2015-12-14,-0.008670775073647819
2015-12-15,-0.0003601200245966045
2015-12-16,-0.002090680721193783
2015-12-17,-0.0005180434712850884
2015-12-18,0.004702309370777086
2015-12-21,-0.0003628871395757764
2015-12-22,0.001052950209312821
2015-12-23,0.0037196935046696113
2015-12-24,0.002041086632196092
2015-12-28,-4.3759920892902284e-05
2015-12-29,-0.001718220414534304
2015-12-30,-0.0018832152999039243
2015-12-31,0.000930567686632763
2016-01-04,0.00011531564529544333
2016-01-05,-0.0017059446333552788
2016-01-06,-0.0055118504838462465
2016-01-07,-0.002765011422315819
2016-01-08,-0.0013486060927064888
2016-01-11,-0.007499191033687579
2016-01-12,-0.004479171798431585
2016-01-13,-0.0023938132518829987
2016-01-14,0.0002787330780676979
2016-01-15,0.002430917811859442
2016-01-19,-0.009502858895633867
2016-01-20,0.002424716269558213
2016-01-21,0.0030507291287089466
2016-01-22,0.002575519756031326
2016-01-25,-0.005388994747061067
2016-01-26,0.005479447490737024
2016-01-27,-0.001056624456458901
2016-01-28,-0.0030878465029227447
2016-01-29,0.006978805953751818
2016-02-01,-0.0008446103255892281
2016-02-02,-0.0042826730476420855
2016-02-03,0.006290584894105556
2016-02-04,0.007337665112428392
2016-02-05,-0.007192670747940694
2016-02-08,-0.011228228747915112
2016-02-09,-0.005111878804754192
2016-02-10,0.004752066397567635
2016-02-11,0.00147822153093162
2016-02-12,-0.00046276165870219946
2016-02-16,0.008213276679189335
2016-02-17,0.0016164189004294408
2016-02-18,-0.0006638454676237242
2016-02-19,0.0007330587773169449
2016-02-22,0.002713052797469355
2016-02-23,5.69524276313859e-05
2016-02-24,0.0022949356339987976
2016-02-25,-2.9847663320326998e-05
2016-02-26,0.007962978046124695
2016-02-29,0.0034070585579700522
2016-03-01,0.002182551181662006
2016-03-02,0.004805600454801415
2016-03-03,0.003358994578056114
2016-03-04,0.0010611069361637785
2016-03-07,0.005208331665549005
2016-03-08,-0.006572298230971689
2016-03-09,0.00034915818310943345
2016-03-10,8.324493947738424e-05
2016-03-11,0.003977875116509148
2016-03-14,-0.001531129162936945
2016-03-15,-0.006059727332244057
2016-03-16,0.004975358113374451
2016-03-17,0.0033627196166146215
2016-03-18,0.0001362321935035049
2016-03-21,-0.0016482311578916008
2016-03-22,0.0028839111465296958
2016-03-23,-0.0067790196019813275
2016-03-24,0.0008818240770111186
2016-03-28,0.0009047790611882607
2016-03-29,0.005180252199055773
2016-03-30,-0.0024396535292100733
2016-03-31,0.004278783053888954
2016-04-01,-0.0026822873688122214
2016-04-04,-0.004489503457533177
2016-04-05,-0.0035474083268810935
2016-04-06,0.0017096235457116447
2016-04-07,-0.0007306261687376886
2016-04-08,0.0011742923109763262
2016-04-11,0.0011725849526116401
2016-04-12,-0.0038650783999254045
2016-04-13,0.006861295133051323
2016-04-14,-0.004053632784000548
2016-04-15,0.0022972256466186336
2016-04-18,-0.0012680403145511115
2016-04-19,0.00010622847307631194
2016-04-20,0.0029476985131341032
2016-04-21,0.004022480051483053
2016-04-22,0.003975767620988923
2016-04-25,-0.003518421874180182
2016-04-26,0.005519486646842799
2016-04-27,0.0025949626422234456
2016-04-28,-0.0069180831242571395
2016-04-29,-0.002572717990471693
2016-05-02,0.0006892198545039724
2016-05-03,-0.0036910437216308867
2016-05-04,0.000693654349029257
2016-05-05,0.0003260116552624368
2016-05-06,0.0012641613777890689
2016-05-09,-0.0010589061056947328
2016-05-10,0.0014107155833270168
2016-05-11,-0.00016589069545733595
2016-05-12,-0.0028612356050027464
2016-05-13,0.00028684830090886307
2016-05-16,0.0014255647661920827
2016-05-17,0.0026017411508067103
2016-05-18,0.0005347796983636628
2016-05-19,0.0003701303572998284
2016-05-20,0.00562797469584712
2016-05-23,0.003456855894685851
2016-05-24,0.0023096624371488315
2016-05-25,0.00021331094707829987
2016-05-26,-0.002101976972731078
2016-05-27,0.0021069694421385855
2016-05-31,0.0025176999740288567
2016-06-01,0.0010283521777305735
2016-06-02,0.002746516194674502
2016-06-03,-0.0010810135743571023
2016-06-06,0.002325728830118538
2016-06-07,0.0016276316785889511
2016-06-08,0.0004794460177451696
2016-06-09,-0.002576428721183679
2016-06-10,-0.0065541854267995026
2016-06-13,0.00012881232549013123
2016-06-14,-0.0004167783979415222
2016-06-15,0.003256942896597969
2016-06-16,-0.0024576167177024753
2016-06-17,0.0024335081867525644
2016-06-20,0.005363401367937044
2016-06-21,-0.0017224814850010555
2016-06-22,0.00021427034893434444
2016-06-23,0.0041768854399330205
2016-06-24,-0.009097306387655227
2016-06-27,-0.014117160926238246
2016-06-28,0.0034977552685181088
2016-06-29,0.0013141328137106292
2016-06-30,0.0020512768169311905
2016-07-01,0.0004290530152357009
2016-07-05,-0.005384101724110736
2016-07-06,0.0013871976198882082
2016-07-07,0.001684673483443158
2016-07-08,0.004519849228155036
2016-07-11,0.0018335142044294218
2016-07-12,0.0028508838526627774
2016-07-13,-0.0023727041706566874
2016-07-14,-0.0034653856264801807
2016-07-15,0.0016632017224579392
2016-07-18,-0.0007369622795879716
2016-07-19,0.0001145179782570812
2016-07-20,0.0022297851019429053
2016-07-21,-0.0011115019786210874
2016-07-22,0.0032414102444885354
2016-07-25,0.0011136545521949139
2016-07-26,0.0027403563534386397
2016-07-27,-0.0010121754552676124
2016-07-28,0.001078207946514299
2016-07-29,-0.0022458987477082847
2016-08-01,-0.000469133808366576
2016-08-02,-0.003219712431433162
2016-08-03,0.0007621135283700118
2016-08-04,0.0016590832472861635
2016-08-05,0.0005707479659459707
2016-08-08,0.0002541505435215554
2016-08-09,0.0007164106911604883
2016-08-10,-0.0006332076367426358
2016-08-11,2.207762404168867e-05
2016-08-12,-0.0020440282695851574
2016-08-15,0.00485832788416255
2016-08-16,-0.001527650223138298
2016-08-17,-0.002749080461297943
2016-08-18,0.0031152558673833283
2016-08-19,0.0010897229637089642
2016-08-22,0.0015670841495710403
2016-08-23,0.002306498674497558
2016-08-24,-0.0013723025222715617
2016-08-25,0.0035762242028267678
2016-08-26,0.00011491121888446316
2016-08-29,0.0006027633471476709
2016-08-30,0.0018601610597206123
2016-08-31,-0.0015627613292096593
2016-09-01,0.0003482600788242318
2016-09-02,0.0028997702642024874
2016-09-06,-0.0030111585442031802
2016-09-07,0.003464964921445533
2016-09-08,-0.0024897456176043806
2016-09-09,-0.004341671340335123
2016-09-12,-0.00017631393094515863
2016-09-13,-0.0011208128813657674
2016-09-14,0.0007649214712860391
2016-09-15,0.0008861339672385869
2016-09-16,-0.0011637160585321335
2016-09-19,0.0027686238881335706
2016-09-20,-0.0019759040824603447
2016-09-21,0.0008165657843573829
2016-09-22,0.00402248666752617
2016-09-23,-0.0007051573248066682
2016-09-26,0.0029632440719297853
2016-09-27,-0.0006631281059819418
2016-09-28,0.003078701481642758
2016-09-29,-0.0006423118583454221
2016-09-30,0.0008947192498016347
2016-10-03,-0.0017734017532685144
2016-10-04,-0.001053384364776545
2016-10-05,0.0006882956297391864
2016-10-06,0.0021657702341887396
2016-10-07,-0.002927831878320895
2016-10-10,0.0012336433757913316
2016-10-11,-0.003836522856023492
2016-10-12,-0.0004622020493624491
2016-10-13,-0.002004906862251352
2016-10-14,-0.0009052464296891989
2016-10-17,0.0021412536640380456
2016-10-18,-0.0003815816089633344
2016-10-19,0.0018930110020478645
2016-10-20,-0.001704187911721504
2016-10-21,-0.0002889983318427568
2016-10-24,-0.00030239117257932057
2016-10-25,-0.003151262980872099
2016-10-26,0.00030421491255568523
2016-10-27,-0.00469994436536811
2016-10-28,0.003862129119960839
2016-10-31,0.0051240376729729305
2016-11-01,-0.0016295888504463604
2016-11-02,-0.007282490541222934
2016-11-03,0.0008281784140301732
2016-11-04,0.0019423494148072657
2016-11-07,-0.0016745658454059183
2016-11-08,-0.00013736244550174685
2016-11-09,-0.0033302005878735243
2016-11-10,0.000516169839964351
2016-11-11,0.0019008546223530439
2016-11-14,0.007891854118945947
2016-11-15,-0.0005364091556337453
2016-11-16,0.0010192557274812234
2016-11-17,0.0022509756528607643
2016-11-18,-0.0007635589392434886
2016-11-21,0.0003535083159294152
2016-11-22,-0.00047965476942220297
2016-11-23,0.0015594323834791964
2016-11-25,0.0005204089353804588
2016-11-28,-0.0016533344681771266
2016-11-29,-0.0007447401350590599
2016-11-30,-0.0029692627536112015
2016-12-01,-0.0016488224779459071
2016-12-02,-0.0006485224699064125
2016-12-05,0.004259295865063457
2016-12-06,0.004305960418595837
2016-12-07,-0.00248411938980515
2016-12-08,0.004435909319312035
2016-12-09,-0.0032397176205731107
2016-12-12,-0.004438077150854304
2016-12-13,-0.0031428614336155426
2016-12-14,-0.002808253604472937
2016-12-15,-0.0016581881681099163
2016-12-16,-0.0012921154901119694
2016-12-19,0.0011363504223838709
2016-12-20,0.0003949970129796922
2016-12-21,-0.0005357342003087409
2016-12-22,-0.004317882871700111
2016-12-23,0.0007488260887560127
2016-12-27,0.0018403040941280787
2016-12-28,-0.0016350061635503378
2016-12-29,0.0013872949150965344
2016-12-30,0.0007674199981955333
2017-01-03,-0.0006075743623415331
2017-01-04,0.005105404382604522
2017-01-05,-0.0010873280192566065
2017-01-06,-6.325552633804771e-05
2017-01-09,-0.001139537567408101
2017-01-10,0.0037792559932317378
2017-01-11,0.0012764467136413328
2017-01-12,-0.00047554896608536894
2017-01-13,0.0034675565417158693
2017-01-17,-0.0034010610435897893
2017-01-18,0.0019429121612399543
2017-01-19,-0.002369126158677526
2017-01-20,0.000909815909318149
2017-01-23,0.0016775770932782482
2017-01-24,0.005032528436667181
2017-01-25,0.0006074908691098254
2017-01-26,-0.0011365737181269603
2017-01-27,-0.0008137366580656929
2017-01-30,-0.001707460558024696
2017-01-31,0.0018854530573645606
2017-02-01,0.0023858144258149987
2017-02-02,0.0025826344313116113
2017-02-03,0.0020370815272894426
2017-02-06,0.0011250616238291575
2017-02-07,0.0003354793605939448
2017-02-08,0.00041494757742893294
2017-02-09,0.003326676824082121
2017-02-10,0.003716391774195415
2017-02-13,-0.002169213161629952
2017-02-14,-0.0018008626596060628
2017-02-15,0.00025013566358922726
2017-02-16,-0.0009807980263378487
2017-02-17,0.0018804362654758562
2017-02-21,0.001351650819916267
2017-02-22,-0.002045637290185447
2017-02-23,-0.00270738553738441
2017-02-24,0.00038494927473587976
2017-02-27,0.0020090218486620466
2017-02-28,-0.003946162977832942
2017-03-01,0.0009153181015384339
2017-03-02,-0.002531911950871022
2017-03-03,-0.00044729494990072773
2017-03-06,-0.0012780458343683299
2017-03-07,-0.0009459214775785077
2017-03-08,0.0006410094093203165
2017-03-09,-0.0014681832403106334
2017-03-10,0.0010463234371093245
2017-03-13,0.00196800106022436
2017-03-14,-0.001319382737804328
2017-03-15,0.0032316012984923304
2017-03-16,-0.0004669109995436632
2017-03-17,0.0032265963149388367
2017-03-20,-0.000461877146031769
2017-03-21,-0.004443705694611503
2017-03-22,0.0009796564998754685
2017-03-23,0.00032805200210610306
2017-03-24,-0.00013123993477160383
2017-03-27,0.0007963281129723656
2017-03-28,-0.0003356344549381926
2017-03-29,0.0007573661629329787
2017-03-30,-0.001207519781671591
2017-03-31,0.003372627417882387
2017-04-03,-0.0025474361888281273
2017-04-04,-0.0007572226880098281
2017-04-05,-0.0017013835811571752
2017-04-06,0.0021876970654118406
2017-04-07,-0.0017160567571277519
2017-04-10,0.00204553028195341
2017-04-11,0.0033471861062225575
2017-04-12,-0.004915754852995174
2017-04-13,-0.001734599020155568
2017-04-17,0.00234454514638131
2017-04-18,0.0019292875925886685
2017-04-19,0.001919909198159501
2017-04-20,-0.0009998863624710846
2017-04-21,0.0007183475541709524
2017-04-24,-0.00036549611401418686
2017-04-25,-0.0003607225007473038
2017-04-26,0.001796623229167143
2017-04-27,0.000922597301478778
2017-04-28,-0.0023089270283185924
2017-05-01,0.0003943323185046032
2017-05-02,0.0005460164577598475
2017-05-03,-0.004620482105768153
2017-05-04,-0.00103798388316941
2017-05-05,0.0037136486598131355
2017-05-08,-0.001625793530053897
2017-05-09,0.00022808761558801307
2017-05-10,-8.016521272946218e-05
2017-05-11,-0.0017669607385510221
2017-05-12,-0.0014774987134330403
2017-05-15,0.002175182762172727
2017-05-16,0.00036506939152564425
2017-05-17,-0.001458172196952781
2017-05-18,-0.001827631968633914
2017-05-19,0.0008676880513181062
2017-05-22,0.0005710988489456455
2017-05-23,-0.0029865569418402816
2017-05-24,-5.15142121621133e-06
2017-05-25,-0.0008349514962707229
2017-05-26,-0.000732509959936988
2017-05-30,-0.0007224717289966136
2017-05-31,0.00038410248640452255
2017-06-01,0.0034078736158667765
2017-06-02,0.0008251496088630831
2017-06-05,-0.0006655878177834864
2017-06-06,0.0006043912987690196
2017-06-07,-0.0016110792431131712
2017-06-08,0.0017006581942280545
2017-06-09,-0.0015774696681975925
2017-06-12,0.0008399521525066632
2017-06-13,0.0027925225134990597
2017-06-14,-0.003145323278093461
2017-06-15,-0.0005921508189768317
2017-06-16,0.001213828255667421
2017-06-19,-9.099408560992762e-05
2017-06-20,-0.0035716199614631294
2017-06-21,-0.002811546564337697
2017-06-22,0.0015256076807440215
2017-06-23,0.0046000504104037115
2017-06-26,0.0007169418394843729
2017-06-27,-0.002351522261952387
2017-06-28,-0.000440299749417266
2017-06-29,-0.00016563680350485666
2017-06-30,0.0014036123717626322
2017-07-03,0.001239387196902522
2017-07-05,-0.0023254003773003178
2017-07-06,-0.002835573515875541
2017-07-07,0.0020705044876216487
2017-07-10,0.00036570918051096043
2017-07-11,0.0016465977678822615
2017-07-12,0.0014243253718549814
2017-07-13,-0.00025321246259012295
2017-07-14,-0.0005982207796493963
2017-07-17,0.0019189326081536786
2017-07-18,-0.001291894761005289
2017-07-19,0.002715505563251232
2017-07-20,-0.0026637501146796264
2017-07-21,-0.0003926798613670459
2017-07-24,0.002943837721561224
2017-07-25,0.0020465665855741756
2017-07-26,-0.00395730982964676
2017-07-27,-0.001863965033901711
2017-07-28,0.0031510663837010337
2017-07-31,-0.002678672169315385
2017-08-01,-2.764469241878036e-05
2017-08-02,-0.0034007530818284475
2017-08-03,-0.0005596405104798035
2017-08-04,0.002517638916374629
2017-08-07,-0.0001836662645951679
2017-08-08,-0.0008592491992915081
2017-08-09,-0.0005919968391301224
2017-08-10,-0.001127138249031795
2017-08-11,0.0002051106787099399
2017-08-14,-0.00013467224475453496
2017-08-15,-0.001598669723336594
2017-08-16,0.001692851805986031
2017-08-17,0.0016982645357071398
2017-08-18,-0.0005872959054690973
2017-08-21,-0.001598718038390697
2017-08-22,-0.0005873151797574222
2017-08-23,-0.0005285926907642783
2017-08-24,0.0004956982326593856
2017-08-25,-0.0005865309727034933
2017-08-28,-0.00026710474169403924
2017-08-29,-0.001759832927914712
2017-08-30,0.000576759951149362
2017-08-31,0.0034134984652483737
2017-09-01,0.0006758662542982389
2017-09-05,-0.0003581070547643483
2017-09-06,-0.0008417418699658164
2017-09-07,-0.0002217694097988489
2017-09-08,0.000964764127008818
2017-09-11,-0.0009758077212055159
2017-09-12,0.0006130600640690865
2017-09-13,-0.0028882493581701067
2017-09-14,-0.0011314260576900975
2017-09-15,0.001430575638155484
2017-09-18,0.0015812571503318377
2017-09-19,-0.0012652184444255027
2017-09-20,0.0016902385258212973
2017-09-21,-0.0005307333470385097
2017-09-22,0.002028427782777267
2017-09-25,-0.0017890777035771365
2017-09-26,0.0017337381250297859
2017-09-27,0.0021978513872286474
2017-09-28,-0.002724299655704098
2017-09-29,0.001031050805570556
2017-10-02,0.0002520251384289605
2017-10-03,-0.0016068716356791638
2017-10-04,0.00042886669801295253
2017-10-05,-0.0023718335957901688
2017-10-06,0.000440390318881398
2017-10-09,-0.0014907778393023923
2017-10-10,-0.0013485995231678045
2017-10-11,-0.0008537429097397885
2017-10-12,0.0018414590455650744
2017-10-13,0.0008285571662651022
2017-10-16,0.0007124305515739035
2017-10-17,0.0012708802823638743
2017-10-18,0.0014141455176041888
2017-10-19,-0.001530836895277606
2017-10-20,0.00028540901563972425
2017-10-23,0.0006929795432207837
2017-10-24,-0.001300842655486884
2017-10-25,-0.003096393305903859
2017-10-26,0.003965376716054221
2017-10-27,0.002522730301575702
2017-10-30,-0.0005962086609505087
2017-10-31,0.002766698564629505
2017-11-01,-0.002198883583197647
2017-11-02,-0.0016725670724167074
2017-11-03,0.004253319779647699
2017-11-06,0.003312388742479044
2017-11-07,-0.0022195303012438865
2017-11-08,-0.0004702253953358872
2017-11-09,-0.0030897120644553383
2017-11-10,0.001261570954880124
2017-11-13,0.0019372199171678328
2017-11-14,0.0018128819116645831
2017-11-15,0.0009133628782898341
2017-11-16,0.002400785283133155
2017-11-17,0.0028941185146883356
2017-11-20,0.0006318753428860755
2017-11-21,-0.0009465750994793231
2017-11-22,0.002562741536734257
2017-11-24,0.0006258827452650375
2017-11-27,0.00015222407256272564
2017-11-28,1.2513293232952263e-05
2017-11-29,0.00244720464881178
2017-11-30,-0.0014301756273757604
2017-12-01,-0.002277787185458109
2017-12-04,-0.0006197284286109739
2017-12-05,-0.003310641179034334
2017-12-06,-0.0012829314268461166
2017-12-07,0.0024402661784848336
2017-12-08,0.00030345423744249
2017-12-11,-0.002585708199812451
2017-12-12,-0.002966894524423835
2017-12-13,-7.826807542488605e-05
2017-12-14,-0.0016507342218990417
2017-12-15,0.00039479512853037024
2017-12-18,0.0028323023501596973
2017-12-19,-8.984984286951065e-06
2017-12-20,0.0008408001145134142
2017-12-21,0.000713627735813389
2017-12-22,0.001134814629502921
2017-12-26,0.0007015078854926465
2017-12-27,0.0007836812629743623
2017-12-28,0.0006824024815478627
2017-12-29,-0.000891742233563318
2018-01-02,-0.00012121847682749435
2018-01-03,6.722995295644664e-05
2018-01-04,-0.0004612675066686953
2018-01-05,-0.000611519880430165
2018-01-08,0.0035919961171890433
2018-01-09,-0.0022382952382017634
2018-01-10,-0.003667155175727323
2018-01-11,0.003230222932810868
2018-01-12,-0.0017186388503874243
2018-01-16,-0.003453080247949716
2018-01-17,-0.000963720151158802
2018-01-18,0.0013153176593743124
2018-01-19,0.0010249517955890214
2018-01-22,-0.0033846133342864534
2018-01-23,0.0005096572790795279
2018-01-24,0.0022650739062976396
2018-01-25,0.0014537708581400352
2018-01-26,-0.00388966314618535
2018-01-29,-0.0034672002180375803
2018-01-30,0.0017104070543109001
2018-01-31,-0.0011347589296963423
2018-02-01,-0.0015474766142391516
2018-02-02,-0.0011129495222530934
2018-02-05,0.0037054588647345496
2018-02-06,-0.005287225008212611
2018-02-07,0.002032526340030659
2018-02-08,0.0038936925792505475
2018-02-09,-0.003296467204922618
2018-02-12,-0.0006010129936250431
2018-02-13,0.0013200448587302304
2018-02-14,0.003316051202129664
2018-02-15,-0.0006941426559414297
2018-02-16,-0.0005359465885440265
2018-02-20,0.002145398340616364
2018-02-21,-0.0012054563444559713
2018-02-22,0.0004557855828849239
2018-02-23,-0.0018754741982387711
2018-02-26,-0.004643301824120547
2018-02-27,0.0002538105439245514
2018-02-28,-0.0014824063479394085
2018-03-01,0.0038109104387373076
2018-03-02,0.003454576524962904
2018-03-05,0.0020527206144410025
2018-03-06,0.003851302847582759
2018-03-07,0.0022519809713246763
2018-03-08,-0.0019309627941627066
2018-03-09,-0.0005377096891706779
2018-03-12,0.0009042538574951583
2018-03-13,0.0008402797499098844
2018-03-14,0.0012841508624332294
2018-03-15,-0.0018487197517343202
2018-03-16,0.0013715785246897474
2018-03-19,0.001577362120159253
2018-03-20,1.2715439210394565e-05
2018-03-21,0.0039341832405017305
2018-03-22,0.0014784037469872183
2018-03-23,0.002276165286134453
2018-03-26,-0.002907613593244051
2018-03-27,0.0025384385882050824
2018-03-28,0.0004739109552427427
2018-03-29,0.000879831270329659
2018-04-02,-0.000948133728716171
2018-04-03,-0.000940198530902497
2018-04-04,0.00020527761039089605
2018-04-05,0.0005245490831778873
2018-04-06,-0.0011984043735649846
2018-04-09,0.00018471224722084066
2018-04-10,0.00037847354549577945
2018-04-11,-0.0005034011952179803
2018-04-12,-0.0006267956379078224
2018-04-13,-0.0011740078885769433
2018-04-16,0.0028073153037718006
2018-04-17,0.0007697987597781227
2018-04-18,0.0005032947947114777
2018-04-19,-1.0619467352422293e-05
2018-04-20,-0.0006208981413648434
2018-04-23,0.0013289642470626032
2018-04-24,0.0026241537490872494
2018-04-25,-0.0003108760383425809
2018-04-26,-0.00294547363949742
2018-04-27,0.002708793973700295
2018-04-30,-0.001386574271299429
2018-05-01,0.0006735142480996268
2018-05-02,0.0012302638634630108
2018-05-03,0.0015729115191777273
2018-05-04,0.0008811141545938279
2018-05-07,0.0010668548013411184
2018-05-08,0.002325201845033847
2018-05-09,-0.0005312343704779784
2018-05-10,-0.0004273158850370551
2018-05-11,-0.004726620620883063
2018-05-14,-0.001831138466181592
2018-05-15,-0.0009518175525477599
2018-05-16,2.346630203353163e-05
2018-05-17,0.0011882826986565412
2018-05-18,0.001582966647089468
2018-05-21,0.0012232297701852274
2018-05-22,-0.002231397884158292
2018-05-23,-0.0006264633411440707
2018-05-24,0.0010916355910364824
2018-05-25,0.0024451069826533197
2018-05-29,0.0036250747994782413
2018-05-30,-0.0015932848977477203
2018-05-31,-0.000664923738935369
2018-06-01,-0.0024172672800471893
2018-06-04,-0.0004237244561089825
2018-06-05,0.0028095274274499466
2018-06-06,-0.0009437848449677924
2018-06-07,-0.0012207575506567765
2018-06-08,0.002368080603595053
2018-06-11,-0.001073696136702504
2018-06-12,0.004756273573014453
2018-06-13,-0.0012558010558979672
2018-06-14,0.0010582382335885543
2018-06-15,-0.0010747364761407394
2018-06-18,0.002514397210047785
2018-06-19,-0.00032055600054438057
2018-06-20,0.0035467769231016257
2018-06-21,7.366638101510663e-05
2018-06-22,-0.0007438847309914377
2018-06-25,-0.001263136916605949
2018-06-26,-0.0007031689812289859
2018-06-27,-0.0013611520661834901
2018-06-28,0.0011530401033117083
2018-06-29,-0.0006515768033754233
2018-07-02,-0.0009172682308311807
2018-07-03,0.002221467633943909
2018-07-05,0.0011824344241101684
2018-07-06,4.345644958527687e-05
2018-07-09,0.0006022489872055808
2018-07-10,-0.001906819933060919
2018-07-11,0.0016202425131841575
2018-07-12,-0.0013283201245328875
2018-07-13,-0.0009098488879268797
2018-07-16,-0.0008104810005219697
2018-07-17,-0.00030148709326154304
2018-07-18,-0.0006763528626261613
2018-07-19,0.004281607319804248
2018-07-20,-0.00016137850577164483
2018-07-23,0.0007575083487776968
2018-07-24,-0.00611545700266863
2018-07-25,-0.001878022521683181
2018-07-26,-0.0002963221978031106
2018-07-27,-0.004224717143536932
2018-07-30,-0.002801271758182974
2018-07-31,0.004056598914528904
2018-08-01,0.002554534572797215
2018-08-02,0.00592951707853682
2018-08-03,-0.004339522260997728
2018-08-06,0.0014433715381507208
2018-08-07,0.0016289453339088256
2018-08-08,-0.0008590276450369944
2018-08-09,0.0013552328424848471
2018-08-10,-0.0007146143967297763
2018-08-13,-0.0011587304685020364
2018-08-14,0.0014037793359577555
2018-08-15,-0.001123032490380523
2018-08-16,-0.0007550703875796516
2018-08-17,0.0014229500856358657
2018-08-20,0.0011879525267581336
2018-08-21,0.003036871591976747
2018-08-22,0.00046097088036804604
2018-08-23,-0.0015078605978773752
2018-08-24,-0.0006228843457528749
2018-08-27,-0.0012455771921461621
2018-08-28,0.00037223799517833626
2018-08-29,-0.0004695162465710762
2018-08-30,-0.0012551302752122151
2018-08-31,0.0012766135393510332
2018-09-04,-0.0005821157493889401
2018-09-05,0.002309530201803358
2018-09-06,0.0009479955236061763
2018-09-07,-0.0014464328169488411
2018-09-10,0.00092236694498345
2018-09-11,0.0009236591634429873
2018-09-12,0.0003765357961258368
2018-09-13,-0.0009682616309396293
2018-09-14,-0.0016697094612619717
2018-09-17,-0.002531086083422389
2018-09-18,0.0003592372539994856
2018-09-19,-0.003241489750382884
2018-09-20,-0.0017877270292146934
2018-09-21,-0.0016883053243453598
2018-09-24,-0.0005920870505747361
2018-09-25,0.002051905008475691
2018-09-26,-0.0038109925715235386
2018-09-27,-0.0019709629667067127
2018-09-28,0.003607523068642929
2018-10-01,-0.006854239712606463
2018-10-02,-0.001996713279416516
2018-10-03,0.001768648082322698
2018-10-04,-0.005080245135650207
2018-10-05,-0.0033382170380317757
2018-10-08,-0.004285972376660587
2018-10-09,-0.0034719646415821174
2018-10-10,-0.003944092959604774
2018-10-11,0.0026069651585935404
2018-10-12,-0.0017384501988474237
2018-10-15,0.004241198495442579
2018-10-16,0.0005875234016811601
2018-10-17,-0.0031726172478689072
2018-10-18,-0.0012496509943649078
2018-10-19,-0.0021551664990338976
2018-10-22,0.0022665205060288978
2018-10-23,-0.0018712145189741956
2018-10-24,-0.0037239388008472457
2018-10-25,0.0020389078488617027
2018-10-26,0.0020703570914440764
2018-10-29,-0.0037295541719897956
2018-10-30,0.004971193818350889
2018-10-31,0.004186553097439184
2018-11-01,0.007610155678133144
2018-11-02,0.0014873026312734734
2018-11-05,-0.0043763040342311415
2018-11-06,0.0019948328319983463
2018-11-07,-0.0018805322076399476
2018-11-08,-1.662019564118919e-08
2018-11-09,-0.0035257807068694086
2018-11-12,-0.0017710580966909147
2018-11-13,0.0008999709706367121
2018-11-14,-0.00047887449267034615
2018-11-15,0.0009014566738245085
2018-11-16,0.00383012385256143
2018-11-19,-0.0061386710606754005
2018-11-20,0.0017706558705897716
2018-11-21,0.00717364480233112
2018-11-23,0.0020724255341393206
2018-11-26,0.0006185665377548659
2018-11-27,-0.006352269352294009
2018-11-28,0.0018314134047104635
2018-11-29,-0.0014886528488022958
2018-11-30,-0.006107159669231253
2018-12-03,0.004104732935546413
2018-12-04,-0.00251129971810422
2018-12-06,-0.0010344548107968452
2018-12-07,-0.0032692601722158696
2018-12-10,-0.001499411079882698
2018-12-11,-0.0011222644307803437
2018-12-12,0.0038788688662884513
2018-12-13,-0.006228814765344377
2018-12-14,0.0004466507979606401
2018-12-17,-0.0027388746577844056
2018-12-18,0.0031937138698890167
2018-12-19,-0.003009074084761351
2018-12-20,-0.0030936685407694994
2018-12-21,-0.0015869943847010813
2018-12-24,0.0028256721782575177
2018-12-26,0.0010717190939717874
2018-12-27,5.1516771141839335e-05
2018-12-28,-0.0016753910197789858
2018-12-31,0.0006157814955952395
2019-01-02,-0.0021726519231308325
2019-01-03,0.0021086763684175953
2019-01-04,0.0008436759900187496
2019-01-07,0.0031001150477282316
2019-01-08,0.0031250194808233028
2019-01-09,0.006403595246623988
2019-01-10,0.00011543186947660881
2019-01-11,0.0005577044381424416
2019-01-14,-0.004637154099023721
2019-01-15,-0.000882978148895321
2019-01-16,0.0006834133146334071
2019-01-17,0.000815448885078186
2019-01-18,0.0015457170491246647
2019-01-22,-0.0007847393778011372
2019-01-23,-0.0006468693485079478
2019-01-24,0.005860358449829141
2019-01-25,0.0013980666358501571
2019-01-28,0.004190908143815248
2019-01-29,0.00030924088078933655
2019-01-30,-0.003478996381235175
2019-01-31,-0.004667253190863895
2019-02-01,0.003045550606118346
2019-02-04,0.0019256086239029255
2019-02-05,0.0022802847666263193
2019-02-06,0.00044198011243094543
2019-02-07,0.0025290725827282227
2019-02-08,-0.0015739500234029317
2019-02-11,0.0020807550331032867
2019-02-12,0.0010555619912274092
2019-02-13,0.0012177013346590165
2019-02-14,0.0009798805941585772
2019-02-15,-0.0016308093079936605
2019-02-19,0.002125347215687146
2019-02-20,0.0021889797740396915
2019-02-21,0.0022743997386032917
2019-02-22,0.0015256969050627383
2019-02-25,-0.0006800732274739801
2019-02-26,-0.002163832563470459
2019-02-27,-0.00010144758667966183
2019-02-28,0.0002571740171777247
2019-03-01,0.0016917347852101958
2019-03-04,3.4621852804178274e-05
2019-03-05,-0.00048232272816562186
2019-03-06,-0.0029006840940587865
2019-03-07,-0.0011450942937741085
2019-03-08,0.00011655496430554866
2019-03-11,-0.00031704010634524445
2019-03-12,0.0008149979507507434
2019-03-13,-0.0013258960144652285
2019-03-14,-0.0006566224652323821
2019-03-15,-0.0019046905949714438
2019-03-18,0.00011325306376893307
2019-03-19,-0.0012396447185965183
2019-03-20,-0.000736764536882705
2019-03-21,0.003582894998381825
2019-03-22,-0.005649805255334837
2019-03-25,0.0007204244257226485
2019-03-26,-0.00018459350556392605
2019-03-27,0.0014959082345633035
2019-03-28,0.0036368949090417606
2019-03-29,0.00041383684965380294
2019-04-01,0.0022361901556263875
2019-04-02,6.436002320369403e-05
2019-04-03,0.0016215650456569502
2019-04-04,-0.00019016152943601835
2019-04-05,0.002620048497968034
2019-04-08,0.002501537977979132
2019-04-09,-0.002349760773873725
2019-04-10,0.0036394274830669872
2019-04-11,0.0033796382554075652
2019-04-12,0.004500682464804981
2019-04-15,0.0004208082346554788
2019-04-16,-0.00018077003940455006
2019-04-17,-0.003016478400311282
2019-04-18,0.0009904399823798499
2019-04-22,-0.002392395973375706
2019-04-23,0.001204865628372069
2019-04-24,0.0027947960199707278
2019-04-25,-0.0059626449577803425
2019-04-26,0.0013985013141642527
2019-04-29,-0.0011443062558061244
2019-04-30,-0.0026740833337049966
2019-05-01,-0.0033735760295669232
2019-05-02,0.003863788240103988
2019-05-03,0.0011919036798546216
2019-05-06,-0.0003181157713751841
2019-05-07,-0.0033863740927501454
2019-05-08,3.65449499132055e-05
2019-05-09,0.00041702791226407
2019-05-10,-0.0036047959368095454
2019-05-13,-0.007153430851385187
2019-05-14,0.0021077351259587342
2019-05-15,-0.0009746212822906095
2019-05-16,-0.0005996071290274105
2019-05-17,-0.0032232464832658075
2019-05-20,-0.0014391532125060374
2019-05-21,0.003997595399973531
2019-05-22,-0.0036260357339302296
2019-05-23,-0.0039712544055868545
2019-05-24,0.0012096777279711377
2019-05-28,0.0019496730093858054
2019-05-29,-0.002251684981982813
2019-05-30,-0.001446156740141672
2019-05-31,0.0014786520716658386
2019-06-03,0.0016893189096570112
2019-06-04,0.004805107381917261
2019-06-05,0.0005513904865329274
2019-06-06,-0.0010303527321570173
2019-06-07,-0.0017599553550632285
2019-06-10,0.0022273270346036995
2019-06-11,0.000520943855911101
2019-06-12,0.0012519595311417289
2019-06-13,0.002716606730855797
2019-06-14,-0.004050322249597974
2019-06-17,-0.0012920573509347152
2019-06-18,0.0020943282704927665
2019-06-19,0.0017779540628675636
2019-06-20,1.4149214128412677e-05
2019-06-21,-0.0032729455493301788
2019-06-24,-0.0020826181400277117
2019-06-25,0.001531806227985935
2019-06-26,-5.316575415844314e-05
2019-06-27,0.0037010269951105942
2019-06-28,0.0032288448831798745
2019-07-01,0.0008967681502591446
2019-07-02,-0.0047451744400305446
2019-07-03,0.001887248046030342
2019-07-05,0.0018323797875140668
2019-07-08,-0.0032722465052145563
2019-07-09,-0.0012308278067540244
2019-07-10,-0.0044729347150431675
2019-07-11,-0.003516647616916056
2019-07-12,0.003164470599894236
2019-07-15,-0.002002588008844224
2019-07-16,0.0011397958515505656
2019-07-17,-0.0021615152575543434
2019-07-18,-0.002448196731422018
2019-07-19,0.0026592540347682445
2019-07-22,-0.002594220995059793
2019-07-23,0.0028061618880259754
2019-07-24,0.002092875489664767
2019-07-25,-0.0013198414937773857
2019-07-26,-0.002483382632057437
2019-07-29,-0.002643881760389338
2019-07-30,0.004985991381670543
2019-07-31,-0.00074042766077549
2019-08-01,-0.004618340388545794
2019-08-02,-0.0037959406507105187
2019-08-05,-0.0015547536754923937
2019-08-06,-0.0016953043046067928
2019-08-07,0.001398453044963179
2019-08-08,0.0018789879947678154
2019-08-09,-0.0028316734000029473
2019-08-12,-0.0016656986328561774
2019-08-13,0.0009357116290898138
2019-08-14,-0.0029228518654746405
2019-08-15,-0.0016055234739487181
2019-08-16,0.0020783856239005305
2019-08-19,-0.0011974425013569004
2019-08-20,0.0007925854395994317
2019-08-21,0.0019354203302646127
2019-08-22,-0.0001427368955014722
2019-08-23,-0.0035895324225775835
2019-08-26,-0.002533322934493246
2019-08-27,-0.0023496426810012522
2019-08-28,-3.67982964233262e-05
2019-08-29,0.0016569132897056443
2019-08-30,-0.0010311705665278785
2019-09-03,-0.0035222651851889893
2019-09-04,5.822137625772529e-05
2019-09-05,0.006469410946946716
2019-09-06,1.7389050283683283e-05
2019-09-09,0.002445557773385943
2019-09-10,0.004392805696037472
2019-09-11,0.003557271601989917
2019-09-12,-0.0011342292534716938
2019-09-13,0.0009803434756444594
2019-09-16,0.005325957987158284
2019-09-17,-0.004740102483728303
2019-09-18,-0.0013946953491689885
2019-09-19,-0.0024668131354835944
2019-09-20,-0.0015087050211221396
2019-09-23,9.133426526197985e-05
2019-09-24,-0.0007674141138289082
2019-09-25,0.002642052542851701
2019-09-26,-0.0031378381777073293
2019-09-27,0.001633546823956662
2019-09-30,0.001647699074474587
2019-10-01,-0.000735525871072118
2019-10-02,-0.000659904027718948
2019-10-03,0.001895890943703766
2019-10-04,-0.0026774177286287074
2019-10-07,-1.2167961244381395e-06
2019-10-08,-0.002861795130555525
2019-10-09,4.556034678559161e-05
2019-10-10,-0.0020141463309912904
2019-10-11,0.004595513208462845
2019-10-14,-0.0005057339681343825
2019-10-15,-0.0014359049996119809
2019-10-16,0.0018568487644836475
2019-10-17,0.0022346115285240627
2019-10-18,9.16086261108953e-05
2019-10-21,0.00011067070940567591
2019-10-22,0.0003176737036542695
2019-10-23,0.0018408003598144108
2019-10-24,-0.0006278702520543041
2019-10-25,-0.0032078794244569196
2019-10-28,-0.0012339800165715275
2019-10-29,0.001840507248363171
2019-10-30,-0.0019513929959485803
2019-10-31,-0.00274978275271733
2019-11-01,0.004175381031752412
2019-11-04,0.001954451564467401
2019-11-05,0.004176221059362802
2019-11-06,-0.003334663770574297
2019-11-07,0.0010931094154003514
2019-11-08,-0.0018734578122512444
2019-11-11,0.0021408580298224547
2019-11-12,0.0010644333708597306
2019-11-13,-0.001823238046688787
2019-11-14,0.00023701798692705523
2019-11-15,-0.0004924280346316262
2019-11-18,8.632910862100803e-05
2019-11-19,0.002058295319330496
2019-11-20,0.000594909165744107
2019-11-21,-0.00378164679355046
2019-11-22,0.002236409927366668
2019-11-25,0.002845576155749873
2019-11-26,-0.0010481246255636633
2019-11-27,0.0002443760821921343
2019-11-29,-0.0030780458587980064
2019-12-02,0.0006029094175753202
2019-12-03,-0.0006003929669513826
2019-12-04,0.001949820405553914
2019-12-05,0.0014391952954189424
2019-12-06,0.0007213933992886133
2019-12-09,0.0009824592452868175
2019-12-10,-0.00026244241596703
2019-12-11,0.00044159201073367847
2019-12-12,-0.0011471933315313617
2019-12-13,-0.004374097694410432
2019-12-16,-0.00158903550068595
2019-12-17,0.0004866847542126328
2019-12-18,0.0010829258708694458
2019-12-19,-0.0008263003215682207
2019-12-20,0.0005137173553869919
2019-12-23,-0.0001246337245839642
2019-12-24,0.0007815363159014355
2019-12-26,-0.0008978330121053335
2019-12-27,-0.0010128785094768087
2019-12-30,0.0019504167531969765
2019-12-31,0.0009213733212247691
2020-01-02,-0.002125757213322867
2020-01-03,-0.0008950931849760323
2020-01-06,-0.0014145833153832955
2020-01-07,0.0027792310316531984
2020-01-08,-0.002588856662344597
2020-01-09,-0.0003210800482453466
2020-01-10,0.0006048017401644873
2020-01-13,0.0017317692276618757
2020-01-14,0.0027229310115812486
2020-01-15,0.0002914115948303075
2020-01-16,0.0024527148167046396
2020-01-17,-0.0046402109868018725
2020-01-21,-0.0023071117596000306
2020-01-22,-0.003315220653563328
2020-01-23,0.0023521687151340518
2020-01-24,-0.0016930945682240624
2020-01-27,-0.0016335626616152989
2020-01-28,0.0011048939657311609
2020-01-29,-0.00048525907269109624
2020-01-30,-0.005409828001601182
2020-01-31,3.161810287130931e-05
2020-02-03,1.5449478234362546e-05
2020-02-04,0.0004584176762264299
2020-02-05,0.0012150184992315866
2020-02-06,-0.0024086832320354187
2020-02-07,-0.002104869697734495
2020-02-10,-0.0009462934843901157
2020-02-11,0.002291020748748279
2020-02-12,0.000957201241562438
2020-02-13,0.0006571777195132948
2020-02-14,-1.5160193104031203e-05
2020-02-18,-0.0013702850045261032
2020-02-19,0.00041924706962938665
2020-02-20,0.00545584619242181
2020-02-21,-0.0035985610493297644
2020-02-24,-0.0007889627647696094
2020-02-25,-0.006348067563132959
2020-02-26,-0.006200196701482003
2020-02-27,0.004494402863774345
2020-02-28,0.000246244477516722
2020-03-02,-0.010561414415774073
2020-03-03,0.0018664880220685583
2020-03-04,-0.007700190119173542
2020-03-05,-0.0013413935686967388
2020-03-06,-0.007624784545777551
2020-03-09,-0.017574299731035248
2020-03-10,0.005248365294993326
2020-03-11,-0.009902095350571495
2020-03-12,-0.005100907083260275
2020-03-13,-0.007304765232724539
2020-03-16,-0.010882164053415133
2020-03-17,-0.026536010287958427
2020-03-18,-0.02162653920897583
2020-03-19,0.02832343609966421
2020-03-20,0.0013142434287168533
2020-03-23,0.01011767243167205
2020-03-24,0.014505313571306022
2020-03-25,0.011600696054368254
2020-03-26,-0.006615478760035112
2020-03-27,-0.007644065214205548
2020-03-30,-0.009786795572957314
2020-03-31,0.0006697170986874092
2020-04-01,-0.0021984855360005287
2020-04-02,-0.016760445147499137
2020-04-03,0.0008310118459258914
2020-04-06,0.013537544207722088
2020-04-07,0.013869673993385663
2020-04-08,0.008988781444231049
2020-04-09,0.0052337082165851145
2020-04-13,-0.008869540811669983
2020-04-14,-0.004900433016790738
2020-04-15,-0.010761493607170197
2020-04-16,-0.010063734702201427
2020-04-17,0.00762221165951367
2020-04-20,-0.0005985233504059613
2020-04-21,0.00029524291026708505
2020-04-22,-0.0036211421100523014
2020-04-23,0.00976221805222831
2020-04-24,-0.0005793572558144937
2020-04-27,0.014384721860316026
2020-04-28,0.013013182152833105
2020-04-29,0.01516634780320518
2020-04-30,-0.009521157860003009
2020-05-01,-0.00786274161738559
2020-05-04,-0.0007599974364451466
2020-05-05,-0.0023010326114854453
2020-05-06,-0.00045012934564712427
2020-05-07,0.007366103693692378
2020-05-08,0.008281389892290839
2020-05-11,-0.00878729116687392
2020-05-12,-0.005553343212680268
2020-05-13,-0.01146168303198556
2020-05-14,0.0006034321710541232
2020-05-15,0.0018555854424205202
2020-05-18,0.01981412699939062
2020-05-19,0.00011732212316063056
2020-05-20,0.0061820385321854875
2020-05-21,0.003644697839578301
2020-05-22,-0.00198726898541153
2020-05-26,0.015364277925913609
2020-05-27,0.004346886983690033
2020-05-28,-0.006669750479697608
2020-05-29,-0.003772393260728793
2020-06-01,0.00698593216577254
2020-06-02,0.00771208922204011
2020-06-03,0.011556058859882232
2020-06-04,0.0036550738681914038
2020-06-05,0.008350841383696794
2020-06-08,0.005640575867407155
2020-06-09,-0.013587809309741468
2020-06-10,-0.009931090946015958
2020-06-11,-0.009153094288721894
2020-06-12,0.007071735189226184
2020-06-15,0.0049767086707476135
2020-06-16,0.0023953813809939675
2020-06-17,-0.003345320128934415
2020-06-18,-0.0021706221389424045
2020-06-19,-0.0005182324283287323
2020-06-22,-0.00017688669766880664
2020-06-23,0.00025437710582872433
2020-06-24,-0.006842687963221981
2020-06-25,0.000438983082760273
2020-06-26,0.0017841098888157075
2020-06-29,0.004141142551390982
2020-06-30,0.00019520681748001062
2020-07-01,-0.0064210627254168585
2020-07-02,0.002176033808859717
2020-07-06,-0.0017185983773904314
2020-07-07,-0.006143814887144491
2020-07-08,0.0013015909384673256
2020-07-09,-0.0028588136112734763
2020-07-10,0.0012656387312156413
2020-07-13,-0.0004456402521033848
2020-07-14,0.004643872723375152
2020-07-15,0.014347539796711887
2020-07-16,-0.0031705100949173393
2020-07-17,-0.0019620819263634548
2020-07-20,-0.003232038876637307
2020-07-21,0.001651040703881071
2020-07-22,-0.0011273082790354905
2020-07-23,0.0035585567354438153
2020-07-24,-0.001479126985186813
2020-07-27,0.0018870594491131988
2020-07-28,-0.005203385024212534
2020-07-29,0.007595133131128416
2020-07-30,0.00016981157269447145
2020-07-31,-0.0010882259580750004
2020-08-03,0.0031984893664610916
2020-08-04,0.001732634542980227
2020-08-05,0.0034750886947796933
2020-08-06,-0.0017534836905443267
2020-08-07,0.0011901426106780012
2020-08-10,0.0072954716966299685
2020-08-11,0.00217696782015663
2020-08-12,-0.004720238234628657
2020-08-13,-0.0004519049462092138
2020-08-14,0.0014416294949285465
2020-08-17,-0.002370326858684975
2020-08-18,-0.0038022570800535014
2020-08-19,-0.0010082450962951078
2020-08-20,-0.003484528625740423
2020-08-21,-0.002885883677630504
2020-08-24,0.0034247555861847256
2020-08-25,-0.0013860364286197237
2020-08-26,-0.003948163859910215
2020-08-27,0.00045492521286843047
2020-08-28,0.0005754069917318196
2020-08-31,-0.003697732699127005
2020-09-01,0.0026845126368723834
2020-09-02,-0.00023435473234356338
2020-09-03,-0.001072240332500446
2020-09-04,0.00042333546014582633
2020-09-08,0.0009938439183530233
2020-09-09,-0.001000565250488748
2020-09-10,8.999471087293986e-05
2020-09-11,-0.0016707770165440678
2020-09-14,0.005029881711933703
2020-09-15,0.0008913816546316864
2020-09-16,0.0013815891445988892
2020-09-17,0.0008344610958490933
2020-09-18,-0.0028879088869918235
2020-09-21,-0.009584823489328126
2020-09-22,0.0015954409534863411
2020-09-23,-0.003514207115248913
2020-09-24,-0.0014423553709459831
2020-09-25,-3.9366401190232825e-06
2020-09-28,0.005139695542942994
2020-09-29,-0.0016816427420515735
2020-09-30,-0.0036623443597733844
2020-10-01,-0.00025314424731721474
2020-10-02,0.009546545239206354
2020-10-05,0.003355058944348375
2020-10-06,0.0020829064596303726
2020-10-07,-0.0015791220799900134
2020-10-08,0.005260870920413807
2020-10-09,-0.0053086015419105455
2020-10-12,-0.004460564442471788
2020-10-13,-0.0020988862626640367
2020-10-14,0.002632227671367255
2020-10-15,0.0051486551186753025
2020-10-16,-0.006185741441718273
2020-10-19,0.0014628110905989151
2020-10-20,0.00376097155254873
2020-10-21,0.0007252362805729696
2020-10-22,0.0018744527545003047
2020-10-23,0.002507186893206218
2020-10-26,-0.0028685161330909738
2020-10-27,-0.0017132646187504406
2020-10-28,0.0025356399487804424
2020-10-29,0.00369986659292712
2020-10-30,0.001487757205770073
2020-11-02,0.0052152177503786805
2020-11-03,0.00044857810638267853
2020-11-04,-0.011411818611020374
2020-11-05,0.0025630574101093706
2020-11-06,-0.004920376702094797
2020-11-09,0.01528171226906987
2020-11-10,0.004441800590685163
2020-11-11,-0.0037494786767017486
2020-11-12,-0.005270072261736064
2020-11-13,0.006988686222117381
2020-11-16,0.007192854478143974
2020-11-17,0.0008739838777071544
2020-11-18,-0.002080643780079553
2020-11-19,0.0031509890834470213
2020-11-20,0.0010666652558436202
2020-11-23,0.005767241165465616
2020-11-24,0.0003101140084231929
2020-11-25,-0.0036990704155797894
2020-11-27,-0.001204942881960235
2020-11-30,-0.002605199620405344
2020-12-01,0.0004649563113682722
2020-12-02,-0.0010929632554379774
2020-12-03,0.004329246302240171
2020-12-04,0.0042300391066745265
2020-12-07,0.0018451891489357458
2020-12-08,0.0014626372838920996
2020-12-09,0.0016171109444876332
2020-12-10,0.003317153412239135
2020-12-11,-0.0008919647244552257
2020-12-14,-0.0008365138330582158
2020-12-15,0.004788337350524573
2020-12-16,-0.0016188367575367723
2020-12-17,0.0002604750770822742
2020-12-18,-0.0014329288256755474
2020-12-21,-0.001107160144048257
2020-12-22,0.004423308458865052
2020-12-23,0.0019039948695358236
2020-12-24,-0.00111746692537308
2020-12-28,-0.004006482251578374
2020-12-29,-0.004293869777192616
2020-12-30,0.0036418555190807834
2020-12-31,-0.002388060871270037
2021-01-04,-0.00016939764230633134
2021-01-05,0.0029973675072761455
2021-01-06,0.010389528977476251
2021-01-07,-0.0030170286124983573
2021-01-08,-0.0011170327851060093
2021-01-11,0.0010281301852616228
2021-01-12,0.007054936117970979
2021-01-13,-0.004673946540698339
2021-01-14,0.0029229354100537156
2021-01-15,0.0027178360463171675
2021-01-19,-0.0025747558811829952
2021-01-20,-0.0015689117288264724
2021-01-21,-0.0018127164192970197
2021-01-22,0.0034926483872884146
2021-01-25,-0.0007623970528466689
2021-01-26,-0.0027677035184601314
2021-01-27,0.007236259141533089
2021-01-28,-0.007117917084027951
2021-01-29,-0.00216415283586786
2021-02-01,0.0019779651130824166
2021-02-02,-0.00163901704899669
2021-02-03,0.002751674600590928
2021-02-04,-0.00010859600955783096
2021-02-05,0.001996071013218685
2021-02-08,0.0030594732725273393
2021-02-09,0.0010985348691631897
2021-02-10,0.0025501920610288193
2021-02-11,-0.0005380454356279649
2021-02-12,0.002258608118350141
2021-02-16,-0.001114529219379998
2021-02-17,-0.0013733739563527127
2021-02-18,-0.004400502396247907
2021-02-19,0.007778209684251968
2021-02-22,-0.0015114788489207322
2021-02-23,0.001485036947441347
2021-02-24,-0.00039716175686947165
2021-02-25,-0.002824461585671744
2021-02-26,0.0040268763916892596
2021-03-01,0.0030387702230808035
2021-03-02,-0.0014806592605335605
2021-03-03,0.00483865090741586
2021-03-04,-0.0024891410086148487
2021-03-05,0.0033160474783947014
2021-03-08,0.004125186829379684
2021-03-09,-0.005120462390841494
2021-03-10,0.003750869997316995
2021-03-11,0.002818699725724825
2021-03-12,0.0011057528207678961
2021-03-15,0.004520279428608229
2021-03-16,-0.005226123290495439
2021-03-17,0.0007172508673328696
2021-03-18,0.0010874314579208452
2021-03-19,0.0024814590761572347
2021-03-22,-0.0037700222073596924
2021-03-23,-0.005608495584500354
2021-03-24,-0.001419078862160986
2021-03-25,0.005205901295783688
2021-03-26,-0.002051761210078336
2021-03-29,-0.0063670225400126994
2021-03-30,0.005073269126438228
2021-03-31,-0.0013114275967636016
2021-04-01,0.003436885136668755
2021-04-05,-0.003705252283259448
2021-04-06,0.002862251194655628
2021-04-07,-0.0043961317887076835
2021-04-08,-0.0003287296909944195
2021-04-09,-0.0009010791377164146
2021-04-12,0.0013104460875102634
2021-04-13,-0.0031214231941234065
2021-04-14,0.0010218790310860691
2021-04-15,-0.002623516490103909
2021-04-16,0.0010313195874986393
2021-04-19,0.00044309730348588827
2021-04-20,-0.0014955432555224246
2021-04-21,0.0031430984440629847
2021-04-22,0.0036824287627887854
2021-04-23,0.001281927978179543
2021-04-26,0.0029287337200204966
2021-04-27,0.00176789409723521
2021-04-28,0.0004699911718826986
2021-04-29,0.00022383172812761015
2021-04-30,-0.003175476182216702
2021-05-03,0.0006032543979341094
2021-05-04,0.0022516564059305967
2021-05-05,-0.0002874681989288568
2021-05-06,-0.005856537241007648
2021-05-07,0.004944391544412012
2021-05-10,0.003627168678713587
2021-05-11,-0.0027100642764630745
2021-05-12,-0.004748761739208431
2021-05-13,0.002930383528813701
2021-05-14,0.0023657994933212016
2021-05-17,0.000420509994309808
2021-05-18,-0.0023378902895777477
2021-05-19,-0.0026869772570082984
2021-05-20,-0.0012572836171693379
2021-05-21,-0.0012509738588024387
2021-05-24,-0.0007437671899814995
2021-05-25,-0.002341466464051204
2021-05-26,0.0037944039055184745
2021-05-27,0.0008885536509555085
2021-05-28,-0.0003829059060617543
2021-06-01,0.0033879047645447692
2021-06-02,-0.0022471846417734683
2021-06-03,-0.002031140633468238
2021-06-04,-0.0007232939718039757
2021-06-07,0.0005541117401884595
2021-06-08,0.004420677023107925
2021-06-09,-0.0026015166698387946
2021-06-10,-0.0035122350839607757
2021-06-11,0.0036263673043974414
2021-06-14,-0.0034721277802649457
2021-06-15,0.0007739287841161338
2021-06-16,-0.000346811238326054
2021-06-17,-0.005105523131378051
2021-06-18,-0.000908830975744266
2021-06-21,0.004811310739141095
2021-06-22,-0.0022934550493768358
2021-06-23,-0.000302764436915977
2021-06-24,-0.00019835009892577807
2021-06-25,0.001401915044597502
2021-06-28,-0.0015607787385199601
2021-06-29,0.0012740793933380527
2021-06-30,-0.0015586409181812676
2021-07-01,0.0036605342604500287
2021-07-02,-0.0032499433874500533
2021-07-06,-0.0026375781449783243
2021-07-07,-0.0005593020803272282
2021-07-08,-0.001200731063870782
2021-07-09,0.0037525102440099916
2021-07-12,-0.0017406199303892937
2021-07-13,-0.006676904518286424
2021-07-14,-0.003196125348930328
2021-07-15,-0.0026599030008160203
2021-07-16,-0.0015846677587826848
2021-07-19,-0.001467352157553621
2021-07-20,0.003989334069871269
2021-07-21,0.0010309150949986568
2021-07-22,-0.003632981893277578
2021-07-23,-0.00044087365520830823
2021-07-26,0.0013951270220880939
2021-07-27,-0.001347463128854726
2021-07-28,0.0027159227049631824
2021-07-29,-0.00044071879902145977
2021-07-30,-0.0003474735615576871
2021-08-02,0.002651190516248874
2021-08-03,-0.001253376992029957
2021-08-04,-0.001622982710272551
2021-08-05,0.001904675167231318
2021-08-06,-0.0003770325073411793
2021-08-09,0.00015812456148599826
2021-08-10,0.0022656393503860195
2021-08-11,0.004166585755603134
2021-08-12,-0.0004784806322762399
2021-08-13,-0.00452596901142591
2021-08-16,-0.003498668616370606
2021-08-17,-0.0028143866032224376
2021-08-18,-8.511875437308865e-05
2021-08-19,-0.0036812142483128277
2021-08-20,0.002136010254369592
2021-08-23,0.0012518508395286069
2021-08-24,0.004888826001255594
2021-08-25,0.00491078370449371
2021-08-26,-0.0026607440175761624
2021-08-27,0.0034661369622850276
2021-08-30,-0.0013970924186340501
2021-08-31,0.0011318447439899457
2021-09-01,0.0011494610084364758
2021-09-02,0.0039978574228772745
2021-09-03,-0.00223827488136962
2021-09-07,-0.0009343086962820147
2021-09-08,-0.004188683834876458
2021-09-09,0.00246855514707339
2021-09-10,-0.0020529784173239337
2021-09-13,0.0011303512249776892
2021-09-14,-0.001988495870326658
2021-09-15,-0.0005860500620115689
2021-09-16,-0.0004456675169819736
2021-09-17,-0.00032965358583641503
2021-09-20,-0.0007153516288346436
2021-09-21,-0.0026393212954892173
2021-09-22,0.0038039033487854354
2021-09-23,0.0039598813374742275
2021-09-24,0.00021091733598848196
2021-09-27,0.005527528610420149
2021-09-28,0.0017770557890803215
2021-09-29,-0.0026295565234850478
2021-09-30,-0.003138823245509525
2021-10-01,0.002968957042324031
2021-10-04,0.0030382505314458
2021-10-05,-0.0005694329159992954
2021-10-06,-0.004565035582947591
2021-10-07,0.0005514428441265352
2021-10-08,-0.0009985021796875655
2021-10-11,0.0018893201374411885
2021-10-12,0.0025254783968329544
2021-10-13,-0.0020795591419509474
2021-10-14,0.000954756394766873
2021-10-15,-0.004966432514294069
2021-10-18,0.0020284074676369277
2021-10-19,-0.003935679408119194
2021-10-20,3.9529433777966624e-05
2021-10-21,-0.001610947150657478
2021-10-22,0.001061302213997476
2021-10-25,-0.0002308175739302934
2021-10-26,-0.004351072962261265
2021-10-27,-0.001140216870134091
2021-10-28,0.0032509131639344557
2021-10-29,-0.002709783744332399
2021-11-01,0.006825875666034304
2021-11-02,-0.002787101201287804
2021-11-03,-0.0018630000620484984
2021-11-04,-0.004666687638349895
2021-11-05,0.006424670003669895
2021-11-08,-0.00023311861991622451
2021-11-09,0.0010850169471763927
2021-11-10,-0.0016112176142568588
2021-11-11,0.004504761758554815
2021-11-12,-0.0022397756011912273
2021-11-15,0.0034233270371192464
2021-11-16,-0.0006847401259172407
2021-11-17,-0.0034924018024273273
2021-11-18,-0.0034628659255625453
2021-11-19,-0.0007045564684453774
2021-11-22,0.0042799891879270885
2021-11-23,-0.0005536908633978982
2021-11-24,0.0006676969136453529
2021-11-26,-0.0037174145449912002
2021-11-29,-0.0009630855504325336
2021-11-30,-0.0031486370406639784
2021-12-01,-0.004629922304865267
2021-12-02,0.006467868856896278
2021-12-03,-0.0019496899618131796
2021-12-06,0.0018059164147689374
2021-12-07,0.0011346338335315766
2021-12-08,0.003133036612954254
2021-12-09,-0.005006493088841906
2021-12-10,-0.002682485885154645
2021-12-13,-0.0015554394623277998
2021-12-14,-0.00156078927257526
2021-12-15,-0.0015829865189370945
2021-12-16,-0.0035755139828542062
2021-12-17,0.0028265719708465715
2021-12-20,-0.0033914058029285554
2021-12-21,0.0053883998600333105
2021-12-22,-0.0016490473303561667
2021-12-23,0.001173510409878913
2021-12-27,0.0022603355450381314
2021-12-28,0.0006875456097698105
2021-12-29,0.0009051056727420242
2021-12-30,9.4436140900924e-06
2021-12-31,0.0017373474978539612
2022-01-03,-0.004024839628193637
2022-01-04,0.0014616584704838786
2022-01-05,-0.007458523719454286
2022-01-06,0.0007966847011669624
2022-01-07,-0.0027326897275238866
2022-01-10,-0.0032918570615928866
2022-01-11,0.0008100796088872219
2022-01-12,-0.0014785127717462068
2022-01-13,0.001661645703134219
2022-01-14,-0.0010224836239027288
2022-01-18,-0.0015178718755522215
2022-01-19,-0.0019480678751856821
2022-01-20,-0.00575818824578443
2022-01-21,0.0011648418857704238
2022-01-24,0.008432541854678033
2022-01-25,-0.004229247730410725
2022-01-26,-0.004100169540450661
2022-01-27,-0.004380455485325625
2022-01-28,0.0019288057048644919
2022-01-31,0.003905127144333909
2022-02-01,0.00038570336832770453
2022-02-02,-0.0012897822087316099
2022-02-03,-0.0006204719171151798
2022-02-04,-0.002381391793878333
2022-02-07,0.0008505804794109202
2022-02-08,0.006576423206147261
2022-02-09,0.0043193755481497256
2022-02-10,-0.0012206711893099388
2022-02-11,0.0011998671321591815
2022-02-14,-0.0007125969654569863
2022-02-15,0.007938533019308348
2022-02-16,0.0023687913286186274
2022-02-17,-0.0005246646044965095
2022-02-18,0.002122898228768909
2022-02-22,-0.004331532273481178
2022-02-23,-0.004811962370917298
2022-02-24,0.00605083024693861
2022-02-25,0.0011320782747383795
2022-02-28,-0.0022524110349217176
2022-03-01,-0.00490780483558872
2022-03-02,0.00334600978171444
2022-03-03,-0.0023389742148662383
2022-03-04,-0.005517367846195363
2022-03-07,-0.003782849223747796
2022-03-08,0.004154292600031816
2022-03-09,0.0030595802422577305
2022-03-10,-3.931055082569135e-05
2022-03-11,-0.0022390501320642218
2022-03-14,-0.0006817982120156697
2022-03-15,0.003000415017569334
2022-03-16,0.004102573895035568
2022-03-17,0.00046814410772513977
2022-03-18,0.002553230878116238
2022-03-21,-0.003615751286002901
2022-03-22,-0.0024352888701203394
2022-03-23,-0.0010180618165359125
2022-03-24,-0.0014508041547956554
2022-03-25,-0.0003496936362964286
2022-03-28,-0.002027789858017699
2022-03-29,0.004094874898655244
2022-03-30,-0.004204227813806903
2022-03-31,-0.0007907003837030139
2022-04-01,-0.002930248169888741
2022-04-04,-0.00043991467156231576
2022-04-05,-0.0025668513509895415
2022-04-06,-0.006501400044006819
2022-04-07,-0.0034833038874376903
2022-04-08,-0.0019373503269430835
2022-04-11,0.002607849766683641
2022-04-12,0.001620844971816729
2022-04-13,0.00360045069961149
2022-04-14,-0.0016494119571932178
2022-04-18,-0.0018395600474307838
2022-04-19,0.0067659574045816455
2022-04-20,0.005023636324915505
2022-04-21,0.0008798493481544777
2022-04-22,0.0008126281132422031
2022-04-25,0.0020120856215938964
2022-04-26,-0.004049852500782058
2022-04-27,-0.0001222258362847989
2022-04-28,-0.0009470603106793082
2022-04-29,0.00202123060226694
2022-05-02,0.002333894939024904
2022-05-03,0.0013771448273665063
2022-05-04,0.000335180908502028
2022-05-05,-0.005551854889798816
2022-05-06,-0.005761200994227726
2022-05-09,-7.414817739604534e-05
2022-05-10,-0.0003922711910207938
2022-05-11,-0.006602479115792299
2022-05-12,0.0052396281792881395
2022-05-13,0.0023405073174457072
2022-05-16,-0.0037537778102029306
2022-05-17,0.00582189802526701
2022-05-18,-0.0023477028089738394
2022-05-19,0.003155555069740462
2022-05-20,-0.0012480097156168219
2022-05-23,-0.0038317586430216613
2022-05-24,-0.008301431011822784
2022-05-25,0.005616797733329943
2022-05-26,0.0039044191630999946
2022-05-27,0.0032893983999309068
2022-05-31,-0.003776232090601142
2022-06-01,-0.0018682054109739124
2022-06-02,0.0011789722206005798
2022-06-03,0.0016477746541175339
2022-06-06,0.0015820343407045578
2022-06-07,0.0005691178394991152
2022-06-08,-0.002183485839657384
2022-06-09,0.0023651899386962737
2022-06-10,-0.004261209494317651
2022-06-13,-0.005424424461645545
2022-06-14,-0.0014217860026667934
2022-06-15,0.0014073711700119153
2022-06-16,-0.008859165280179625
2022-06-17,0.0037282413328184466
2022-06-21,-0.00777877067597108
2022-06-22,0.000646851828670623
2022-06-23,0.001573601541909662
2022-06-24,0.004254141714555494
2022-06-27,0.0016752437095558753
2022-06-28,-0.0002464402273264013
2022-06-29,-0.002387621804785525
2022-06-30,0.0009061379811071656
2022-07-01,0.002181844055838846
2022-07-05,0.0013638256404355275
2022-07-06,-0.0008497056520408771
2022-07-07,0.0021290605749513247
2022-07-08,-0.002187657078122006
2022-07-11,6.266683030275826e-05
2022-07-12,0.003974841902592365
2022-07-13,0.0005888386291977906
2022-07-14,-0.0033511297693133366
2022-07-15,-0.002678906262835321
2022-07-18,0.0020431727803934966
2022-07-19,0.004180936631273495
2022-07-20,0.0029302134704245605
2022-07-21,0.001064154105101944
2022-07-22,-0.0005128525559550852
2022-07-25,-0.001416401398944255
2022-07-26,-0.00016608561030565482
2022-07-27,-0.00031322122212121967
2022-07-28,0.005082087014495527
2022-07-29,0.0013273502355913586
2022-08-01,-0.0006562899891505916
2022-08-02,-0.002217591607939236
2022-08-03,-0.002918934191207671
2022-08-04,6.883025734414532e-05
2022-08-05,4.624132328910949e-05
2022-08-08,0.004902204869907049
2022-08-09,-0.003433983315043155
2022-08-10,0.0029434601436253705
2022-08-11,0.002016800945197949
2022-08-12,-0.0008260681505699776
2022-08-15,-0.002881277153691641
2022-08-16,0.0006938295212578632
2022-08-17,-0.0033824632652216524
2022-08-18,0.002167265506434116
2022-08-19,-0.003284195667562764
2022-08-22,-0.002528434700424232
2022-08-23,0.0001612034975031725
2022-08-24,0.0022249224475723722
2022-08-25,0.00377154789426893
2022-08-26,-0.002184913388484311
2022-08-29,-0.000897017436748933
2022-08-30,-0.00013975527044557574
2022-08-31,-9.65890489698848e-05
2022-09-01,-0.0027714984497957027
2022-09-02,0.00154498689939442
2022-09-06,-0.00024761027471743944
2022-09-07,0.0023025841267865083
2022-09-08,-0.0009072247511040677
2022-09-09,0.0010044733455512392
2022-09-12,0.0008843608908268592
2022-09-13,-0.001337245810890772
2022-09-14,-0.0036766348929641
2022-09-15,0.0024877249922957353
2022-09-16,-0.004183571572721038
2022-09-19,0.002465936740400388
2022-09-20,-0.004089871505356403
2022-09-21,0.0011047464180744364
2022-09-22,-0.00783202346503116
2022-09-23,0.0014572460001015738
2022-09-26,-0.0021344852539991327
2022-09-27,-0.0003265765972683106
2022-09-28,0.0018114927400927835
2022-09-29,-0.0016404393859114803
2022-09-30,0.005239851757633042
2022-10-03,0.00043762150848137074
2022-10-04,0.002339822430375879
2022-10-05,-0.0015331570983910582
2022-10-06,0.0005346596885889929
2022-10-07,-0.0005994397518153602
2022-10-10,0.002715868671589945
2022-10-11,0.0018453558637406367
2022-10-12,-0.0035366217407226397
2022-10-13,-0.0038227236115503938
2022-10-14,-0.002210389812766538
2022-10-17,0.0010160815560795629
2022-10-18,0.0034190800142068593
2022-10-19,-0.011047805871641237
2022-10-20,-0.003511795710493577
2022-10-21,0.0009663923087325117
2022-10-24,-0.0010114540180313873
2022-10-25,0.004592234793739058
2022-10-26,-0.00194643749906546
2022-10-27,-0.0007103908923380159
2022-10-28,-0.0018208920118091207
2022-10-31,0.002256669516127541
2022-11-01,0.0031168130688678667
2022-11-02,-0.006103897148877501
2022-11-03,0.0032109108922620836
2022-11-04,0.0009934231459007587
2022-11-07,-0.0007582786701403593
2022-11-08,-0.002346285622203518
2022-11-09,0.0017431828275627226
2022-11-10,0.013104695138770064
2022-11-11,0.00386132040253341
2022-11-14,-0.004504757156502238
2022-11-15,0.0025107898843977367
2022-11-16,-0.003168226852110565
2022-11-17,-0.0035546529661370056
2022-11-18,0.0009998292275828734
2022-11-21,-0.000493975663689
2022-11-22,-0.0025613350063677515
2022-11-23,0.0007152064855341367
2022-11-25,0.0020451063362145103
2022-11-28,-0.0019424255823157419
2022-11-29,0.0016174601183397766
2022-11-30,-0.0011237929945663548
2022-12-01,0.003183295381589862
2022-12-02,0.0001177018701242641
2022-12-05,-0.0009408041196739061
2022-12-06,-0.0003161698682056357
2022-12-07,-0.0009735517970755882
2022-12-08,0.0006585846480875865
2022-12-09,0.002268809935028041
2022-12-12,-0.00020152218552566686
2022-12-13,0.0012031333982215802
2022-12-14,-0.001252222880704871
2022-12-15,-0.00036524323568175657
2022-12-16,-0.0019468413776439278
2022-12-19,-0.0019639144676072556
2022-12-20,-0.0016551752215274358
2022-12-21,0.0011971503301766665
2022-12-22,0.0014649304929013635
2022-12-23,-7.276860557776672e-05
2022-12-27,0.0016025234169312335
2022-12-28,-0.004993933625731991
2022-12-29,0.002913096974971944
2022-12-30,-0.002390403658866165
2023-01-03,-0.00016807455799595613
2023-01-04,0.003020031916124587
2023-01-05,-0.002909557317776569
2023-01-06,0.001756097449518549
2023-01-09,0.0027939383131268857
2023-01-10,-0.0005081589276320457
2023-01-11,0.0036770300279131297
2023-01-12,-0.0020587769078218654
2023-01-13,-0.00029350734870115967
2023-01-17,0.001154284772571176
2023-01-18,0.0029742691869613647
2023-01-19,-0.003766146443125536
2023-01-20,0.0021926174398883037
2023-01-23,0.0008437780299093926
2023-01-24,-0.002093925865154971
2023-01-25,-0.0003319595054013277
2023-01-26,-2.3434060974197174e-05
2023-01-27,0.0038826999973862472
2023-01-30,0.00044925667630709397
2023-01-31,0.004535453574458288
2023-02-01,0.0026398783896801684
2023-02-02,0.00945026235244234
2023-02-03,-0.0013371035770443993
2023-02-06,-0.004145370567133245
2023-02-07,-0.0003590990684675596
2023-02-08,-0.003630961748977442
2023-02-09,0.000802650834989177
2023-02-10,-0.003968873100761102
2023-02-13,0.0013157895882229004
2023-02-14,-0.002774202676643293
2023-02-15,0.003223727341041013
2023-02-16,0.0028519302874148965
2023-02-17,-0.0010760625585882937
2023-02-21,-0.0057992838326046715
2023-02-22,0.0005325524934944009
2023-02-23,0.00010002144836930614
2023-02-24,-0.00026728912252210746
2023-02-27,-0.002224568632595211
2023-02-28,0.001604892490180981
2023-03-01,0.0010665330177071896
2023-03-02,-0.0008165330828827314
2023-03-03,0.0001599232097260466
2023-03-06,-0.005110359014803414
2023-03-07,-0.0009999032597708922
2023-03-08,0.0009996330299901876
2023-03-09,-0.0026752030752301044
2023-03-10,-0.00654898368817091
2023-03-13,-0.005563136306831206
2023-03-14,-0.0018160893882963967
2023-03-15,-0.005059208186807121
2023-03-16,-0.001223858916660955
2023-03-17,-0.004386340137816795
2023-03-20,0.0037893884800645084
2023-03-21,0.0016866930587302771
2023-03-22,-0.005235824738833973
2023-03-23,-0.004252273921853733
2023-03-24,0.0019511578170871152
2023-03-27,0.002475418061522981
2023-03-28,0.0022941699093042105
2023-03-29,-0.00022486709723052584
2023-03-30,-0.00023851107125351725
2023-03-31,0.0034930639257692644
2023-04-03,-0.003771514588215225
2023-04-04,-0.0022265792770956444
2023-04-05,-0.005082408233255627
2023-04-06,0.0001114449051404443
2023-04-10,0.0038726271348396377
2023-04-11,0.006027285305597742
2023-04-12,-0.0022422126434752275
2023-04-13,0.0004403340049231059
2023-04-14,-0.0036355729338078393
2023-04-17,0.0023905717560686003
2023-04-18,-0.0013857645518463896
2023-04-19,-0.001366035298652439
2023-04-20,-0.00010484777204656116
2023-04-21,-0.00016533645531920696
2023-04-24,0.00011619238803183343
2023-04-25,-0.001946474932745662
2023-04-26,3.706692295715221e-05
2023-04-27,0.000884596222077965
2023-04-28,0.00029741139967048164
2023-05-01,-0.0011832831253810292
2023-05-02,-0.0007166728878316448
2023-05-03,0.005855423257879256
2023-05-04,-0.002226255582609568
2023-05-05,-0.0005620525642463167
2023-05-08,-0.002206819028289722
2023-05-09,-4.554107711508652e-05
2023-05-10,-0.0012332160831463978
2023-05-11,-0.002529594986902952
2023-05-12,0.0013733906131352168
2023-05-15,0.0035566189697578228
2023-05-16,-0.003827683937172411
2023-05-17,-0.0004622524641693191
2023-05-18,0.0016794373766147635
2023-05-19,-0.002850518012353611
2023-05-22,0.004206697564963366
2023-05-23,-0.0017527082406080235
2023-05-24,-0.0027451106491754185
2023-05-25,-0.0014465238510031784
2023-05-26,-0.0030535096824200903
2023-05-30,-0.00011185598982511912
2023-05-31,-0.00657678141936134
2023-06-01,0.0006761980629815031
2023-06-02,0.00764722826818881
2023-06-05,-0.00310673869819382
2023-06-06,0.005035168486312487
2023-06-07,0.005502815163651104
2023-06-08,-0.00554414161377677
2023-06-09,-0.0019668573203607213
2023-06-12,-0.0004979023971336529
2023-06-13,0.0023372412195943717
2023-06-14,-0.0009911214981202553
2023-06-15,0.000306049229796556
2023-06-16,0.0009842384394032457
2023-06-20,-0.0010982687776720061
2023-06-21,0.0008134533949194656
2023-06-22,-0.005401209980885268
2023-06-23,-0.000781230293607057
2023-06-26,0.005027076208998435
2023-06-27,0.0015460409025423467
2023-06-28,-0.0011308527649303553
2023-06-29,0.002223351884487997
2023-06-30,-0.0006537227570312266
2023-07-03,0.0012950265007635495
2023-07-05,-0.0014788374917843856
2023-07-06,0.0022888047152640704
2023-07-07,0.005352377781850477
2023-07-10,0.0016558967673989487
2023-07-11,0.002189968251504637
2023-07-12,0.0015333757425688398
2023-07-13,-0.0012193076764521844
2023-07-14,-0.0047546947797065114
2023-07-17,0.0012158179094228063
2023-07-18,0.00015075952285602268
2023-07-19,-0.0006635324203923361
2023-07-20,-0.003935202701208484
2023-07-21,-0.002340743560803344
2023-07-24,-0.003407450168611436
2023-07-25,0.0018102668056609443
2023-07-26,0.0008349864386809542
2023-07-27,-0.0025993337884008556
2023-07-28,-0.0017075963488394261
2023-07-31,0.0008669322654565573
2023-08-01,-0.0017387104143359528
2023-08-02,0.002537274621112263
2023-08-03,-0.00038393600619979727
2023-08-04,0.0029889576146069803
2023-08-07,-0.0016823747198686269
2023-08-08,-0.0006428670892912325
2023-08-09,0.0015452537381947622
2023-08-10,-0.0018585062025476915
2023-08-11,-0.0014313475873638094
2023-08-14,-0.002187936858237484
2023-08-15,-0.0014019349773078307
2023-08-16,-0.0007163543741999954
2023-08-17,-0.0009493051286098737
2023-08-18,-0.0005750997586447255
2023-08-21,-0.003108033117069674
2023-08-22,0.000765762156145656
2023-08-23,-0.00022887252365702115
2023-08-24,0.00041772669988038996
2023-08-25,-0.0027858843879717404
2023-08-28,0.0019691059621240146
2023-08-29,0.00016101244219143308
2023-08-30,0.0015301649333887425
2023-08-31,-0.0009706129359700155
2023-09-01,-0.001418459048818254
2023-09-05,-0.006753786248213256
2023-09-06,-0.0005289472389853125
2023-09-07,-0.007766764526082004
2023-09-08,-0.0018241372325603115
2023-09-11,-0.004757296864706583
2023-09-12,-0.0017541795451457177
2023-09-13,-0.004600073614074154
2023-09-14,0.0026146596571810996
2023-09-15,0.0025282128606036606
2023-09-18,-0.003396283960463091
2023-09-19,0.0016341855330291948
2023-09-20,0.0004175789200078798
2023-09-21,-0.001985583579138306
2023-09-22,-0.001160333963600638
2023-09-25,-0.0011518306234846432
2023-09-26,-0.000388773186817664
2023-09-27,0.0016510388731312581
2023-09-28,0.0027747621787611613
2023-09-29,0.002147023877678487
2023-10-02,-0.00405774289038713
2023-10-03,-0.0007303167326980879
2023-10-04,0.0020298916710078238
2023-10-05,-0.0022806025530827546
2023-10-06,-0.0026338362923241715
2023-10-09,-0.0010445357007315371
2023-10-10,0.0018804875801888337
2023-10-11,0.0009988402793856665
2023-10-12,-0.005042272647460813
2023-10-13,-0.002497084293796644
2023-10-16,0.0018469944244897587
2023-10-17,0.002456150347606087
2023-10-18,-0.004285500239804372
2023-10-19,-0.00436291349632675
2023-10-20,-0.0024965708520022657
2023-10-23,-6.616966734895348e-05
2023-10-24,-0.003394170067855016
2023-10-25,-0.002373155353894492
2023-10-26,0.004488628793322233
2023-10-27,-0.0015636757318648643
2023-10-30,-0.005682656969642047
2023-10-31,-0.0019940108327062105
2023-11-01,-0.006069848853004745
2023-11-02,0.0018615806258880686
2023-11-03,0.013956763838831385
2023-11-06,-0.0051397599245423305
2023-11-07,0.000588256863785757
2023-11-08,-0.0012740427476281937
2023-11-09,-0.0006544494305158258
2023-11-10,-0.0011353949520794791
2023-11-13,-0.0025820196023249504
2023-11-14,0.013518139036948047
2023-11-15,0.0010666617347828578
2023-11-16,-0.005175691770224165
2023-11-17,0.0018666214494183612
2023-11-20,-0.0015087012424117694
2023-11-21,-0.0022689026443309993
2023-11-22,0.0015034723994517508
2023-11-24,0.0001635715577519778
2023-11-27,-2.461793709858948e-05
2023-11-28,-0.000708778012185568
2023-11-29,0.002848920790589553
2023-11-30,0.00025649826901217795
2023-12-01,0.010221821201693054
2023-12-04,0.002443452992278084
2023-12-05,-0.0051940146080263665
2023-12-06,0.005866691661530607
2023-12-07,0.0019604853056093344
2023-12-08,-0.0006089020188161311
2023-12-11,-0.001074067395932736
2023-12-12,-0.0008161753972223448
2023-12-13,0.006416957429856415
2023-12-14,0.010197024806739686
2023-12-15,-0.005586747267875357
2023-12-18,-0.0006268252458831836
2023-12-19,0.0009657739048277488
2023-12-20,-0.0004015311527872205
2023-12-21,0.0018536735373645488
2023-12-22,0.0002489134734438873
2023-12-26,0.0010283189371611962
2023-12-27,-0.0002646390808326046
2023-12-28,0.0003766916790006105
2023-12-29,-0.002458627105902239
2024-01-02,-0.0021004573706667846
2024-01-03,-0.009600101656313427
2024-01-04,0.00033020900622263193
2024-01-05,0.0006433773055649142
2024-01-08,0.001523781019575024
2024-01-09,0.00024158576808241787
2024-01-10,0.0007758309826213729
2024-01-11,-0.0020263315944526747
2024-01-12,-0.004735888032502466
2024-01-16,-0.0027919828735336336
2024-01-17,-0.0015984233032970575
2024-01-18,0.0010998464199122862
2024-01-19,-0.0034988720547226397
2024-01-22,0.0035748252343087068
2024-01-23,-0.001542150522189052
2024-01-24,-0.003817743010154886
2024-01-25,0.001968656811596959
2024-01-26,-0.00036340336540444573
2024-01-29,0.001631462108424706
2024-01-30,-0.00502439290089987
2024-01-31,-0.005778014624939324
2024-02-01,0.0024001563063813253
2024-02-02,-0.0033791348339520374
2024-02-05,-0.0023997079170443086
2024-02-06,0.002603394502182844
2024-02-07,-0.0019271180116795456
2024-02-08,0.005713899364912832
2024-02-09,-0.0016971710619742865
2024-02-12,0.0044877673920576955
2024-02-13,-0.005467210139568952
2024-02-14,0.002333447540290459
2024-02-15,6.922498187537582e-05
2024-02-16,-0.000502014464931257
2024-02-20,0.0006244883469736732
2024-02-21,-0.0009667270331004947
2024-02-22,-0.000427202594650759
2024-02-23,-7.1194385533822e-05
2024-02-26,-0.0028908064265664632
2024-02-27,0.00358031704023325
2024-02-28,0.0008602206530927131
2024-02-29,0.0025699795489350676
2024-03-01,0.0031874709934241723
2024-03-04,-8.936739233133205e-05
2024-03-05,-0.00010815497362223064
2024-03-06,0.001951292145238098
2024-03-07,0.004109913897531204
2024-03-08,0.00026559361320699316
2024-03-11,-0.000593679908377259
2024-03-12,-0.0013353801795203354
2024-03-13,-0.0024150096066459068
2024-03-14,-0.0058166279176503225
2024-03-15,0.0007143738684917927
2024-03-18,-0.003238773856200314
2024-03-19,0.0014247310703314883
2024-03-20,8.82018331189163e-05
2024-03-21,0.00012469931947086971
2024-03-22,-0.002265424278672188
2024-03-25,-0.0009364836327230199
2024-03-26,-0.0004914150582889145
2024-03-27,0.005107801945041018
2024-03-28,0.00016874044745914234
2024-04-01,-0.0024300847585203705
2024-04-02,-0.003204213278771793
2024-04-03,0.0007216205294493982
2024-04-04,0.00035991325837431143
2024-04-05,-0.003470596738981477
2024-04-08,0.003021451751731524
2024-04-09,0.004468952604828207
2024-04-10,-0.005913517562832827
2024-04-11,-0.0029603063540216005
2024-04-12,-0.0009409359742330089
2024-04-15,-0.0009984864301585484
2024-04-16,-0.0037832919464064396
2024-04-17,-7.092809740000088e-05
2024-04-18,-0.0017005399112952593
2024-04-19,0.0013786009346035003
2024-04-22,-0.0009081518933405077
2024-04-23,-0.00045164854980848587
2024-04-24,0.0009368757525081432
2024-04-25,-0.002647055015381263
2024-04-26,0.0023226231181328913
2024-04-29,0.004580666165269224
2024-04-30,-0.0029507939965261396
2024-05-01,0.0008534658858664955
2024-05-02,0.0015746147640789254
2024-05-03,-0.0009923293420820815
2024-05-06,-0.0003483825474092893
2024-05-07,-0.00018228696135764479
2024-05-08,-0.00218221754486477
2024-05-09,0.003810468253633889
2024-05-10,-0.0008094844682847166
2024-05-13,0.0012163704979414258
2024-05-14,0.0015131581618566294
2024-05-15,-0.0025098417258237835
2024-05-16,-0.0016424153551590675
2024-05-17,-0.0025401784891956073
2024-05-20,0.0026031215657347016
2024-05-21,-0.0018608673451470797
2024-05-22,-0.0013008482080370844
2024-05-23,-0.004117267574498087
2024-05-24,0.004420356431269576
2024-05-28,-0.000466711048951113
2024-05-29,-0.0024568944312856247
2024-05-30,0.004916188899001436
2024-05-31,-0.0010966808354415328
2024-06-03,-0.0016635709475471142
2024-06-04,-0.006369609370422087
2024-06-05,0.000383152343578011
2024-06-06,-0.00259088953296971
2024-06-07,-0.0022166508448141654
2024-06-10,0.0017375826986621556
2024-06-11,0.0006527103325097436
2024-06-12,0.003835580826748445
2024-06-13,-0.0014465854745843746
2024-06-14,-0.006083447196775753
2024-06-17,-0.0006415960172315655
2024-06-18,-0.0013421875988625406
2024-06-20,-0.003018757183322444
2024-06-21,0.0025882687208628385
2024-06-24,-2.9460897908559387e-05
2024-06-25,-0.006176891789424183
2024-06-26,-0.0010259374194060422
2024-06-27,-0.00016932237876999949
2024-06-28,0.0008485968507920933
2024-07-01,-0.007257683457645483
2024-07-02,-0.0018613053086613159
2024-07-03,-0.001235955152015377
2024-07-05,-0.0036801550063515513
2024-07-08,0.0037968787532649973
2024-07-09,-0.002804627013332105
2024-07-10,0.0011348602023712358
2024-07-11,0.010810912112768023
2024-07-12,0.002602514212007339
2024-07-15,-0.00314085858764625
2024-07-16,0.00972929981879216
2024-07-17,-0.001648786346223424
2024-07-18,-0.004008964972345513
2024-07-19,-0.0008960743236845385
2024-07-22,0.00039755030833681614
2024-07-23,0.0014271969647379349
2024-07-24,-0.0014837005782903714
2024-07-25,0.002329252976523128
2024-07-26,-7.673484000212359e-05
2024-07-29,0.003409178303034617
2024-07-30,0.0021897613518588425
2024-07-31,-0.004960547994394797
2024-08-01,-0.0007486816863253084
2024-08-02,0.004016417232737719
2024-08-05,0.003223234512460621
2024-08-06,-0.0013593661718138
2024-08-07,-0.00567588141424087
2024-08-08,0.0002589369429954677
2024-08-09,-0.0010784227888748603
2024-08-12,-0.00022465079282197199
2024-08-13,0.0011220551082623438
2024-08-14,-0.004147684420094623
2024-08-15,0.0021019696044843
2024-08-16,-0.00020064737581336608
2024-08-19,0.0016214929403207887
2024-08-20,-0.00304650582230296
2024-08-21,0.003268838891194994
2024-08-22,0.0010325611835651982
2024-08-23,0.003615431187002978
2024-08-26,-0.0011867326739291306
2024-08-27,-0.002595151645393542
2024-08-28,0.0004038336622975559
2024-08-29,-0.002494752446443449
2024-08-30,-0.0030406417343328716
2024-09-03,0.00019678397474580563
2024-09-04,-0.0033135949784276223
2024-09-05,0.0005170274650245889
2024-09-06,0.0020745759994020754
2024-09-09,-0.002443354827913344
2024-09-10,-0.0005951063643839377
2024-09-11,-0.0010916435986717628
2024-09-12,-0.0002799949982597999
2024-09-13,0.005849838903403078
2024-09-16,-4.725673392121706e-05
2024-09-17,0.003953436001729168
2024-09-18,0.0016703756795443518
2024-09-19,0.00030753396035524024
2024-09-20,-0.004122707797153233
2024-09-23,0.0009462069443631135
2024-09-24,0.003037888994212748
2024-09-25,-0.0030537933859539294
2024-09-26,0.007874064706228544
2024-09-27,0.002406969805878626
2024-09-30,-0.001833066954060626
2024-10-01,-0.0025750527018352258
2024-10-02,-0.0023204083687916174
2024-10-03,-0.0018204149734838801
2024-10-04,-0.0016446239511112917
2024-10-07,-0.0002993468462897525
2024-10-08,-0.0031875546243520037
2024-10-09,-0.0037979172874814254
2024-10-10,-0.002765697174120098
2024-10-11,0.0007422962605650313
2024-10-14,-0.0009747409902809614
2024-10-15,0.0030330553709760196
2024-10-16,-0.002223419178846737
2024-10-17,-0.0025347794523294742
2024-10-18,9.175074536927827e-05
2024-10-21,-0.0004367599532618151
2024-10-22,-0.005932180319992063
2024-10-23,0.0009668722619028537
2024-10-24,0.0034831692163473757
2024-10-25,-0.00020098813809447773
2024-10-28,0.0033156555515188976
