Date,0
2015-01-05,0.007446807780390915
2015-01-06,0.000845149113868307
2015-01-07,0.003908328764752882
2015-01-08,0.002763308463351391
2015-01-09,0.0012342948514182054
2015-01-12,0.0034633915910138747
2015-01-13,0.005708241696310683
2015-01-14,0.002155393187813038
2015-01-15,-0.004412871780661973
2015-01-16,-8.063061662992067e-05
2015-01-20,0.0026112058917911927
2015-01-21,-0.0037674382592387187
2015-01-22,0.0026357935874967466
2015-01-23,0.0055217985031163555
2015-01-26,0.0005480170742251413
2015-01-27,-0.0036317426545309835
2015-01-28,0.008862838539129423
2015-01-29,0.0007575365017274847
2015-01-30,-0.00012394132944327368
2015-02-02,-0.006746654746604004
2015-02-03,-0.002908248637449859
2015-02-04,0.0014741993643022648
2015-02-05,0.0002775319142250491
2015-02-06,0.0008618396196396119
2015-02-09,-0.0019013288235841543
2015-02-10,0.003386178981374631
2015-02-11,0.006703110992951029
2015-02-12,0.002720602531122383
2015-02-13,0.003975408075884901
2015-02-17,0.0010020338169098573
2015-02-18,0.0027679410364808005
2015-02-19,0.004035733235693088
2015-02-20,0.002846949866771256
2015-02-23,0.0007895791198575496
2015-02-24,-0.005248154900349699
2015-02-25,0.007384855940338552
2015-02-26,0.006007557305904609
2015-02-27,-0.0010943494650781965
2015-03-02,0.00883254197373128
2015-03-03,-0.0061900204499294115
2015-03-04,-0.00012544640416428318
2015-03-05,0.002775009381915508
2015-03-06,0.0019109518770578492
2015-03-09,0.0017404626921424709
2015-03-10,0.0004271135248630955
2015-03-11,-0.00014058062133874257
2015-03-12,-0.0011746786658996134
2015-03-13,0.0032974334540353057
2015-03-16,0.0026923253720214577
2015-03-17,0.0016700276511500789
2015-03-18,-0.005066368871072927
2015-03-19,0.012735476816369783
2015-03-20,-0.005977275421773547
2015-03-23,-0.0005955098369631578
2015-03-24,0.0021665983182491523
2015-03-25,-0.007267346642274429
2015-03-26,0.0002775390169993011
2015-03-27,0.007881261116591357
2015-03-30,-0.003929886040678898
2015-03-31,-0.0010746470124818157
2015-04-01,-0.004206699089180762
2015-04-02,-0.0009265527675682704
2015-04-06,-0.00218789906136651
2015-04-07,0.002106832498688268
2015-04-08,0.007778156472337615
2015-04-09,0.0006784980217086471
2015-04-10,-0.0003172385279027216
2015-04-13,0.005452322115312554
2015-04-14,-0.0018855354078000832
2015-04-15,-0.005426068088307295
2015-04-16,0.003846998783546607
2015-04-17,-0.0037944417421801532
2015-04-20,0.0026612922790198758
2015-04-21,0.011736609529489652
2015-04-22,-0.000993399159390623
2015-04-23,0.0011829423250701533
2015-04-24,0.0005533914974484169
2015-04-27,-0.003455117542990001
2015-04-28,-0.007508270107539113
2015-04-29,-0.004092895942525705
2015-04-30,-0.0014849053296353103
2015-05-01,0.0034934807442650335
2015-05-04,-0.0008349013955056021
2015-05-05,-0.0005381848203628546
2015-05-06,0.0056811040125535365
2015-05-07,0.0037373048148036
2015-05-08,-0.002149527195698336
2015-05-11,0.002626601709490414
2015-05-12,0.0020296629857329334
2015-05-13,0.0011831062874254378
2015-05-14,0.004417766718898802
2015-05-15,-7.465978954387573e-05
2015-05-18,0.0001849877877703734
2015-05-19,0.0013332289049517308
2015-05-20,-0.003300706000592328
2015-05-21,0.0005112100470811942
2015-05-22,4.285337348110046e-05
2015-05-26,0.002503465810505076
2015-05-27,0.001295849916667603
2015-05-28,-0.0019979879436838707
2015-05-29,-0.0004560618432075331
2015-06-01,0.003125355793421624
2015-06-02,-0.001394483941660025
2015-06-03,0.0048393940659580215
2015-06-04,0.0007193887398305931
2015-06-05,0.001230438032640924
2015-06-08,0.0006663523361445387
2015-06-09,0.0012393747856182494
2015-06-10,6.669106251934453e-05
2015-06-11,-0.0005250466181377926
2015-06-12,0.001037827845361796
2015-06-15,0.0025763226209612466
2015-06-16,0.0015342514522102679
2015-06-17,0.002947464812531098
2015-06-18,0.0037937444684988855
2015-06-19,0.0034726499991766446
2015-06-22,0.0018740391914051605
2015-06-23,0.0005464165521330119
2015-06-24,-0.0015760596663644821
2015-06-25,0.008140128447935161
2015-06-26,-0.001194533301542913
2015-06-29,-0.0019124616357737434
2015-06-30,0.003958272028743099
2015-07-01,0.0011739083022003624
2015-07-02,-0.001347995036454343
2015-07-06,0.003753376484732363
2015-07-07,-0.0018709258634531413
2015-07-08,0.0020123195383544915
2015-07-09,0.0035838218875110747
2015-07-10,0.00451789327235423
2015-07-13,0.0028707652220152664
2015-07-14,-0.00020153024268862972
2015-07-15,-0.0009497725738440593
2015-07-16,0.0011705012354535109
2015-07-17,0.004297080819766145
2015-07-20,0.009555614420252032
2015-07-21,-0.0017387023488525735
2015-07-22,0.0012959231504515256
2015-07-23,0.004801762375254391
2015-07-24,0.0014206604574466411
2015-07-27,-0.005535025884418258
2015-07-28,0.0024684302130926327
2015-07-29,-0.0009585027052836682
2015-07-30,0.002833908889800006
2015-07-31,0.0055524034083808274
2015-08-03,0.003227767927065723
2015-08-04,0.005943471214814973
2015-08-05,0.009579719906544468
2015-08-06,-0.012493901975804817
2015-08-07,0.001697027578999798
2015-08-10,-0.007092823441691019
2015-08-11,0.0029802583354700714
2015-08-12,-0.005077052279972026
2015-08-13,0.0008877314851932336
2015-08-14,-0.0010217395258023997
2015-08-17,0.0030637509148983997
2015-08-18,0.00031088591278667383
2015-08-19,0.0033083423268845617
2015-08-20,-0.006423657647949197
2015-08-21,0.0003701509903336654
2015-08-24,0.008189878592021242
2015-08-25,0.013023097120145627
2015-08-26,0.0057991103472218725
2015-08-27,-0.009738828491153338
2015-08-28,-0.0029704537520872025
2015-08-31,-0.006391645764151793
2015-09-01,0.003628934969970469
2015-09-02,0.010915625755790546
2015-09-03,-0.003821884455910282
2015-09-04,0.0057514614592634305
2015-09-08,0.003475023917289242
2015-09-09,0.0020767458265086927
2015-09-10,0.0021718600991403715
2015-09-11,0.00418696982427272
2015-09-14,-0.0004212103828972833
2015-09-15,0.0015825406106645592
2015-09-16,-0.005829901657838888
2015-09-17,0.004892376437009131
2015-09-18,0.006398622871503251
2015-09-21,-0.001344700134999089
2015-09-22,0.004614584987149858
2015-09-23,0.0031605102470309674
2015-09-24,-0.006520343306470084
2015-09-25,-0.008632582951780883
2015-09-28,-0.005904823318511027
2015-09-29,-0.004799489562836812
2015-09-30,-0.0014145536041073777
2015-10-01,0.00791093003937677
2015-10-02,0.0015578178512622685
2015-10-05,-0.010336176869001948
2015-10-06,-0.01135005454491533
2015-10-07,-0.0007780378756474787
2015-10-08,-0.00342279813220126
2015-10-09,0.010356569503312395
2015-10-12,0.003184548776168737
2015-10-13,-0.0032909433972671976
2015-10-14,-0.003085474828898909
2015-10-15,0.00252913870843054
2015-10-16,0.00849940773647869
2015-10-19,0.006941105629006548
2015-10-20,-0.009041168984132257
2015-10-21,0.002112146299517814
2015-10-22,-0.0006458315521761585
2015-10-23,0.0041871132741647405
2015-10-26,0.0116471009731202
2015-10-27,0.006759701432338644
2015-10-28,-0.007837353329360886
2015-10-29,0.0022333333481945714
2015-10-30,0.002560590700858986
2015-11-02,-0.006263165525164659
2015-11-03,-0.004358878374032022
2015-11-04,0.0036613799592531875
2015-11-05,0.0008154074894876314
2015-11-06,0.005741375331528419
2015-11-09,-0.0023742728951957033
2015-11-10,0.000635493624519843
2015-11-11,0.0014414145294926227
2015-11-12,0.004331945802145867
2015-11-13,-0.004922969834534809
2015-11-16,-0.0020632059156969213
2015-11-17,0.010817123423393724
2015-11-18,-0.0024110429124929306
2015-11-19,0.0010482861720193467
2015-11-20,0.0030252824713326463
2015-11-23,0.004255778903628186
2015-11-24,-0.0029879033804004534
2015-11-25,0.007762683882488828
2015-11-27,0.0023234925632886925
2015-11-30,-0.007571157968641635
2015-12-01,0.0010097424200682468
2015-12-02,0.00906145610860434
2015-12-03,0.001167035660300542
2015-12-04,0.005069614556224591
2015-12-07,0.00500245913559201
2015-12-08,0.009984704062668723
2015-12-09,-0.006122917490261196
2015-12-10,0.0023937426145735196
2015-12-11,0.0005928509193660163
2015-12-14,0.00877648498465345
2015-12-15,-0.009075005123437428
2015-12-16,-0.0005464672390413754
2015-12-17,0.004185098392403486
2015-12-18,-0.000629112474427148
2015-12-21,0.0027155861362720187
2015-12-22,-0.003127434557487251
2015-12-23,-0.011857241082704553
2015-12-24,0.0005602672124273379
2015-12-28,0.006805933614241461
2015-12-29,0.0007910672979980406
2015-12-30,0.0019859767070800217
2015-12-31,-0.0028892916498787693
2016-01-04,-0.00806454945884607
2016-01-05,0.0004512005246358596
2016-01-06,0.011715160060643163
2016-01-07,0.002351443865586663
2016-01-08,-0.0004362011491961422
2016-01-11,0.007385190191859405
2016-01-12,0.00751483894416978
2016-01-13,-0.004579084113413099
2016-01-14,-0.006559160236139651
2016-01-15,0.006837930238190196
2016-01-19,0.003112973959349271
2016-01-20,0.01041650728103892
2016-01-21,-0.0022036499185360504
2016-01-22,-0.001710455563873503
2016-01-25,0.012919388289458718
2016-01-26,-0.009431905217627589
2016-01-27,-0.008113549840181748
2016-01-28,-0.0033484844673459468
2016-01-29,-0.0008943648619345601
2016-02-01,0.0061044620030573215
2016-02-02,0.0031895039111407807
2016-02-03,-0.00969095620593945
2016-02-04,-0.0024669088230563395
2016-02-05,-0.01623256590957812
2016-02-08,-0.0005648690620293773
2016-02-09,0.003841417552545358
2016-02-10,0.009619689733742338
2016-02-11,0.014037486095420455
2016-02-12,-0.004267747814943549
2016-02-16,-0.00047932743533640396
2016-02-17,0.0037789498444503675
2016-02-18,-0.004840662886432874
2016-02-19,0.009107053514531494
2016-02-22,-0.00710598546301805
2016-02-23,0.013926412509389578
2016-02-24,0.0005125877284306423
2016-02-25,0.004027310981875785
2016-02-26,-0.0006147184189982608
2016-02-29,0.0011631704333083482
2016-03-01,0.0014499279932771898
2016-03-02,-0.013165858385941587
2016-03-03,-0.007200001383737813
2016-03-04,-0.004792380191165098
2016-03-07,-0.008137482043446644
2016-03-08,0.011511023057990389
2016-03-09,-0.005696153330342692
2016-03-10,-0.0033037042343365807
2016-03-11,-0.005389474419018905
2016-03-14,0.002573177188704262
2016-03-15,0.000571782225074001
2016-03-16,-0.0032978860670810108
2016-03-17,-0.005754097447734488
2016-03-18,0.0005903004733069043
2016-03-21,0.000528232685462191
2016-03-22,0.003977240408230309
2016-03-23,0.007651603973434144
2016-03-24,0.001988092705057592
2016-03-28,0.0008499373893509426
2016-03-29,0.006346691987540749
2016-03-30,0.0003845135327442428
2016-03-31,0.0031406838891262488
2016-04-01,0.00648638188394553
2016-04-04,0.009636077514647524
2016-04-05,0.004913186454779736
2016-04-06,0.005292593681385571
2016-04-07,0.003080334209425847
2016-04-08,-0.0031476485059762477
2016-04-11,-0.0067310904097232305
2016-04-12,-0.005943160637567911
2016-04-13,-0.00819032668519343
2016-04-14,0.0004633395714592431
2016-04-15,0.0029637972493540173
2016-04-18,0.00038314803791458796
2016-04-19,-0.012585042372749006
2016-04-20,-0.002979753195726716
2016-04-21,0.003707095370350812
2016-04-22,-0.0038057141829696646
2016-04-25,0.004547455580851513
2016-04-26,-0.007319779406477978
2016-04-27,-0.005496541373849969
2016-04-28,0.003823757337477824
2016-04-29,0.004477148606536139
2016-05-02,0.005227673748630519
2016-05-03,0.004070121216841168
2016-05-04,0.0032070564107744945
2016-05-05,0.0025572591219169046
2016-05-06,0.0017755814025548185
2016-05-09,0.009948595544084966
2016-05-10,-0.0006478322501791232
2016-05-11,-0.002777897724777421
2016-05-12,0.0038760439967940553
2016-05-13,0.0045862006917201424
2016-05-16,0.0003354223307382616
2016-05-17,-0.0062818689237811726
2016-05-18,-0.0029011710601206647
2016-05-19,0.002147411881102345
2016-05-20,-0.0030460430973284994
2016-05-23,0.0006442105456937337
2016-05-24,0.004914389275187947
2016-05-25,-0.008709609566683695
2016-05-26,0.002742227994954576
2016-05-27,-0.0014893683799631335
2016-05-31,-0.0029538085568304884
2016-06-01,0.0013488620466872224
2016-06-02,0.0021215362611031463
2016-06-03,-0.0011783213555869843
2016-06-06,-0.005158594417375114
2016-06-07,0.0006002329162470539
2016-06-08,0.0007605701438267065
2016-06-09,0.003192493641744337
2016-06-10,0.0026789253831387555
2016-06-13,8.546119151921997e-05
2016-06-14,0.010436296886635318
2016-06-15,-0.002274588909874429
2016-06-16,0.0013493906849572283
2016-06-17,-0.009654448079573209
2016-06-20,0.0017500823983071382
2016-06-21,-0.0008091908528156759
2016-06-22,-0.0011415283590859174
2016-06-23,-0.004126107803464391
2016-06-24,0.010111656835615011
2016-06-27,0.012048718299714684
2016-06-28,-0.0019121895816563844
2016-06-29,-0.002947243438259802
2016-06-30,-0.001912856184094109
2016-07-01,0.002785052419239384
2016-07-05,0.010352504320326245
2016-07-06,0.0005945616723819717
2016-07-07,0.003808268509643189
2016-07-08,-0.002619727481696095
2016-07-11,-0.002553949254601894
2016-07-12,-0.005499607153590382
2016-07-13,-0.0032939109404004517
2016-07-14,-0.0030567932700706233
2016-07-15,-0.0023507577475762346
2016-07-18,-0.001158532183740958
2016-07-19,0.003091074192602343
2016-07-20,0.004987149976551751
2016-07-21,-0.005887423174244879
2016-07-22,0.004455081127697248
2016-07-25,0.0047057015971556405
2016-07-26,-0.0005512854918373901
2016-07-27,0.0017265207838350468
2016-07-28,0.0022274954772295986
2016-07-29,6.577812426291837e-05
2016-08-01,0.0064037398862629245
2016-08-02,6.013129918145451e-05
2016-08-03,-0.005750895911540386
2016-08-04,0.010561249035840678
2016-08-05,-0.002572988286325369
2016-08-08,-0.004638217889685808
2016-08-09,0.004242453678618624
2016-08-10,0.002651197912127492
2016-08-11,-0.0010579837299304184
2016-08-12,0.0015458288779207202
2016-08-15,-0.0008340625769564999
2016-08-16,-0.0016011641093399212
2016-08-17,-0.0036399145743235303
2016-08-18,-0.002328406970728834
2016-08-19,0.004865013216723363
2016-08-22,0.0007363797781556895
2016-08-23,0.00269251606832793
2016-08-24,-0.00031364599713925353
2016-08-25,0.0007419967804803158
2016-08-26,0.003511822521141438
2016-08-29,-0.003987221925679961
2016-08-30,-0.0035685263330253675
2016-08-31,-0.0016241202887840854
2016-09-01,0.008334396343769068
2016-09-02,-0.0005280506405401699
2016-09-06,0.0012163034856615034
2016-09-07,-0.0038303448040657414
2016-09-08,-0.0048818747426613495
2016-09-09,-0.0002625573915904164
2016-09-12,-0.0014024647411300436
2016-09-13,0.0038141702878544143
2016-09-14,0.004438312283832256
2016-09-15,0.001173219286089943
2016-09-16,0.00016529296540661277
2016-09-19,-0.0036343347995286945
2016-09-20,0.002825385573857901
2016-09-21,-0.003373203448868753
2016-09-22,0.0004797026795309231
2016-09-23,-0.0006602678291665297
2016-09-26,0.0015635111350250112
2016-09-27,0.005790588247056659
2016-09-28,-0.006261638342813364
2016-09-29,0.0018622234939440346
2016-09-30,0.001254975148776107
2016-10-03,0.004076096830801734
2016-10-04,0.0008285797190513301
2016-10-05,-0.0069708033702407185
2016-10-06,0.002545826953154253
2016-10-07,-0.00010535864873761468
2016-10-10,-0.0016014846644386242
2016-10-11,-0.0007209413694753454
2016-10-12,0.0008923418329062271
2016-10-13,0.002362144122363943
2016-10-14,0.00025197250290650696
2016-10-17,-0.002320883525658738
2016-10-18,-0.0029911220593916727
2016-10-19,-0.004302897131813738
2016-10-20,-0.0017458874177029697
2016-10-21,0.0037000929773994794
2016-10-24,0.003959133354409904
2016-10-25,-0.006951281650660148
2016-10-26,-0.00839351892942595
2016-10-27,-0.0012914134202443852
2016-10-28,0.003266572991962177
2016-10-31,-0.0020269591365720866
2016-11-01,8.241657193006069e-05
2016-11-02,0.0028478326885164867
2016-11-03,-0.0013907466610486759
2016-11-04,0.002634593265947128
2016-11-07,0.0005043258124432827
2016-11-08,0.0033388060508611024
2016-11-09,-0.0013920410289474626
2016-11-10,-0.012786694653465642
2016-11-11,0.007040232077858315
2016-11-14,-0.016562287781450503
2016-11-15,-0.0003235918085796154
2016-11-16,0.011001728841892803
2016-11-17,0.006181302277706314
2016-11-18,-0.0012799533325245265
2016-11-21,0.0010137063202403825
2016-11-22,-0.0015212223510342833
2016-11-23,-0.00134889366389758
2016-11-25,-0.0007408540863588099
2016-11-28,-0.002421793073428597
2016-11-29,0.0022469131975577914
2016-11-30,-0.01080503301863206
2016-12-01,-0.015032315254987333
2016-12-02,0.0009478257291439234
2016-12-05,0.0014518867098747001
2016-12-06,-0.0003828075586207154
2016-12-07,-0.0008643777086543604
2016-12-08,-0.007609134314774422
2016-12-09,-0.002804189715390497
2016-12-12,0.0005190718125521123
2016-12-13,0.0033022505032427696
2016-12-14,0.007378596572443098
2016-12-15,-0.0010608652030555292
2016-12-16,-0.003184415275990319
2016-12-19,0.0002904853216222454
2016-12-20,-0.0013379459078204222
2016-12-21,0.0003827655399018361
2016-12-22,-0.0033637441117636215
2016-12-23,0.0014933082573229588
2016-12-27,0.000434939889168956
2016-12-28,0.0008705916558898567
2016-12-29,7.879050402589786e-05
2016-12-30,-0.0046211033733795015
2017-01-03,-0.0011958764376281692
2017-01-04,0.001288234745099908
2017-01-05,0.0029717548405548606
2017-01-06,0.0051205335170124
2017-01-09,0.0056402586869457325
2017-01-10,-0.00020290516112710533
2017-01-11,-0.0008718557490925297
2017-01-12,0.0014045959218825983
2017-01-13,0.005385485758564261
2017-01-17,-0.0008289834794186239
2017-01-18,0.000299524836559996
2017-01-19,0.0043754912324187115
2017-01-20,-0.00233392264085407
2017-01-23,0.0029570046181047202
2017-01-24,-0.0015277049240679744
2017-01-25,0.0026276328640882293
2017-01-26,-0.001422669759916458
2017-01-27,0.005327010481464322
2017-01-30,0.00141049979181853
2017-01-31,-0.004478498166029954
2017-02-01,0.002028198621337468
2017-02-02,0.005219031602011494
2017-02-03,0.003628908758068038
2017-02-06,0.0011211843487388133
2017-02-07,0.006490218361681725
2017-02-08,0.003174739976994256
2017-02-09,0.001116428099562943
2017-02-10,-0.004603128568024675
2017-02-13,-0.00320384096027564
2017-02-14,-0.002166379420458631
2017-02-15,0.0033576635715545557
2017-02-16,0.0012762031599252324
2017-02-17,0.00478743811448964
2017-02-21,-0.0002841726890742569
2017-02-22,0.0021990513924851395
2017-02-23,-0.002351718717428116
2017-02-24,0.004963668492359938
2017-02-27,-0.0009424798254616219
2017-02-28,-0.0013938303495612085
2017-03-01,-0.0010954491237985618
2017-03-02,0.0029774591949422924
2017-03-03,-4.915371160248879e-05
2017-03-06,0.0016544035182496034
2017-03-07,0.003102219085261414
2017-03-08,0.005989672620363206
2017-03-09,0.001725566716573147
2017-03-10,0.0026777560680661706
2017-03-13,0.0038285196103530947
2017-03-14,0.0009711380347901407
2017-03-15,-0.002380379753295381
2017-03-16,-0.0005578716300303733
2017-03-17,0.003498539536551135
2017-03-20,0.004668293178989159
2017-03-21,-0.0003182046416538402
2017-03-22,0.0013100096420056643
2017-03-23,-0.0011926399902100196
2017-03-24,0.001673978136308249
2017-03-27,0.0030294142929023745
2017-03-28,-0.00537933713792205
2017-03-29,0.002782400861734602
2017-03-30,-0.004344476781358252
2017-03-31,0.002867274295035128
2017-04-03,0.0015163080539642724
2017-04-04,-0.0018316093921906485
2017-04-05,0.001893611764042044
2017-04-06,-0.002347025264756642
2017-04-07,0.002236509776636794
2017-04-10,-0.0022426442574554066
2017-04-11,0.0006543653627122691
2017-04-12,0.0017934791763820545
2017-04-13,0.003245512019305759
2017-04-17,-0.00041964041995136425
2017-04-18,0.004860225759525987
2017-04-19,0.0044294165704601195
2017-04-20,0.000971784652146028
2017-04-21,0.0025929222670882345
2017-04-24,-0.0008197029811638293
2017-04-25,0.000907868422164085
2017-04-26,0.00024819366981384226
2017-04-27,0.003805583439199999
2017-04-28,0.0032980042585893776
2017-05-01,0.0030182021994206573
2017-05-02,1.6319393811548466e-05
2017-05-03,-0.003404047496569112
2017-05-04,0.005872193568420768
2017-05-05,-0.0017440113899468857
2017-05-08,-0.002276279788229183
2017-05-09,0.0043616337376657065
2017-05-10,0.001984084580425683
2017-05-11,0.0007015874391308585
2017-05-12,0.003430813312094123
2017-05-15,0.0007582489505265468
2017-05-16,0.004443121968987909
2017-05-17,-0.00042305923827217276
2017-05-18,0.002804712684573982
2017-05-19,0.0018806264969957768
2017-05-22,0.002977212311337447
2017-05-23,-0.0045633021806367425
2017-05-24,0.004433804602531741
2017-05-25,0.008076637580615309
2017-05-26,-0.00132151660787786
2017-05-30,0.0026402124568860002
2017-05-31,0.004377853977943786
2017-06-01,-0.0024279354746330264
2017-06-02,0.006536465543711622
2017-06-05,0.0021193657598306192
2017-06-06,-0.002338774089341253
2017-06-07,0.00048342282999134004
2017-06-08,-0.0014153916625050755
2017-06-09,-0.020915311522985945
2017-06-12,-0.0036725414276111397
2017-06-13,0.0028681462347977405
2017-06-14,0.00344883342018513
2017-06-15,0.0026779785221739284
2017-06-16,-0.0006074336443529386
2017-06-19,0.006599098527256054
2017-06-20,-6.693138376819528e-05
2017-06-21,0.006774582449513881
2017-06-22,0.0017190983352201135
2017-06-23,0.0025484824842153826
2017-06-26,-0.0061596102825827856
2017-06-27,-0.008394163049343213
2017-06-28,0.0019872707137491242
2017-06-29,-0.00875602360384359
2017-06-30,0.0014204276545038094
2017-07-03,-0.011232321240856276
2017-07-05,0.0065476964970011126
2017-07-06,0.00020238382077781593
2017-07-07,0.004339386895422103
2017-07-10,-0.0007947174020981307
2017-07-11,0.0011252000830101199
2017-07-12,0.00714479487587707
2017-07-13,-0.004638901561314235
2017-07-14,0.00230511954105417
2017-07-17,-0.003950358248565098
2017-07-18,0.005551898161163508
2017-07-19,-1.7183812369387513e-05
2017-07-20,-6.131131705696107e-05
2017-07-21,0.0004153936472100111
2017-07-24,0.004496897054901269
2017-07-25,-0.005683502831027866
2017-07-26,0.006066687245857575
2017-07-27,-0.004248632621206033
2017-07-28,-0.0018950622220971442
2017-07-31,-0.004052987899966849
2017-08-01,-0.0006991519791102506
2017-08-02,-0.0027002192252576465
2017-08-03,0.003920143714366288
2017-08-04,0.0013779414317555798
2017-08-07,0.0038964410004260035
2017-08-08,-0.00466462663483331
2017-08-09,0.0025601428718128785
2017-08-10,-0.001791003829885899
2017-08-11,0.007713040650977231
2017-08-14,0.004401707757602357
2017-08-15,-0.0005321055260048537
2017-08-16,0.0038480692676627058
2017-08-17,-0.0003616280386767399
2017-08-18,-0.0007548059914322427
2017-08-21,0.0018074469361330243
2017-08-22,0.00444614402769487
2017-08-23,-0.004944815397247188
2017-08-24,-0.00030527063801073827
2017-08-25,-0.003984180653205379
2017-08-28,0.0030404194082427334
2017-08-29,0.0030083033087598375
2017-08-30,0.0073024221961487225
2017-08-31,0.004427524394968716
2017-09-01,-0.0038491189134004446
2017-09-05,0.008236747307974215
2017-09-06,-0.002794227031076887
2017-09-07,0.008837582790534874
2017-09-08,-0.003893551527209647
2017-09-11,-0.0023864038347031994
2017-09-12,-0.0012852092435809274
2017-09-13,-0.0014053842213096889
2017-09-14,-0.0032642445645094825
2017-09-15,-0.000972833261595453
2017-09-18,0.003160791870793582
2017-09-19,-0.0013648024726655196
2017-09-20,-0.00020379358189428424
2017-09-21,-0.0016933470726744762
2017-09-22,0.002518286147001312
2017-09-25,-0.011585241519036706
2017-09-26,0.0010405210831003276
2017-09-27,0.001755887673286929
2017-09-28,-0.0012797352425943077
2017-09-29,0.003478590453320713
2017-10-02,-0.0013896685145648071
2017-10-03,0.0018860926641018497
2017-10-04,-0.00023544253182599144
2017-10-05,0.0016966391359892895
2017-10-06,0.0047553648892110995
2017-10-09,0.001309892046885012
2017-10-10,-0.0017671942630785608
2017-10-11,0.002771784975717075
2017-10-12,0.005054223107821873
2017-10-13,0.003546188869581339
2017-10-16,-0.001738036135660754
2017-10-17,0.002359198374160585
2017-10-18,-0.0006038343221089529
2017-10-19,-0.0008500507248317031
2017-10-20,0.000884213126970684
2017-10-23,0.0024135597708899777
2017-10-24,-0.002790971772028138
2017-10-25,-0.000965427103065495
2017-10-26,0.005948751186106525
2017-10-27,0.0019970253888737747
2017-10-30,-0.004729229246093827
2017-10-31,0.005428966702285236
2017-11-01,-0.006865514572502274
2017-11-02,-0.003107190281084256
2017-11-03,0.008070262868140842
2017-11-06,-0.001697587951229333
2017-11-07,0.0033144669308500536
2017-11-08,0.003919023642679802
2017-11-09,-0.006922521672455119
2017-11-10,0.0034539894829612745
2017-11-13,-0.0029195435396995647
2017-11-14,0.002075364431864026
2017-11-15,-0.0006950986116711277
2017-11-16,0.006410569553591469
2017-11-17,0.0010803791403698891
2017-11-20,0.002032535616541967
2017-11-21,0.001734903087305291
2017-11-22,-5.993754997671817e-05
2017-11-24,0.004236589175622293
2017-11-27,0.0032518752707881306
2017-11-28,-0.002774608393891242
2017-11-29,-0.014336252597164895
2017-11-30,0.005241582855069488
2017-12-01,-0.006489247523334693
2017-12-04,-0.00640724401314259
2017-12-05,0.005608876927385353
2017-12-06,0.0034490237730011508
2017-12-07,0.00029769822227720174
2017-12-08,-0.0028627641548217616
2017-12-11,-0.000609254532969493
2017-12-12,-0.002772379680428008
2017-12-13,0.006600474633710218
2017-12-14,0.003638700551348079
2017-12-15,0.0026913552740190465
2017-12-18,0.0019495445405778872
2017-12-19,0.0048017662583935364
2017-12-20,-0.0014630873566523984
2017-12-21,-0.0052827064288058605
2017-12-22,-0.0012670782016482502
2017-12-26,0.0010218663221737627
2017-12-27,0.0024438445263617156
2017-12-28,-0.0013069447943903465
2017-12-29,-6.896888339873002e-05
2018-01-02,0.0001489818659438898
2018-01-03,0.004595844592771597
2018-01-04,0.0032200372675973287
2018-01-05,0.005595662287617757
2018-01-08,0.0046110572682444145
2018-01-09,0.0026496711404249604
2018-01-10,-0.0006883850165813289
2018-01-11,-2.8050505145321356e-05
2018-01-12,0.003740728030427718
2018-01-16,-3.712159016685222e-05
2018-01-17,0.004765997052137388
2018-01-18,0.00716251496452199
2018-01-19,0.00622613144865892
2018-01-22,-0.0020328161099402694
2018-01-23,0.0015599598979049575
2018-01-24,0.001063676561160599
2018-01-25,0.0024372539254009485
2018-01-26,0.005468448614314613
2018-01-29,0.0009174035849146799
2018-01-30,0.006367627817393174
2018-01-31,-0.0034240875033368723
2018-02-01,0.0017235940534064994
2018-02-02,0.000855693893354232
2018-02-05,0.0008298543813918396
2018-02-06,0.004114564448755027
2018-02-07,0.004389966575333158
2018-02-08,-0.0015209921316623187
2018-02-09,0.002604845629716678
2018-02-12,0.0007474345968972642
2018-02-13,0.0033410764024603937
2018-02-14,0.00356121055495681
2018-02-15,0.006236273307388181
2018-02-16,-0.002022361508302847
2018-02-20,0.003967549657988784
2018-02-21,0.0032046265015963794
2018-02-22,0.003394021148855368
2018-02-23,-0.00036860331944838995
2018-02-26,0.0022355706059993923
2018-02-27,0.00202902400241174
2018-02-28,0.004820406137107127
2018-03-01,-0.007087843785394778
2018-03-02,0.0039020460995921116
2018-03-05,-0.0014711878271453944
2018-03-06,0.005314739421199224
2018-03-07,0.007657107731365841
2018-03-08,0.0031260676545006045
2018-03-09,0.001022947381283357
2018-03-12,-0.00040646207366197605
2018-03-13,0.0011026270608119008
2018-03-14,0.0026947236099092416
2018-03-15,0.0021169135559593057
2018-03-16,-0.004559231864662561
2018-03-19,-0.0004976349511727832
2018-03-20,0.008366462365493578
2018-03-21,-0.005782558031058132
2018-03-22,-0.0021727330248712644
2018-03-23,0.004176646845880108
2018-03-26,0.004560565690474517
2018-03-27,-0.013062497832859923
2018-03-28,-0.00608096196582719
2018-03-29,0.005158502282202897
2018-04-02,-0.002443595331227677
2018-04-03,-0.001444960752270276
2018-04-04,0.0017336627759999106
2018-04-05,-0.0013084107376904993
2018-04-06,-0.004593383958327212
2018-04-09,0.0015143347014638514
2018-04-10,0.004734061892674984
2018-04-11,-0.0002987382408804022
2018-04-12,0.0024934879879952385
2018-04-13,-0.0024633413329318613
2018-04-16,0.0010505626745934468
2018-04-17,0.008631324271933416
2018-04-18,0.0009538295474261747
2018-04-19,-0.008466767533256094
2018-04-20,-0.0039041280615454326
2018-04-23,-0.0017440860358431502
2018-04-24,-0.010370431701246335
2018-04-25,-0.003505458429431668
2018-04-26,0.015284167293050644
2018-04-27,0.0005956442843739749
2018-04-30,0.005798017555617313
2018-05-01,0.0023098127293507405
2018-05-02,0.0019710527989652204
2018-05-03,0.012267761209263657
2018-05-04,0.0009524460886113865
2018-05-07,0.003932874212950398
2018-05-08,0.006011193712823526
2018-05-09,0.0018163509950847546
2018-05-10,-0.0009630364989276392
2018-05-11,0.006472520713418551
2018-05-14,-0.006362973752537993
2018-05-15,-0.001006525839031813
2018-05-16,0.0005385890004556216
2018-05-17,-0.0009154529904353904
2018-05-18,0.0060943063233355
2018-05-21,0.0017308377320326132
2018-05-22,-0.007835885500280207
2018-05-23,0.008373818031128721
2018-05-24,0.0037579650819785965
2018-05-25,0.0025539579839162913
2018-05-29,0.008795942268296353
2018-05-30,-0.001029107801718436
2018-05-31,-0.0002220885618339592
2018-06-01,0.006406950137201734
2018-06-04,0.007029522429898264
2018-06-05,0.003589000775567454
2018-06-06,0.004085531668391406
2018-06-07,-0.0069165865080219905
2018-06-08,0.0034084015535020672
2018-06-11,0.0019222057266084474
2018-06-12,0.005292014060158926
2018-06-13,0.00433119239818534
2018-06-14,0.002743635834048893
2018-06-15,0.0027638022697087077
2018-06-18,0.0014327691782272602
2018-06-19,-0.005033508836104319
2018-06-20,0.0007930429210526993
2018-06-21,-0.0029387803436214327
2018-06-22,-0.006512190261657429
2018-06-25,-0.010611609351671929
2018-06-26,0.0012849027015584906
2018-06-27,-0.0068542499453996195
2018-06-28,0.006651661521522908
2018-06-29,0.0031780207097871585
2018-07-02,0.004171512112873453
2018-07-03,-0.003064410105165223
2018-07-05,0.0030830274575495697
2018-07-06,0.0026608757084954516
2018-07-09,0.0011847940110382696
2018-07-10,0.00047084187435570595
2018-07-11,0.0038048097032446363
2018-07-12,0.009889872930015304
2018-07-13,0.0002499826623203016
2018-07-16,-0.0058621826842947915
2018-07-17,0.004689930868053607
2018-07-18,-0.0011076445775701183
2018-07-19,0.0015485861625305366
2018-07-20,0.004360054839838198
2018-07-23,-0.0021891279332091106
2018-07-24,-0.005846161570822969
2018-07-25,0.008067026997930334
2018-07-26,-0.004922972273765996
2018-07-27,-0.009951285950415147
2018-07-30,-0.015875509051337996
2018-07-31,0.004065020736838083
2018-08-01,0.007766616725690702
2018-08-02,0.01427572939093262
2018-08-03,-0.0061242449660726325
2018-08-06,0.005892514547416813
2018-08-07,0.003694644303199153
2018-08-08,0.001953923292269754
2018-08-09,0.0039608852657716
2018-08-10,0.005681788578683378
2018-08-13,0.002479617283940092
2018-08-14,0.0005162759051685452
2018-08-15,0.0011138313081793345
2018-08-16,-0.005125392513156905
2018-08-17,-0.0018160046321672035
2018-08-20,0.0020447548921353684
2018-08-21,0.0014204978164415738
2018-08-22,0.007223354842549283
2018-08-23,0.007011490689307623
2018-08-24,0.0050731161236370215
2018-08-27,-0.0021140485266137026
2018-08-28,0.0016678375652467822
2018-08-29,0.0024616543555782628
2018-08-30,0.0036236511021936163
2018-08-31,0.005286479829174021
2018-09-04,0.006076426085483165
2018-09-05,-0.012091936596953939
2018-09-06,0.006147545931415188
2018-09-07,0.006608667365517441
2018-09-10,0.005644678908665006
2018-09-11,0.003152448437548321
2018-09-12,0.0011306764021996889
2018-09-13,0.0013088658893127018
2018-09-14,0.0006918656978909547
2018-09-17,-0.010154899500843884
2018-09-18,0.00251608372188871
2018-09-19,-0.007984707998483177
2018-09-20,-0.0010085270399659554
2018-09-21,-0.0012522718786458877
2018-09-24,0.008124276924050594
2018-09-25,0.007227312390112332
2018-09-26,0.0076830663387380815
2018-09-27,0.0026474128268804166
2018-09-28,-0.0022590246810031646
2018-10-01,-0.004167168473041053
2018-10-02,-0.008483761488657548
2018-10-03,-0.002567563836957983
2018-10-04,-0.012381488435543677
2018-10-05,-0.002713768349052688
2018-10-08,-0.014529969909006792
2018-10-09,0.002469213646653875
2018-10-10,-0.01416214367075281
2018-10-11,0.007804775304133316
2018-10-12,0.020468259924561867
2018-10-15,-0.0038559430104312792
2018-10-16,0.011308589181860396
2018-10-17,0.00040806321859455995
2018-10-18,-0.0038318505592798424
2018-10-19,-0.006494387901154798
2018-10-22,0.014921911007032504
2018-10-23,0.001376801269930462
2018-10-24,-0.008882948883689016
2018-10-25,0.0010571791638366093
2018-10-26,0.002687186684643239
2018-10-29,-0.008578772398832368
2018-10-30,0.003086734244748559
2018-10-31,0.006801477765142016
2018-11-01,0.0016127710650794547
2018-11-02,0.004026021779062285
2018-11-05,-0.00946080028034381
2018-11-06,-0.00464318141854259
2018-11-07,0.0079242788922955
2018-11-08,0.004832130303624033
2018-11-09,-0.00019389829676623536
2018-11-12,-0.006163499097343015
2018-11-13,0.00035328598028113866
2018-11-14,0.002124221098190342
2018-11-15,0.008382102138669899
2018-11-16,-0.003819030141475689
2018-11-19,-0.02242894726007759
2018-11-20,0.004360201361433447
2018-11-21,0.0038150773445756606
2018-11-23,0.004255820367013648
2018-11-26,0.00166412394903237
2018-11-27,0.002572804077219073
2018-11-28,0.014573550922748582
2018-11-29,0.004725114878169543
2018-11-30,0.0020936517207224593
2018-12-03,0.0031004551397816552
2018-12-04,-0.0007114125769932568
2018-12-06,0.00957198186615246
2018-12-07,-0.009603594420290674
2018-12-10,0.015514022410214618
2018-12-11,0.004945382151037054
2018-12-12,0.005530719888045956
2018-12-13,0.0003901565150175993
2018-12-14,-0.005837076357233871
2018-12-17,-0.009283968330729923
2018-12-18,0.007336751966324592
2018-12-19,-0.0017567902188373175
2018-12-20,-0.00482242486215056
2018-12-21,-0.0028308339311259798
2018-12-24,0.006101532155155746
2018-12-26,0.00940089302801237
2018-12-27,0.00436175871967763
2018-12-28,0.004768144346812456
2018-12-31,0.004665604121339169
2019-01-02,-0.013423216577220703
2019-01-03,-0.01370768862846888
2019-01-04,0.0049366044299967715
2019-01-07,0.0058181834728052535
2019-01-08,0.005116704717904512
2019-01-09,-0.0006166200895460919
2019-01-10,0.0007924243696917771
2019-01-11,-0.0019975541433487503
2019-01-14,-0.0003731886532931947
2019-01-15,0.009331513237786169
2019-01-16,-0.00811376362632376
2019-01-17,0.004430576793299064
2019-01-18,0.0004912462186980014
2019-01-22,-0.0014096889989088958
2019-01-23,0.0003266511782124772
2019-01-24,-0.008592035729187193
2019-01-25,0.0004494480625276947
2019-01-28,-0.005783114014369224
2019-01-29,-0.0051732102668060696
2019-01-30,0.00965069616643846
2019-01-31,0.003124166593386846
2019-02-01,0.0011258414133137663
2019-02-04,0.005494696631472766
2019-02-05,0.005740498036027265
2019-02-06,0.0009304855537407657
2019-02-07,0.0022366292404221305
2019-02-08,0.009557153196158467
2019-02-11,0.001357086236526223
2019-02-12,0.000475897441929796
2019-02-13,-0.000739308717548022
2019-02-14,0.005031143900882227
2019-02-15,-0.0021224947046133216
2019-02-19,-0.005327803424414008
2019-02-20,-0.004654502433812772
2019-02-21,0.002486810817688782
2019-02-22,0.008745499603017947
2019-02-25,-0.0005381785831856966
2019-02-26,0.0027178302754311216
2019-02-27,0.004308197114223285
2019-02-28,0.0001508365297417922
2019-03-01,0.0036957516454202647
2019-03-04,-0.00584147490484536
2019-03-05,0.004002666250790836
2019-03-06,0.003127493747564925
2019-03-07,0.0013602305458112526
2019-03-08,-0.000537170214785926
2019-03-11,0.0013226711679736377
2019-03-12,-7.997753320865188e-05
2019-03-13,-8.271318835349501e-05
2019-03-14,0.0011687467462632732
2019-03-15,0.002220134256493433
2019-03-18,-0.001046846888630128
2019-03-19,0.007279497899923129
2019-03-20,0.0076586531230425185
2019-03-21,0.0057274951899793855
2019-03-22,-0.0027674946772664397
2019-03-25,0.0023045808348805684
2019-03-26,0.00013517614646157278
2019-03-27,-0.002655642435126387
2019-03-28,0.003907289965350861
2019-03-29,0.006144744197590533
2019-04-01,-0.004745054206354109
2019-04-02,0.006520650547844287
2019-04-03,0.0025303223745920134
2019-04-04,-0.009867363103737675
2019-04-05,-0.002323032460520802
2019-04-08,0.0021636636126625775
2019-04-09,0.005852460967832469
2019-04-10,-0.000318489231462233
2019-04-11,0.0015883601350434704
2019-04-12,-0.004192824685545739
2019-04-15,0.005671132402884738
2019-04-16,-0.0006831372526727274
2019-04-17,-0.002727098430391532
2019-04-18,0.0027362105258088264
2019-04-22,0.002190303635265613
2019-04-23,0.0036240645533811844
2019-04-24,0.0004242976214050187
2019-04-25,-0.001989482235299036
2019-04-26,0.00040712636482814583
2019-04-29,-0.0036138508960193863
2019-04-30,-0.0009586935752494783
2019-05-01,-0.0011214414496800943
2019-05-02,0.007105721370085786
2019-05-03,0.0012275645353926612
2019-05-06,0.0023470762268696056
2019-05-07,-0.0038512793330783956
2019-05-08,0.006948035253244564
2019-05-09,0.0012526568554057497
2019-05-10,-0.0014165122802668488
2019-05-13,-0.004915481599633096
2019-05-14,0.0030937060841982767
2019-05-15,0.006154093908753402
2019-05-16,0.004597678264580175
2019-05-17,0.000235140446736724
2019-05-20,-0.004909803071316025
2019-05-21,-0.0011165459611192554
2019-05-22,0.0034528952147826796
2019-05-23,0.0014198287817314362
2019-05-24,-0.0027535139790487865
2019-05-28,0.0073769439306964075
2019-05-29,-0.00197669957298694
2019-05-30,0.01045252387018919
2019-05-31,0.002877289079220283
2019-06-03,-0.016345107299994263
2019-06-04,0.004423167238870481
2019-06-05,0.009238589151256757
2019-06-06,0.002305111561725596
2019-06-07,0.009147298673512948
2019-06-10,0.0015217658705493674
2019-06-11,-0.004833263701741404
2019-06-12,0.0070777661819727035
2019-06-13,-0.006302346891976537
2019-06-14,-0.0026737432911918104
2019-06-17,-0.000513638386943679
2019-06-18,-0.0019083279366145772
2019-06-19,0.004486082261898016
2019-06-20,-0.002608336068661305
2019-06-21,-0.004290304746350091
2019-06-24,0.0036253579128449126
2019-06-25,-0.006577003507533043
2019-06-26,-0.0032848249256830714
2019-06-27,0.0010208563785380782
2019-06-28,-0.0030997579021852656
2019-07-01,0.0021677708797724297
2019-07-02,0.007110340922903991
2019-07-03,0.003195147980551656
2019-07-05,-0.0020738014421636942
2019-07-08,-0.0006073337037256774
2019-07-09,0.002312695047021784
2019-07-10,0.002820795968600651
2019-07-11,0.0010861069549708007
2019-07-12,-0.0011247031591078904
2019-07-15,0.005868585266372137
2019-07-16,-0.003059350678687618
2019-07-17,0.008892289875800251
2019-07-18,-9.017847909043898e-05
2019-07-19,-0.006511516995541855
2019-07-22,0.00032229467502146937
2019-07-23,-0.0026084500909023135
2019-07-24,-0.004352212752709101
2019-07-25,0.0030644631989536946
2019-07-26,0.000894115826683005
2019-07-29,4.824686798690029e-05
2019-07-30,-0.007008485270803817
2019-07-31,0.0003513242974963436
2019-08-01,0.009760776353110576
2019-08-02,-0.0015525572570013121
2019-08-05,-0.0029204194086654284
2019-08-06,0.012287207103078675
2019-08-07,0.007581346464667093
2019-08-08,0.005991258003412863
2019-08-09,0.0011767136454320822
2019-08-12,0.003324521934485779
2019-08-13,0.0026869383042942736
2019-08-14,0.00587650307446929
2019-08-15,0.010515871764896476
2019-08-16,-0.003667072135407923
2019-08-19,-0.0011657337120092575
2019-08-20,0.005074313516730478
2019-08-21,0.006081121752636248
2019-08-22,5.377456432439931e-05
2019-08-23,0.0028910725074979653
2019-08-26,0.00020905709087519486
2019-08-27,0.008269448770163128
2019-08-28,-0.006857805056279554
2019-08-29,-0.003179649790874409
2019-08-30,-0.006290173797029931
2019-09-03,-0.0007740665787830938
2019-09-04,-0.004143913449303854
2019-09-05,0.00028331726861532437
2019-09-06,-0.0026926928672413026
2019-09-09,-0.030181992667056737
2019-09-10,-0.021806678860338696
2019-09-11,-0.0026276166443217914
2019-09-12,0.003992692655913823
2019-09-13,-0.008975058940975679
2019-09-16,-0.003975392454632478
2019-09-17,0.011548156006607703
2019-09-18,0.0008004047240247254
2019-09-19,0.002576551787270887
2019-09-20,-0.0029716312166051173
2019-09-23,0.000629823581023085
2019-09-24,0.0017322398236057114
2019-09-25,-3.1428453461272016e-05
2019-09-26,0.004018203777133309
2019-09-27,-0.005729900811167422
2019-09-30,0.005506587275781128
2019-10-01,0.009546460819841205
2019-10-02,0.003543861328495719
2019-10-03,0.004805102235195872
2019-10-04,-0.0005329837864268341
2019-10-07,0.0013656068944257055
2019-10-08,0.0036742590372584247
2019-10-09,0.0014278519680141228
2019-10-10,-0.0024835028306343775
2019-10-11,-0.0017629311659708852
2019-10-14,0.001756300451022374
2019-10-15,-0.0007191167910976255
2019-10-16,-0.00039930634888628996
2019-10-17,0.003452450884660878
2019-10-18,-0.004870703997288326
2019-10-21,-0.004260310171732259
2019-10-22,-0.014995745704461359
2019-10-23,-0.003548906399955494
2019-10-24,0.015221074952852458
2019-10-25,0.006221964227625549
2019-10-28,0.005457024164176164
2019-10-29,-0.004433251648445402
2019-10-30,0.00641676520937628
2019-10-31,-0.001663642083171997
2019-11-01,-0.006603698600405225
2019-11-04,-0.010164734295814182
2019-11-05,-0.003860780890784097
2019-11-06,0.005461518686591277
2019-11-07,0.0036736529366959503
2019-11-08,0.0011627040326798264
2019-11-11,0.004158444943938574
2019-11-12,0.003554295228091469
2019-11-13,0.008211164789587493
2019-11-14,0.0029865772621113264
2019-11-15,-0.0011669795026445443
2019-11-18,0.004235140169986342
2019-11-19,0.0070341863019413794
2019-11-20,0.0007827305651712155
2019-11-21,-0.005639004706209076
2019-11-22,-0.0033867846289792457
2019-11-25,0.003257386259606509
2019-11-26,0.005349822268919537
2019-11-27,0.0009884353590653618
2019-11-29,0.0010609347363528185
2019-12-02,-0.001683287032717756
2019-12-03,0.00621085382656103
2019-12-04,-0.0025612548364931445
2019-12-05,-0.002348569230571012
2019-12-06,-0.0019255837588987353
2019-12-09,-0.0026358414878323534
2019-12-10,-0.0017040067256185497
2019-12-11,0.0039391092877651915
2019-12-12,-0.007690856256972833
2019-12-13,0.005773287614635535
2019-12-16,0.0036383855482006976
2019-12-17,-0.004580286875256837
2019-12-18,-0.0005686139037129054
2019-12-19,0.004627168039055766
2019-12-20,0.0014912175147558668
2019-12-23,-0.0007455167145287598
2019-12-24,0.0008364431939658107
2019-12-26,0.0004584274128878415
2019-12-27,0.00295032858962965
2019-12-30,-0.003451946052277525
2019-12-31,-0.0032225687570021713
2020-01-02,0.004738153207583598
2020-01-03,0.002758079796250719
2020-01-06,0.0027241052003359667
2020-01-07,-0.002011616244047604
2020-01-08,0.007136049334109471
2020-01-09,0.006492460391716592
2020-01-10,0.003900942385142635
2020-01-13,0.0016473671655637201
2020-01-14,-0.003945813454566962
2020-01-15,0.005641844827872031
2020-01-16,0.0018377990079360244
2020-01-17,-0.0009199251396013691
2020-01-21,0.008377895493652305
2020-01-22,0.0045635308228490845
2020-01-23,-0.00013538322826136444
2020-01-24,0.0021523707363230345
2020-01-27,0.004183097038335901
2020-01-28,0.0011221555443228313
2020-01-29,0.0015007515243437254
2020-01-30,-0.00382141581447327
2020-01-31,-0.00018624181119522923
2020-02-03,0.007130716972795476
2020-02-04,0.003962101773676067
2020-02-05,-0.016474396520270912
2020-02-06,0.006150856491285226
2020-02-07,0.000650850549405519
2020-02-10,0.004554599595037116
2020-02-11,-0.0015765497956706336
2020-02-12,0.0007020464128888147
2020-02-13,0.0031204391005401717
2020-02-14,0.00980389146369184
2020-02-18,0.0029895140048464327
2020-02-19,0.0012914343636954637
2020-02-20,-0.00481834120823953
2020-02-21,-0.0026534860029891402
2020-02-24,0.0037332350097032813
2020-02-25,0.008780839531725267
2020-02-26,0.013921780760090156
2020-02-27,0.005482072409256897
2020-02-28,0.003862008706270348
2020-03-02,0.0036756555479061995
2020-03-03,0.007626416602516655
2020-03-04,0.010220916705873204
2020-03-05,0.013633506549285496
2020-03-06,0.011516543779231697
2020-03-09,0.051126489001203035
2020-03-10,-0.005336330286474865
2020-03-11,0.01992006474100856
2020-03-12,0.03341556558105099
2020-03-13,-0.015222434435769483
2020-03-16,0.033351711624835634
2020-03-17,0.016873146245451554
2020-03-18,0.04624572608756025
2020-03-19,-0.020390821494761378
2020-03-20,-0.01727203390793759
2020-03-23,0.019774883769574626
2020-03-24,-0.034323829533449604
2020-03-25,-0.02748424695911357
2020-03-26,0.0046624030362814595
2020-03-27,0.008898029441226862
2020-03-30,0.019255907326128675
2020-03-31,-0.0029356169771358534
2020-04-01,0.01867459638236063
2020-04-02,0.003188480304865713
2020-04-03,0.01019764326167186
2020-04-06,-0.008899902117550706
2020-04-07,-0.014623814282780924
2020-04-08,-0.020366872706213138
2020-04-09,-0.018931271322589108
2020-04-13,0.015421019576122848
2020-04-14,0.02526167988896539
2020-04-15,0.028272340632322764
2020-04-16,0.026460389865216948
2020-04-17,-0.027794840622781775
2020-04-20,0.011617209778068826
2020-04-21,-0.004127481493345436
2020-04-22,0.010722620950478243
2020-04-23,-0.006064435724946492
2020-04-24,0.00038702740066537747
2020-04-27,-0.012573979887218173
2020-04-28,-0.025793474032222506
2020-04-29,-0.011777591577477285
2020-04-30,0.02037343551837104
2020-05-01,0.015028600882808336
2020-05-04,0.01048260525345161
2020-05-05,0.012193952455055158
2020-05-06,0.024159477353986547
2020-05-07,-0.0010073615208482864
2020-05-08,-0.021866015681184875
2020-05-11,0.025947935714447763
2020-05-12,0.0076925836686733695
2020-05-13,0.0191870617301786
2020-05-14,-0.009232439340510941
2020-05-15,0.011210181440133776
2020-05-18,-0.03580273441828894
2020-05-19,0.01205248837476105
2020-05-20,-0.005856524100973318
2020-05-21,-0.0037779047675275605
2020-05-22,0.00673628050319975
2020-05-26,-0.038093815972751736
2020-05-27,-0.022263261394029753
2020-05-28,0.017276121616217856
2020-05-29,0.01973933115686853
2020-06-01,-0.008318366513067495
2020-06-02,-0.0043327187666669775
2020-06-03,-0.022358636460021404
2020-06-04,-0.023097643468857905
2020-06-05,-0.014063208122904864
2020-06-08,-0.023427386915254374
2020-06-09,0.018200458476170567
2020-06-10,0.03265808221992744
2020-06-11,0.021606355481454967
2020-06-12,-0.016159095566329537
2020-06-15,0.003148494543618945
2020-06-16,-0.0012916489624494425
2020-06-17,0.01643935610083517
2020-06-18,0.001202145188401485
2020-06-19,0.013297461612131736
2020-06-22,0.007354095958200459
2020-06-23,-0.0006193085132598442
2020-06-24,0.01171202451279358
2020-06-25,-0.0001653584499987596
2020-06-26,0.013944064907745947
2020-06-29,-0.009320885899905004
2020-06-30,0.004919479005820125
2020-07-01,0.013462020433637305
2020-07-02,0.00010072696205210008
2020-07-06,0.0003523902469687156
2020-07-07,0.016876650422763935
2020-07-08,0.005478573004749396
2020-07-09,0.02718673218275223
2020-07-10,-0.024435730931293753
2020-07-13,-0.016054481309925133
2020-07-14,0.003041832943635296
2020-07-15,-0.006500898917012946
2020-07-16,-0.00613698963450267
2020-07-17,0.008873860808543917
2020-07-20,0.023670838685198328
2020-07-21,-0.020897401718846763
2020-07-22,0.002880046310200993
2020-07-23,-0.010724337198787844
2020-07-24,0.0018047725399912944
2020-07-27,0.0172950969636358
2020-07-28,-0.008172460424122006
2020-07-29,0.00026560785275043033
2020-07-30,0.018055891286885388
2020-07-31,0.006093665104464343
2020-08-03,0.004951713793228672
2020-08-04,0.0011848738565164666
2020-08-05,-0.003061136973337899
2020-08-06,0.003426381706076601
2020-08-07,-0.018672917311546335
2020-08-10,-0.01930981859715995
2020-08-11,-0.0063732532111004225
2020-08-12,0.012319355190837218
2020-08-13,0.013099630608389746
2020-08-14,-0.007251594024781836
2020-08-17,0.017784984143542827
2020-08-18,0.00979187905591555
2020-08-19,-0.00048802222289627203
2020-08-20,0.014234790398269252
2020-08-21,0.005102684503672549
2020-08-24,-0.01927509355457743
2020-08-25,0.006429179240052046
2020-08-26,0.016263550182736113
2020-08-27,-0.009586658835652124
2020-08-28,-0.0010863007038689407
2020-08-31,0.013888189279718233
2020-09-01,0.007871679728455792
2020-09-02,-0.002276509742143565
2020-09-03,-0.025178550908141934
2020-09-04,-0.016072966634964145
2020-09-08,-0.000118367329885561
2020-09-09,0.01667889113879889
2020-09-10,0.00194355481420138
2020-09-11,-0.008063732098451359
2020-09-14,-0.0025303866919759756
2020-09-15,0.015360781276764112
2020-09-16,-0.022176063341055645
2020-09-17,-0.006649081567817615
2020-09-18,0.0022775305485639216
2020-09-21,0.0221781062316801
2020-09-22,0.01300525751491889
2020-09-23,0.0007312549684252677
2020-09-24,-0.0005509920642314497
2020-09-25,0.0056471380458727564
2020-09-28,-0.002526982417562537
2020-09-29,0.008963983776676393
2020-09-30,-0.0013670087986078563
2020-10-01,0.00497106192809353
2020-10-02,-0.019276116704350525
2020-10-05,-0.0016096980309892595
2020-10-06,-0.0009345053074591887
2020-10-07,0.0024218302345008023
2020-10-08,-0.012503570194542984
2020-10-09,0.013473163178672549
2020-10-12,0.0011104144745279418
2020-10-13,0.014573044120376423
2020-10-14,-0.0005648947407098561
2020-10-15,-0.003472071081827583
2020-10-16,-2.7526770574416498e-05
2020-10-19,-0.00045964967785602773
2020-10-20,-0.004558103421074404
2020-10-21,0.0011761632427144874
2020-10-22,-0.015734276579579144
2020-10-23,0.0026403262522129156
2020-10-26,0.002820409597171447
2020-10-27,0.013452449462421738
2020-10-28,7.794556070372244e-06
2020-10-29,-0.0004955639877885221
2020-10-30,-0.014963909558584097
2020-11-02,-0.009808378404056874
2020-11-03,0.004875531017511189
2020-11-04,0.03735595289145732
2020-11-05,-0.0011698380995417076
2020-11-06,0.01310723409864285
2020-11-09,-0.06720134566962745
2020-11-10,-0.023032079359040628
2020-11-11,0.01699889532009978
2020-11-12,0.007412247589021741
2020-11-13,-0.011826907360544456
2020-11-16,-0.015095399188627142
2020-11-17,0.0012354451428832065
2020-11-18,0.0025197115971447217
2020-11-19,0.004609515972402733
2020-11-20,-0.0013063578344543712
2020-11-23,-0.014121606701390944
2020-11-24,-0.019491446548710663
2020-11-25,0.0064370230969639855
2020-11-27,0.011350232735680876
2020-11-30,0.02109202339895482
2020-12-01,-0.004013027125255768
2020-12-02,-0.012134342213482089
2020-12-03,-0.0032874227500335564
2020-12-04,-0.004666107358474664
2020-12-07,0.007190001680859218
2020-12-08,0.004761987409793706
2020-12-09,-0.006812066014236987
2020-12-10,0.0039935326852190665
2020-12-11,0.005593829878594097
2020-12-14,0.01523380051043618
2020-12-15,-0.004799033112802876
2020-12-16,0.006371743800064585
2020-12-17,0.006658162656567544
2020-12-18,0.013681252166403458
2020-12-21,-0.003507989321216933
2020-12-22,0.011172326663716474
2020-12-23,-0.014497620193047442
2020-12-24,0.0011865066535583478
2020-12-28,-0.0005325343332413797
2020-12-29,7.957420226472299e-05
2020-12-30,-0.0035122500072618584
2020-12-31,-0.002557994244368451
2021-01-04,-0.0005610098890303037
2021-01-05,-0.0013128345223833203
2021-01-06,-0.030499870332816554
2021-01-07,0.009651744527118082
2021-01-08,0.011190097436035782
2021-01-11,-0.005436658857673631
2021-01-12,-0.00884769247674454
2021-01-13,-0.006331121330008675
2021-01-14,-0.011741025555019999
2021-01-15,0.0031345549657572592
2021-01-19,0.0008887745150348318
2021-01-20,0.007866878096108594
2021-01-21,0.004998360805087082
2021-01-22,0.000289366217740737
2021-01-25,0.00020957063855622197
2021-01-26,0.0007483255165791573
2021-01-27,-0.006255786274767996
2021-01-28,0.002804556811159308
2021-01-29,-0.0014235929701003243
2021-02-01,0.006939841516818732
2021-02-02,0.007835908585932291
2021-02-03,-0.01140666595905982
2021-02-04,0.0015501005839380182
2021-02-05,-0.0005410885587149713
2021-02-08,-0.001858055323605846
2021-02-09,-0.0006741756198778146
2021-02-10,-0.0025743863582196073
2021-02-11,0.005564431089673286
2021-02-12,0.002022973090772869
2021-02-16,-0.006663175644430312
2021-02-17,-0.004878191040131238
2021-02-18,0.003569708918326962
2021-02-19,-0.002953451852219007
2021-02-22,-0.022148924884097622
2021-02-23,-0.007831355221706728
2021-02-24,-0.00739032182045464
2021-02-25,-0.0026730145828036574
2021-02-26,0.015981835015539365
2021-03-01,-0.0017074803388442868
2021-03-02,-0.00859761684413484
2021-03-03,-0.021095083403385433
2021-03-04,-0.015456775237095155
2021-03-05,-0.003019179410169312
2021-03-08,-0.02374779560634759
2021-03-09,0.024936577425876467
2021-03-10,-0.011525328219799381
2021-03-11,0.014357971089373155
2021-03-12,-0.014975782439387183
2021-03-15,0.008255173476810887
2021-03-16,0.0031097091447051693
2021-03-17,-0.0032716937760706383
2021-03-18,-0.013256965152340094
2021-03-19,0.007019650195698166
2021-03-22,0.01771790553042933
2021-03-23,0.006484897227477714
2021-03-24,-0.00746298722432533
2021-03-25,-0.009990099525609954
2021-03-26,0.013810225740880536
2021-03-29,0.001568260734596435
2021-03-30,-0.008761081141700645
2021-03-31,0.015209734638415028
2021-04-01,0.003363704740276122
2021-04-05,0.006076645816800276
2021-04-06,0.0006900185624983261
2021-04-07,-0.0049814791617341595
2021-04-08,0.011763070703360627
2021-04-09,0.0018494487733849048
2021-04-12,-0.0010098237526446094
2021-04-13,0.005765146243907731
2021-04-14,-0.009722888760144934
2021-04-15,0.0074999408631943884
2021-04-16,0.0010254884851483336
2021-04-19,-0.004603996698133956
2021-04-20,0.003585673856632046
2021-04-21,-0.003335495261488736
2021-04-22,0.007302556332054346
2021-04-23,0.0001860768058290236
2021-04-26,-0.0020850649007631
2021-04-27,-0.0009935492494228533
2021-04-28,-0.005369223429659188
2021-04-29,-0.0058656225267680814
2021-04-30,-0.0014491331598728277
2021-05-03,-0.005716419086267483
2021-05-04,-0.007965434441844327
2021-05-05,-0.006662899138925687
2021-05-06,-0.011085785022587166
2021-05-07,0.003784737633246899
2021-05-10,-0.008087320692493166
2021-05-11,0.009206423561173566
2021-05-12,-0.0063350906365710925
2021-05-13,-0.0039020559653520394
2021-05-14,0.002360910485917916
2021-05-17,-0.007901087329909351
2021-05-18,0.004011310856364131
2021-05-19,0.00499516364922332
2021-05-20,0.011024586680399202
2021-05-21,-0.0069526647956719145
2021-05-24,0.004396295620324897
2021-05-25,0.009074010982500507
2021-05-26,-0.002483195983357875
2021-05-27,-0.006485276355948128
2021-05-28,0.0009489038811460828
2021-06-01,-0.008962444645484537
2021-06-02,-0.00044748035913363715
2021-06-03,-0.006918940254125223
2021-06-04,0.00873411951122776
2021-06-07,0.0031179222480324205
2021-06-08,0.0033195581369673518
2021-06-09,0.0026397677101405188
2021-06-10,0.012785725638078761
2021-06-11,0.0008641221778438414
2021-06-14,0.008956010696026816
2021-06-15,-0.004229261500845334
2021-06-16,0.0014203655947557722
2021-06-17,0.024946830552742813
2021-06-18,0.01280779321739426
2021-06-21,-0.00592467930039918
2021-06-22,0.006529559287290883
2021-06-23,-0.0006718549033388991
2021-06-24,-0.002648439174420424
2021-06-25,-0.005526210525052429
2021-06-28,0.010487371771022836
2021-06-29,0.009466483168926733
2021-06-30,-0.004850753278510528
2021-07-01,-0.0018643700686818612
2021-07-02,0.007710850879416796
2021-07-06,0.013039678116378474
2021-07-07,0.002227020137422586
2021-07-08,0.005277214439678516
2021-07-09,-0.0092486112373631
2021-07-12,-0.006050489861845581
2021-07-13,0.005137123502266439
2021-07-14,0.000689439683016305
2021-07-15,-0.004467102085988105
2021-07-16,0.006276744629784298
2021-07-19,0.013428054825437435
2021-07-20,-0.003414442110089261
2021-07-21,-0.0033259631498543663
2021-07-22,0.012236955381782409
2021-07-23,0.004358182225899891
2021-07-26,-0.006426575151456755
2021-07-27,-0.006556428026466832
2021-07-28,0.0028636691213399334
2021-07-29,-0.0022368851461332644
2021-07-30,0.0064608097568619885
2021-08-02,0.0016891812228017958
2021-08-03,-0.0030229569920667415
2021-08-04,0.010949840229323713
2021-08-05,-0.0036650614278926127
2021-08-06,-0.012166602886928555
2021-08-09,-0.0016090627951697205
2021-08-10,-0.007192241706532633
2021-08-11,-0.006943332498807372
2021-08-12,0.004458597297372935
2021-08-13,0.002524519068760578
2021-08-16,0.004289014519402324
2021-08-17,0.0015313114504351298
2021-08-18,0.00022113929854720646
2021-08-19,0.012743828920936203
2021-08-20,0.0001647292863455026
2021-08-23,0.0018528582460743837
2021-08-24,-0.00039216633419891095
2021-08-25,-0.002004914025477967
2021-08-26,0.0040920719721475336
2021-08-27,-0.002228148130430178
2021-08-30,0.013273230747423037
2021-08-31,-0.0014496362918153614
2021-09-01,0.0038090101868865603
2021-09-02,-0.00027071628945420784
2021-09-03,0.005873573803220548
2021-09-07,0.0017815806075376665
2021-09-08,0.0002987318733157373
2021-09-09,-0.0001456966571286287
2021-09-10,0.005190604292456323
2021-09-13,-0.013551131381387794
2021-09-14,0.0064383813400179105
2021-09-15,-0.006465800121710633
2021-09-16,0.003041879811385727
2021-09-17,-0.0020115795068517354
2021-09-20,0.0065711478217375975
2021-09-21,0.0021242487022836588
2021-09-22,-0.0012570514755816872
2021-09-23,-0.0010729444654457992
2021-09-24,3.459093956650146e-05
2021-09-27,-0.018084050173143504
2021-09-28,-0.012543322872807561
2021-09-29,-0.0034104025426256596
2021-09-30,0.003707889724733262
2021-10-01,-0.0013938490209911922
2021-10-04,-0.013994413089218252
2021-10-05,0.0029035590909869177
2021-10-06,-0.00038353148323150635
2021-10-07,0.0030755349070756884
2021-10-08,-0.00752526998592428
2021-10-11,0.0031392628644701754
2021-10-12,0.0021895139933224557
2021-10-13,0.004173925503787499
2021-10-14,0.0024055492170336965
2021-10-15,0.0007055228242573391
2021-10-18,0.008458739968244384
2021-10-19,-0.0033542239060866813
2021-10-20,-0.012116702455951742
2021-10-21,0.013683959209426381
2021-10-22,0.000884918501587905
2021-10-25,0.0008650014210589264
2021-10-26,0.004184372867987382
2021-10-27,0.010859907868143798
2021-10-28,0.0020950681238208237
2021-10-29,0.012633983055252523
2021-11-01,-0.007854162222026386
2021-11-02,0.007821554053970645
2021-11-03,-0.008045280948432352
2021-11-04,0.01638104203749642
2021-11-05,0.00045880047822539037
2021-11-08,0.0035834439124872086
2021-11-09,0.0015298317066293411
2021-11-10,-0.009195298043135096
2021-11-11,-0.002522934482949538
2021-11-12,0.005327861709230643
2021-11-15,-0.00046792739724112143
2021-11-16,0.01113444684736735
2021-11-17,0.001493506533707968
2021-11-18,0.0034099862573679033
2021-11-19,0.007125775880087946
2021-11-22,-0.018567502078055298
2021-11-23,-0.009439566328665496
2021-11-24,0.006961111681468596
2021-11-26,0.0035992564738290614
2021-11-29,0.012691438996017304
2021-11-30,0.0064250519122486666
2021-12-01,-0.005706680083680235
2021-12-02,-0.0029257217915045555
2021-12-03,-0.008457304241266304
2021-12-06,-0.00584432017188807
2021-12-07,0.009263565053863325
2021-12-08,0.006182465772629396
2021-12-09,-0.005669350273994192
2021-12-10,0.004771412647462142
2021-12-13,0.0031151422755725435
2021-12-14,-0.013115203743638783
2021-12-15,0.013036578226849806
2021-12-16,-0.015388402231166113
2021-12-17,0.009487922915233498
2021-12-20,0.007270296203140542
2021-12-21,0.0013999239264677228
2021-12-22,0.006016575875864214
2021-12-23,0.0004678545073872713
2021-12-27,0.006849226395160533
2021-12-28,-0.006912457276387992
2021-12-29,0.0012231618117510461
2021-12-30,-0.0024832323246277827
2021-12-31,0.0001370752808882481
2022-01-03,-0.016312853491376275
2022-01-04,-0.02225493599938944
2022-01-05,-0.018407618977991376
2022-01-06,-0.006849796444526339
2022-01-07,-0.019310552895446156
2022-01-10,-0.0019527793176815993
2022-01-11,0.0024953991963589358
2022-01-12,-0.0006368993173909703
2022-01-13,-0.020820073893124756
2022-01-14,-0.004557648588790117
2022-01-18,-0.0012568367694468091
2022-01-19,0.009867561599066061
2022-01-20,-0.0008956637437007239
2022-01-21,-0.00040051024549539807
2022-01-24,0.006012094391775532
2022-01-25,-0.018866687048705234
2022-01-26,-0.004654038775703406
2022-01-27,-0.0031802437793255305
2022-01-28,0.016606042873604294
2022-01-31,0.013004952127962733
2022-02-01,-0.0004736692079001341
2022-02-02,-0.0010097702882206766
2022-02-03,-0.0070677641717281255
2022-02-04,0.002358509156973218
2022-02-07,-0.003296298592517429
2022-02-08,0.000888392827152331
2022-02-09,0.007964005927293084
2022-02-10,-0.004602535655213489
2022-02-11,-0.008551840246867691
2022-02-14,0.006506542456121452
2022-02-15,0.008384275701554866
2022-02-16,-0.003178859076750369
2022-02-17,-0.001767339377212948
2022-02-18,-0.0020914540303738098
2022-02-22,-0.005150600659329195
2022-02-23,-0.005655827505924575
2022-02-24,0.02534675157469679
2022-02-25,-0.010685704854109326
2022-02-28,0.005169427409969132
2022-03-01,0.014283004970672761
2022-03-02,-0.006309667481201316
2022-03-03,-0.007033791519812607
2022-03-04,0.000694352525874028
2022-03-07,-0.010810508664378979
2022-03-08,-0.009147628287325309
2022-03-09,0.012594944601458012
2022-03-10,-0.003387333552602269
2022-03-11,-0.009177206874004647
2022-03-14,-0.009638058465674594
2022-03-15,0.013797871760122253
2022-03-16,0.005860283114611054
2022-03-17,0.003685117808584975
2022-03-18,0.015299013642684356
2022-03-21,-0.008400437149008767
2022-03-22,0.0008154080594533382
2022-03-23,-0.0062738709720022295
2022-03-24,0.004210165511300939
2022-03-25,-0.01074763050091962
2022-03-28,0.01219416159479689
2022-03-29,0.006106283038171862
2022-03-30,-0.0022269015189807333
2022-03-31,0.0024134433009521013
2022-04-01,0.0014147959899090301
2022-04-04,0.008446303695934212
2022-04-05,-0.0007954133385694104
2022-04-06,-0.0054508356780289015
2022-04-07,0.009896306591519905
2022-04-08,-0.011612908354148379
2022-04-11,-0.010237563092824694
2022-04-12,-0.0023028907109999995
2022-04-13,0.003723655633393788
2022-04-14,-0.006312008086448879
2022-04-18,-0.010160543201401983
2022-04-19,0.004587823578558938
2022-04-20,-0.0004209263231332496
2022-04-21,-0.0010160914830386059
2022-04-22,0.0006939071214277261
2022-04-25,0.007730303671564061
2022-04-26,-0.004639557598575119
2022-04-27,0.0011589128418384703
2022-04-28,0.004146620860368402
2022-04-29,-0.004919789810625536
2022-05-02,-0.002805146846148193
2022-05-03,-0.0138049051666929
2022-05-04,-0.001246611297444751
2022-05-05,-0.009008876755773353
2022-05-06,-0.00315250028143087
2022-05-09,-0.007404514745116948
2022-05-10,0.008748556970723305
2022-05-11,-0.007821548617339828
2022-05-12,0.008407876741489365
2022-05-13,0.006148540421922272
2022-05-16,-0.004990746382306296
2022-05-17,-0.011323008731484788
2022-05-18,-0.01080058386203616
2022-05-19,0.0069184876735633345
2022-05-20,0.006191254094724242
2022-05-23,-0.0070395158233675145
2022-05-24,-0.003309614186460067
2022-05-25,-0.0012059440977915305
2022-05-26,0.007480081894038603
2022-05-27,0.008146642156825635
2022-05-31,-0.00640919303034454
2022-06-01,-0.00024331822626421327
2022-06-02,0.013366925792901066
2022-06-03,0.0001531429315014786
2022-06-06,-0.0018490494789482306
2022-06-07,0.0009161049313026973
2022-06-08,0.0037094464315768957
2022-06-09,0.00762979734537721
2022-06-10,0.002882561886888811
2022-06-13,0.005884106532511327
2022-06-14,0.001253694319864415
2022-06-15,0.00313181602999788
2022-06-16,0.00341541787499873
2022-06-17,0.0024006950738036928
2022-06-21,-0.0015221525335457377
2022-06-22,0.00431015410299251
2022-06-23,0.02099800947013762
2022-06-24,-0.002054857226063113
2022-06-27,-0.004813451873249066
2022-06-28,-0.01224273391137033
2022-06-29,0.009116967317911898
2022-06-30,0.0039068166319966464
2022-07-01,-0.0018449707446095212
2022-07-05,0.014038410671355504
2022-07-06,0.006056226320585099
2022-07-07,0.000972807599621487
2022-07-08,0.0012399083567358345
2022-07-11,-0.0017821450937649
2022-07-12,-0.012644649764185065
2022-07-13,0.006418757664398137
2022-07-14,0.013181568504662974
2022-07-15,-0.00844393722956284
2022-07-18,-0.005614240195260143
2022-07-19,0.002439369599125267
2022-07-20,0.005530932230528067
2022-07-21,0.008917529641639204
2022-07-22,0.00045051290015281527
2022-07-25,-0.010235636899805098
2022-07-26,-0.005517031356240756
2022-07-27,0.00821713308446204
2022-07-28,0.01368594557413636
2022-07-29,-0.00043518317624686477
2022-08-01,0.0027474378347928847
2022-08-02,0.007280049963803005
2022-08-03,0.0029781276167448233
2022-08-04,0.00511509032980627
2022-08-05,0.0029420305875358013
2022-08-08,-0.0013368124250569395
2022-08-09,-0.010391213953113891
2022-08-10,0.0005292886394885413
2022-08-11,-0.011414447193696177
2022-08-12,0.002135742379550453
2022-08-15,0.006231699825565736
2022-08-16,-0.0031236189405667325
2022-08-17,0.0026585227075994313
2022-08-18,0.0014825102617260083
2022-08-19,-0.0015192871776256028
2022-08-22,0.0016659227476361546
2022-08-23,-0.003968243090342881
2022-08-24,-0.000708528526554373
2022-08-25,-0.0009311683154472183
2022-08-26,-0.005001534846375742
2022-08-29,-0.00213157680093606
2022-08-30,0.0018255183596221202
2022-08-31,0.003075880367837268
2022-09-01,0.004620808255758473
2022-09-02,-0.0036095811796558117
2022-09-06,0.005196934680355311
2022-09-07,0.004113623977159725
2022-09-08,0.00048591202945292775
2022-09-09,-0.002477019411770545
2022-09-12,-0.003830426476777479
2022-09-13,-0.00020163917892332406
2022-09-14,0.0038346180646389124
2022-09-15,-0.007362156025676214
2022-09-16,0.004721055906185014
2022-09-19,-0.0035859068815936165
2022-09-20,0.003801389262017431
2022-09-21,0.002405896496868974
2022-09-22,-0.006785373438098787
2022-09-23,0.008509790044965663
2022-09-26,0.011712140734305286
2022-09-27,0.002544616041853011
2022-09-28,-0.0004974482079524514
2022-09-29,0.007275891895271221
2022-09-30,-0.004372648988061197
2022-10-03,-0.0030595943469826532
2022-10-04,-0.00427359951789838
2022-10-05,0.009638629805531321
2022-10-06,0.004585224542162531
2022-10-07,-0.003221638624186781
2022-10-10,-0.005232700291797012
2022-10-11,-0.0030612272766824674
2022-10-12,0.0010916883636342967
2022-10-13,-0.014473037430619395
2022-10-14,-0.007272664716506234
2022-10-17,0.0067116120477434295
2022-10-18,-0.000813062372451585
2022-10-19,2.762658797328399e-05
2022-10-20,-0.000885053994290631
2022-10-21,-0.002823188453147406
2022-10-24,0.0005351845459634179
2022-10-25,0.0037788728237330357
2022-10-26,0.00016262286484286276
2022-10-27,0.0034296186717969216
2022-10-28,0.002479624112513682
2022-10-31,0.001485510063970439
2022-11-01,-0.00025523045535562686
2022-11-02,-0.008540936169936134
2022-11-03,0.0033804585055911543
2022-11-04,-0.0015074437556175206
2022-11-07,0.0027807035891605943
2022-11-08,0.0007184664916061222
2022-11-09,0.004594034745623039
2022-11-10,0.009127597844366092
2022-11-11,-0.0027373185900974144
2022-11-14,0.00285108603697418
2022-11-15,0.00645448302338684
2022-11-16,0.006429907561806773
2022-11-17,-0.0046682187746618364
2022-11-18,-0.0022249071860482323
2022-11-21,-9.834686746022444e-05
2022-11-22,-0.0034659348265004483
2022-11-23,0.0015751518601036527
2022-11-25,-0.0032854771527699965
2022-11-28,0.004197952832660497
2022-11-29,-0.010598144276057084
2022-11-30,0.010092563728444887
2022-12-01,0.01070932443642042
2022-12-02,0.0013728895627476904
2022-12-05,0.0032588123738242804
2022-12-06,-0.0034628936721243144
2022-12-07,0.001287148867541236
2022-12-08,0.008340655962769162
2022-12-09,-0.005141539450595854
2022-12-12,-0.0015572668977735307
2022-12-13,0.005638082003251816
2022-12-14,0.00023153978963230334
2022-12-15,-0.005640364040291029
2022-12-16,0.0009923031796674371
2022-12-19,-0.0015650263481121768
2022-12-20,-0.003244323141602462
2022-12-21,0.001149610536471753
2022-12-22,-0.003591038360252265
2022-12-23,-0.004711628817429363
2022-12-27,-0.003954507679348935
2022-12-28,-0.000666148396298711
2022-12-29,0.0029906555913849723
2022-12-30,-0.0023260461746604853
2023-01-03,-0.004031463402756452
2023-01-04,-0.0076570127372416665
2023-01-05,-0.007451967491411844
2023-01-06,2.4101628570163264e-05
2023-01-09,0.006253917427932471
2023-01-10,0.0006848977326115984
2023-01-11,0.004064383278829069
2023-01-12,-0.004870776370007387
2023-01-13,0.005944372077406005
2023-01-17,0.0024304709897600583
2023-01-18,0.007202326649394944
2023-01-19,-0.0027658101884820256
2023-01-20,0.001668842010988724
2023-01-23,7.491063362518452e-06
2023-01-24,-0.0035668842378139627
2023-01-25,-0.006819558155748284
2023-01-26,0.0027858802562076464
2023-01-27,-0.0014525736954141685
2023-01-30,-0.002209534110095123
2023-01-31,0.0028585334910947204
2023-02-01,0.00982670006433169
2023-02-02,0.005883119461826187
2023-02-03,0.00018820914730815
2023-02-06,-0.0029563487940625025
2023-02-07,0.0019881578939994022
2023-02-08,-0.0002737807313060534
2023-02-09,0.007008022826893095
2023-02-10,-0.008008872775416415
2023-02-13,0.002855690824453307
2023-02-14,0.0033437212571339773
2023-02-15,0.0024592825780609708
2023-02-16,-0.0009601060384774682
2023-02-17,-0.0012493517310602528
2023-02-21,0.0005921871871819723
2023-02-22,0.000846201409861456
2023-02-23,0.0015372884143728936
2023-02-24,-0.010315764920989005
2023-02-27,0.0037238859024548024
2023-02-28,0.004154901017458926
2023-03-01,0.0018291352972833095
2023-03-02,0.005962277425904978
2023-03-03,0.0001975514505513972
2023-03-06,0.0028443017439935053
2023-03-07,0.005556447602878441
2023-03-08,0.0029841072268106186
2023-03-09,0.007910910662809509
2023-03-10,0.0037594833611536878
2023-03-13,0.022758876131326683
2023-03-14,0.00010824121136600653
2023-03-15,0.010431634340591179
2023-03-16,0.0015833661150778562
2023-03-17,0.011266890025980535
2023-03-20,-0.0025320793016071
2023-03-21,-0.004623622374913008
2023-03-22,0.007407295881006724
2023-03-23,0.008463322680457302
2023-03-24,-0.004643798267965212
2023-03-27,-0.007242324793504729
2023-03-28,-0.0024771933185376675
2023-03-29,-0.005469310953648346
2023-03-30,0.0027591265252291516
2023-03-31,0.004406656462287651
2023-04-03,-0.0001080274245180428
2023-04-04,0.0025911412289286954
2023-04-05,-0.01469180412353577
2023-04-06,-0.0017898822460979194
2023-04-10,-0.0025092700962395537
2023-04-11,-0.0019203468018113654
2023-04-12,0.0012280296084971965
2023-04-13,0.010206828466978552
2023-04-14,-0.0005624928235813207
2023-04-17,-0.003787256069101144
2023-04-18,0.0019529729088514304
2023-04-19,-0.004118605235966319
2023-04-20,0.005717616009671514
2023-04-21,0.007615857661826283
2023-04-24,0.00167330184024992
2023-04-25,-0.0038213348116267684
2023-04-26,0.003051018183250062
2023-04-27,0.0022715177284506685
2023-04-28,0.001187696445967919
2023-05-01,0.005822628483722693
2023-05-02,0.009841731522576709
2023-05-03,0.0018197785873718588
2023-05-04,0.005312999900800962
2023-05-05,-0.008240819423521088
2023-05-08,-0.0009062379188802046
2023-05-09,0.0024822402433624787
2023-05-10,0.009079447538114158
2023-05-11,0.004201387821505097
2023-05-12,0.001966252327484268
2023-05-15,-0.00380389712429214
2023-05-16,0.009521882763787935
2023-05-17,-0.007355893959288012
2023-05-18,0.007365503380069128
2023-05-19,0.0014841552973254377
2023-05-22,-0.0038487811131568436
2023-05-23,-0.01382744941649809
2023-05-24,0.0075947696903749745
2023-05-25,0.01286021472116081
2023-05-26,0.0008123705210963655
2023-05-30,-0.005055141276619829
2023-05-31,0.0037762840165588537
2023-06-01,0.005565111645256025
2023-06-02,-0.005586926156995329
2023-06-05,0.0007018362522360115
2023-06-06,-0.010745513413916864
2023-06-07,-0.019718943598900446
2023-06-08,0.007174046132117548
2023-06-09,0.0027037051530075817
2023-06-12,0.009853399048065592
2023-06-13,-0.0002869486939793501
2023-06-14,0.009085717425785882
2023-06-15,0.002347763110083636
2023-06-16,-0.002854852453625617
2023-06-20,0.00708374984659697
2023-06-21,0.0004351691313314904
2023-06-22,0.007411219158406181
2023-06-23,0.0012139049766789652
2023-06-26,-0.006742058402201306
2023-06-27,0.002578778520682527
2023-06-28,0.0027557152684114295
2023-06-29,-0.00028626589873357623
2023-06-30,0.0039784436135248055
2023-07-03,-0.009937231525147507
2023-07-05,-0.00032763558265486246
2023-07-06,0.0019152149809503992
2023-07-07,-0.004226578707516203
2023-07-10,0.011564298901175215
2023-07-11,-0.008802658974725711
2023-07-12,0.001775433120869886
2023-07-13,0.0005245074574566667
2023-07-14,0.01140178000069788
2023-07-17,0.00663016297527967
2023-07-18,-0.0044984870075817215
2023-07-19,-0.010673405283219223
2023-07-20,-0.0114026997862136
2023-07-21,0.0004179166480760652
2023-07-24,-0.006417737036467654
2023-07-25,0.006912984876980919
2023-07-26,-0.0037632581072379995
2023-07-27,0.0007311418673326513
2023-07-28,0.0030546225242192777
2023-07-31,-0.002935624011436262
2023-08-01,0.003930315588325118
2023-08-02,-0.002508150282827009
2023-08-03,0.006381495564552376
2023-08-04,-0.0032818214035283096
2023-08-07,0.0027079131731568814
2023-08-08,0.001345425913984957
2023-08-09,0.0037530034820177317
2023-08-10,0.004563165447455445
2023-08-11,-0.0043492820009841055
2023-08-14,0.008702600915682954
2023-08-15,0.007941838634773647
2023-08-16,-0.002480307649682146
2023-08-17,-0.006500089131014326
2023-08-18,-0.00046388853533106244
2023-08-21,0.005054227013823486
2023-08-22,0.005171690108055148
2023-08-23,0.0027554420210386937
2023-08-24,-0.005774882207976888
2023-08-25,0.005298721604001617
2023-08-28,0.0005905791722442284
2023-08-29,0.002834141845610271
2023-08-30,0.004368786568288429
2023-08-31,-0.0009801271951801922
2023-09-01,0.0009963673968193013
2023-09-05,0.0038844017803887528
2023-09-06,-0.0002982292176296371
2023-09-07,-0.0020892501594389247
2023-09-08,-0.0079759891345564
2023-09-11,0.0019246126039810748
2023-09-12,-0.012438798672547966
2023-09-13,0.001670398111891018
2023-09-14,-0.005919072781607025
2023-09-15,-0.006740151330914846
2023-09-18,0.0022646757616423896
2023-09-19,-0.0009585682329358901
2023-09-20,-0.002321997772263505
2023-09-21,-0.004255340489761412
2023-09-22,0.0046822634398222054
2023-09-25,-0.0010690040220699775
2023-09-26,0.004667539021167406
2023-09-27,0.004796204160138203
2023-09-28,0.005751164889961554
2023-09-29,-0.004008550904203494
2023-10-02,0.01308956345234724
2023-10-03,-0.0025394138642388982
2023-10-04,0.009250106987596474
2023-10-05,-0.001208686276231895
2023-10-06,0.003001313115967185
2023-10-09,-0.004296304363875371
2023-10-10,-0.0028838658058994463
2023-10-11,-0.00021953881105938244
2023-10-12,0.0035021959048503713
2023-10-13,-0.00701155950653237
2023-10-16,-0.000917210285807997
2023-10-17,-0.0036644632602125062
2023-10-18,0.0007345930804679972
2023-10-19,0.003502002390791138
2023-10-20,0.0025351144924722815
2023-10-23,0.007334333270129851
2023-10-24,-0.0037979897518385514
2023-10-25,-0.008405013131852301
2023-10-26,-0.008543817151048613
2023-10-27,0.005377067853710506
2023-10-30,0.0003824467972371702
2023-10-31,0.00021871894778033307
2023-11-01,-0.007255417989747538
2023-11-02,-0.004079391622263562
2023-11-03,0.006403307256704134
2023-11-06,0.007516951828945032
2023-11-07,0.011851773901437218
2023-11-08,0.009459540620684563
2023-11-09,0.0020280028757400665
2023-11-10,0.003898430667992305
2023-11-13,0.0061794701797176395
2023-11-14,-0.006864354713602673
2023-11-15,-0.0027408894702639595
2023-11-16,0.004106322319845002
2023-11-17,-0.003842513663981451
2023-11-20,0.0039685222087550535
2023-11-21,0.004571191543856991
2023-11-22,-0.0003040033664918479
2023-11-24,-0.0015584827143452148
2023-11-27,0.0012118240627324575
2023-11-28,-0.00284131730720654
2023-11-29,0.000981810085081239
2023-11-30,-0.0011214878038722951
2023-12-01,-0.0035417005024159856
2023-12-04,-0.003331119885684267
2023-12-05,0.0029721620351724314
2023-12-06,-0.0006348130826016047
2023-12-07,-0.0002955233410608252
2023-12-08,-0.0024536170387798044
2023-12-11,0.004009358659596695
2023-12-12,0.008183112459654628
2023-12-13,-0.010870212175126296
2023-12-14,-0.012648136500578663
2023-12-15,0.006082548423417264
2023-12-18,0.0063461108024732244
2023-12-19,-0.005752173517321105
2023-12-20,0.001730206889648648
2023-12-21,0.0025488766086092744
2023-12-22,-0.0013040957862827938
2023-12-26,-0.0010035322376819276
2023-12-27,0.0019879907309022543
2023-12-28,-0.0009681871798625544
2023-12-29,0.0020285374681215107
2024-01-02,-0.01882202104079979
2024-01-03,-0.006010831909316498
2024-01-04,0.002202789994255363
2024-01-05,-0.007786377568653611
2024-01-08,0.008839207331046883
2024-01-09,0.007299067828370018
2024-01-10,0.007502410358257871
2024-01-11,0.01027660319073466
2024-01-12,0.0008588449878593524
2024-01-16,0.0043427555802618215
2024-01-17,0.005167981721103182
2024-01-18,0.01614841962291105
2024-01-19,-0.003815269830898519
2024-01-22,0.0017906800222148725
2024-01-23,-0.002350981901904563
2024-01-24,-0.0002624524878141708
2024-01-25,-0.006044982212894943
2024-01-26,-0.004297338904051692
2024-01-29,0.004554372279974846
2024-01-30,-0.0030047408232682735
2024-01-31,-0.0025006559174945327
2024-02-01,0.010161679789007555
2024-02-02,0.005047710397630599
2024-02-05,0.009452550066107016
2024-02-06,0.00023078275274024743
2024-02-07,0.006731787889381337
2024-02-08,0.006210933785009573
2024-02-09,-0.00020469070407504837
2024-02-12,-0.013490802869620493
2024-02-13,0.0039322430639280575
2024-02-14,0.002899859786467081
2024-02-15,-0.010537712950581202
2024-02-16,-0.0011200467932827186
2024-02-20,-0.0032405113891519266
2024-02-21,-0.006442100210213218
2024-02-22,0.01634090402789647
2024-02-23,0.0027706002248614847
2024-02-26,0.006332768095108047
2024-02-27,-0.004121398161395484
2024-02-28,0.005049453621233437
2024-02-29,-0.0039021380617034716
2024-03-01,0.008391187158911302
2024-03-04,-0.008311399550544434
2024-03-05,-0.007808317563025607
2024-03-06,0.000547944154414534
2024-03-07,0.006601108348671953
2024-03-08,-0.005572220172818224
2024-03-11,-0.006807580694920618
2024-03-12,0.013361409266578183
2024-03-13,-0.0056238151198284275
2024-03-14,0.004760506675131639
2024-03-15,-0.005716523599447713
2024-03-18,-0.00012379519691860501
2024-03-19,0.0018210823885325593
2024-03-20,-0.005835988770767122
2024-03-21,-0.0026301675489227815
2024-03-22,0.0031661331190135557
2024-03-25,-0.006377181131693241
2024-03-26,0.002224003439979988
2024-03-27,-0.009234722696956387
2024-03-28,-0.0072362859743355405
2024-04-01,0.002898488521974071
2024-04-02,-0.002543916297000263
2024-04-03,-0.0016894166027234168
2024-04-04,-0.004494212091027308
2024-04-05,0.005140786180607264
2024-04-08,-0.0019907363994441474
2024-04-09,0.001850843063883233
2024-04-10,0.005907540302437928
2024-04-11,0.009520018668816056
2024-04-12,-0.002495717363935338
2024-04-15,-0.0049660470577890595
2024-04-16,0.007658084194502487
2024-04-17,-0.008431826573264575
2024-04-18,-0.010426970711150813
2024-04-19,-0.017537854906803235
2024-04-22,-0.0022077999722965
2024-04-23,0.00534504002586904
2024-04-24,0.0012918422320586233
2024-04-25,0.004259862118826781
2024-04-26,0.005698983390990021
2024-04-29,-0.0019949119816354693
2024-04-30,0.0005103276328632007
2024-05-01,-0.00409911233221761
2024-05-02,0.00014929456122670867
2024-05-03,0.00178359693031352
2024-05-06,0.0023356751958703986
2024-05-07,0.0007866075474031622
2024-05-08,-0.003841308118025257
2024-05-09,0.0008031544138950089
2024-05-10,0.005445261372479935
2024-05-13,-0.005667173115935098
2024-05-14,0.002569741569922801
2024-05-15,0.006215843139205709
2024-05-16,-1.694130523609977e-05
2024-05-17,-0.0011798072924301668
2024-05-20,0.008685940507845364
2024-05-21,-0.001785100803249172
2024-05-22,0.0036638785802617854
2024-05-23,0.005089773103163728
2024-05-24,0.00239278145249154
2024-05-28,0.001549562886548882
2024-05-29,0.003162407637328465
2024-05-30,-0.008053530878713223
2024-05-31,-0.011512496578785135
2024-06-03,0.003744717335502834
2024-06-04,0.0057774527149603745
2024-06-05,0.01058749242092678
2024-06-06,-0.00039739301026793517
2024-06-07,0.0022827265207691198
2024-06-10,0.006489855751289348
2024-06-11,0.009972506152142468
2024-06-12,0.00843288058222921
2024-06-13,0.0045716938175810115
2024-06-14,0.003865050696470448
2024-06-17,0.006296559691274116
2024-06-18,0.0023451460715028715
2024-06-20,-0.007981571897969966
2024-06-21,0.003537747127787395
2024-06-24,-0.011896724773173446
2024-06-25,0.006521092663197699
2024-06-26,-0.0011718974714807725
2024-06-27,0.0009802840432108133
2024-06-28,-0.007985756353797582
2024-07-01,-0.0037225380487092685
2024-07-02,-0.0001278130968030795
2024-07-03,0.003379559290511005
2024-07-05,0.00822291397038243
2024-07-08,-0.0017796912648879953
2024-07-09,-0.006592018045266821
2024-07-10,-0.0034837823987497714
2024-07-11,-0.010241846584726572
2024-07-12,0.004999896886327424
2024-07-15,-0.004835276092093156
2024-07-16,0.00014858807176767325
2024-07-17,-0.01808205297929667
2024-07-18,-0.003332200952757502
2024-07-19,0.005474459098911273
2024-07-22,0.007678937965024199
2024-07-23,0.002472172818845433
2024-07-24,-0.013252644936788885
2024-07-25,-0.0013161284117168483
2024-07-26,-0.0038727696083286616
2024-07-29,0.005702551978190352
2024-07-30,-0.00542187174701242
2024-07-31,0.009683192499436978
2024-08-01,0.005679989576325531
2024-08-02,0.01335196625896777
2024-08-05,0.004953396507689906
2024-08-06,0.007082640175581393
2024-08-07,-0.004784644547642757
2024-08-08,0.005240582151848208
2024-08-09,0.0002088624550188995
2024-08-12,0.00494912324202542
2024-08-13,0.005694314910556494
2024-08-14,0.00022401910829626236
2024-08-15,0.00066644724378832
2024-08-16,-0.004344279241580857
2024-08-19,-0.0013653933605302128
2024-08-20,0.005000185422374249
2024-08-21,0.00468376475702518
2024-08-22,-0.005492463464063046
2024-08-23,-0.0058176537154161
2024-08-26,-0.004036480373965502
2024-08-27,0.005978217773131174
2024-08-28,-0.003342974151233186
2024-08-29,-0.0014772926760577454
2024-08-30,-0.0015358514570044286
2024-09-03,-0.003651692398854711
2024-09-04,0.005713927205746502
2024-09-05,0.00013429800850878713
2024-09-06,0.0059363949268531856
2024-09-09,0.0010168303883417197
2024-09-10,0.013856116761593304
2024-09-11,0.005299395333039547
2024-09-12,-0.00196870563002019
2024-09-13,-0.0022408334073604833
2024-09-16,-0.0032737101192462457
2024-09-17,-0.0028279611730973033
2024-09-18,-0.002501546814644413
2024-09-19,0.004061058949973467
2024-09-20,0.0008999493130748965
2024-09-23,0.0015849612884776092
2024-09-24,0.006359499905144749
2024-09-25,0.00373250631170478
2024-09-26,0.0012703964535941492
2024-09-27,-0.005420383597841189
2024-09-30,0.0017733738729895049
2024-10-01,-0.0012682169334909238
2024-10-02,0.003927527763043466
2024-10-03,-0.0013930929438159762
2024-10-04,-0.004791124326652512
2024-10-07,-0.0001318104108016683
2024-10-08,0.011137524178334447
2024-10-09,0.0005391831456536744
2024-10-10,-0.0028920259896249027
2024-10-11,-0.0019778697233175796
2024-10-14,-0.0013093858946665255
2024-10-15,-0.002752304526512544
2024-10-16,-0.008398132177177952
2024-10-17,-0.0024034979275287167
2024-10-18,0.0037123074074626146
2024-10-21,0.007340091561508024
2024-10-22,-0.004124165062127336
2024-10-23,-0.005399021342509839
2024-10-24,0.006567217101140434
2024-10-25,0.005087565711359846
2024-10-28,-0.006572314135289151
