,WML
2016-01-04,-0.008588335646141993
2016-01-05,0.009531653478907585
2016-01-06,0.021541933634441637
2016-01-07,0.011938264953316555
2016-01-08,-0.0004909522455656713
2016-01-11,0.013195923859317223
2016-01-12,0.009695432005344251
2016-01-13,0.0027686720372163756
2016-01-14,-0.010123417420054757
2016-01-15,0.006611145815335971
2016-01-19,0.016905692528340066
2016-01-20,0.0023347835682030194
2016-01-21,-0.01668147199134426
2016-01-22,-0.0011714018780424641
2016-01-25,0.016734744436487238
2016-01-26,-0.013923618274278099
2016-01-27,-0.0029535653133725137
2016-01-28,-0.0033340831747949344
2016-01-29,-0.007338136700950154
2016-02-01,0.00654703072560407
2016-02-02,0.02465074918413693
2016-02-03,-0.010278986224935553
2016-02-04,-0.01867698656549065
2016-02-05,0.008771891491617664
2016-02-08,0.02140973247119054
2016-02-09,0.011363251691133357
2016-02-10,0.0013270919323444996
2016-02-11,0.01016664476614837
2016-02-12,-0.018071146520109785
2016-02-16,-0.01865908268742803
2016-02-17,-0.013985112425686935
2016-02-18,0.0024398128152406306
2016-02-19,0.006951768453681545
2016-02-22,-0.016762037669620762
2016-02-23,0.01733378889684798
2016-02-24,-0.0018754708186413463
2016-02-25,0.004731669294765477
2016-02-26,-0.022803871241511883
2016-02-29,-0.00027911046445201933
2016-03-01,-0.014507807371735446
2016-03-02,-0.009890153975237206
2016-03-03,-0.01102733862184361
2016-03-04,-0.00578600961665901
2016-03-07,-0.01369392094189432
2016-03-08,0.02795960151423542
2016-03-09,0.0011849550772180533
2016-03-10,0.005833295675938612
2016-03-11,-0.018650659823776432
2016-03-14,0.004648457781054955
2016-03-15,0.014585684678597458
2016-03-16,-0.004045743762706928
2016-03-17,-0.0036237313704507628
2016-03-18,-0.011032671101337687
2016-03-21,-0.0025617664781964647
2016-03-22,-0.0020062812601585015
2016-03-23,0.018416404435828856
2016-03-24,0.0012491338317586896
2016-03-28,0.0038254681915528303
2016-03-29,0.003459283697448445
2016-03-30,-0.002375197706991074
2016-03-31,-0.0033569968279362466
2016-04-01,0.005962930108728129
2016-04-04,0.003628958572729811
2016-04-05,0.0033367083342137997
2016-04-06,-0.006559584210341442
2016-04-07,0.01108060880602114
2016-04-08,5.8788800059767724e-05
2016-04-11,-0.0026278988216074917
2016-04-12,-0.005992674084733276
2016-04-13,-0.019846838723013037
2016-04-14,-0.0026781453004973005
2016-04-15,0.005843638485505176
2016-04-18,-0.001863256593168953
2016-04-19,-0.010958502886655664
2016-04-20,-0.014862189465998064
2016-04-21,-0.011555931224443152
2016-04-22,-0.002508298102523809
2016-04-25,0.007663172610974707
2016-04-26,-0.007019321763780241
2016-04-27,-0.0011840056124865703
2016-04-28,0.0068265374594718
2016-04-29,0.00858560311983633
2016-05-02,0.005116470918366031
2016-05-03,0.011534293644652513
2016-05-04,0.014597331985712485
2016-05-05,0.006761589174126234
2016-05-06,0.004706756710597808
2016-05-09,0.0046731612791500055
2016-05-10,-0.002453274899258555
2016-05-11,0.006050498004984906
2016-05-12,0.01300748134144085
2016-05-13,0.005754062140513115
2016-05-16,-0.0032805236268210088
2016-05-17,-0.010274653550709098
2016-05-18,-0.0100510944315246
2016-05-19,0.005626126943745975
2016-05-20,-0.006577563887095118
2016-05-23,-0.0018779808894719206
2016-05-24,9.574700737965958e-06
2016-05-25,-0.010186404779281759
2016-05-26,0.008090317302326934
2016-05-27,-0.0006981812821870905
2016-05-31,-0.002832273385009648
2016-06-01,-1.8582602414559703e-05
2016-06-02,-0.003935189149186007
2016-06-03,0.010914975120495198
2016-06-06,-0.007989323585757747
2016-06-07,0.0016303201198103903
2016-06-08,0.005340614179420214
2016-06-09,0.012856040216736496
2016-06-10,0.010199520347065581
2016-06-13,0.0038779838501600515
2016-06-14,0.01265298737532632
2016-06-15,-0.0025173368424934017
2016-06-16,0.004129967624605699
2016-06-17,-0.0038102226672470977
2016-06-20,-0.003796960865668218
2016-06-21,0.00444758179577443
2016-06-22,0.00023482340420948
2016-06-23,-0.01200126995431718
2016-06-24,0.02841621131590784
2016-06-27,0.02573960011031016
2016-06-28,-0.007692275808659738
2016-06-29,-0.010228046814240159
2016-06-30,0.0043218000529894225
2016-07-01,0.0013563271424235262
2016-07-05,0.0189703691993061
2016-07-06,-0.0012701166642392911
2016-07-07,-0.007829012304991233
2016-07-08,-0.008466106605112317
2016-07-11,-0.004892161940346609
2016-07-12,-0.013334455948219744
2016-07-13,0.00120373168034299
2016-07-14,-0.009828679609737958
2016-07-15,0.00034537486146088284
2016-07-18,-0.003853460756376804
2016-07-19,0.004810910933697545
2016-07-20,-0.007164400986801573
2016-07-21,-0.0024291232432509633
2016-07-22,0.002546900357525715
2016-07-25,0.0008423072245478216
2016-07-26,-0.0033307684809139046
2016-07-27,-0.0001610121064420057
2016-07-28,0.004191282964923179
2016-07-29,0.005165682026557124
2016-08-01,0.004067517387243074
2016-08-02,0.0016782353688131607
2016-08-03,-0.008664105496272912
2016-08-04,0.00835201533102967
2016-08-05,-0.009360357411399508
2016-08-08,-0.0011696244847354354
2016-08-09,0.006022662906270685
2016-08-10,0.003777807379386949
2016-08-11,-0.0045700973842003785
2016-08-12,0.0006815469680302551
2016-08-15,-0.002629405615175767
2016-08-16,-0.005560656335526094
2016-08-17,0.0035392641305674382
2016-08-18,0.0030853469664816214
2016-08-19,0.001351145611898869
2016-08-22,-0.0003828810560322257
2016-08-23,-0.0024740998435957727
2016-08-24,-0.002827202767902685
2016-08-25,0.0011685051693689024
2016-08-26,-0.0019657805256301205
2016-08-29,0.0019204080525749203
2016-08-30,-0.00752107808709869
2016-08-31,2.792258246507801e-05
2016-09-01,0.008878306632098636
2016-09-02,0.0015519397908122599
2016-09-06,0.004546523269581887
2016-09-07,-0.0003523824455543053
2016-09-08,0.0020115209363441213
2016-09-09,-0.007115374509515333
2016-09-12,0.0005003353284662414
2016-09-13,-0.00035904622260559543
2016-09-14,0.0056804510387396
2016-09-15,0.004198095441771032
2016-09-16,0.0015031437936956745
2016-09-19,0.0012193274980327662
2016-09-20,0.00022361654315880357
2016-09-21,0.00788611165277629
2016-09-22,0.0018291297496885878
2016-09-23,-0.002819897740929639
2016-09-26,0.00468208372324456
2016-09-27,0.0008948999651900947
2016-09-28,0.0015728290809317886
2016-09-29,0.0008161454551131875
2016-09-30,-0.0010313361695460758
2016-10-03,-0.0016969185328857806
2016-10-04,-0.0012662372706500787
2016-10-05,0.0016860987411922088
2016-10-06,0.0009125353212451182
2016-10-07,0.001909888008746129
2016-10-11,-0.0038179701291751484
2016-10-12,0.001671665927693708
2016-10-13,-0.001262998376034872
2016-10-14,0.0027959824698755766
2016-10-17,0.0025678787586890855
2016-10-18,0.000857961123675522
2016-10-19,0.00014662879827172584
2016-10-20,-0.0017723593670968601
2016-10-21,-0.0018064501979622055
2016-10-24,0.002804820498201426
2016-10-25,-0.0020913117216705412
2016-10-26,-0.005810852160050449
2016-10-27,0.0004568807215869679
2016-10-28,0.004772741378503172
2016-10-31,0.0010362408635314678
2016-11-01,0.0028706417380218834
2016-11-02,-0.00044880114435091184
2016-11-03,0.008602021513230586
2016-11-04,-0.0012149363667758866
2016-11-07,0.005280743055283279
2016-11-08,0.003946509571293961
2016-11-09,0.01711760342102967
2016-11-10,0.005427219752195132
2016-11-14,-0.0021463716429164573
2016-11-15,0.006882742820990357
2016-11-16,-0.000952732811043243
2016-11-17,0.006887201270244777
2016-11-18,0.0031916543226031143
2016-11-21,0.004011031392345084
2016-11-22,0.001255054386333089
2016-11-23,0.0063990323767107865
2016-11-25,-0.0023544306846603
2016-11-28,-0.005369699899940454
2016-11-29,0.003176739230029341
2016-11-30,0.01094275979101414
2016-12-01,0.009737814114197475
2016-12-02,-0.0027207269813260444
2016-12-05,0.0009858425173010334
2016-12-06,0.005971139908624805
2016-12-07,0.006792554105929103
2016-12-08,-0.0011819180585908172
2016-12-09,-0.009659278123218585
2016-12-12,-0.008927822292546012
2016-12-13,-0.0009922074562975832
2016-12-14,0.007858827829961548
2016-12-15,0.006976376422578399
2016-12-16,-0.010294701832644049
2016-12-19,0.0009672433544184737
2016-12-20,0.0072603228622367625
2016-12-21,0.00016368107480923795
2016-12-22,0.0013971718808717605
2016-12-23,-0.00037027837445158945
2016-12-27,0.0002699802780149773
2016-12-28,-0.003906485070214868
2016-12-29,-0.004973095337815861
2016-12-30,-0.0014238163911600914
2017-01-03,0.0007033643443701346
2017-01-04,0.0015219953914011389
2017-01-05,-0.005757357338304618
2017-01-06,0.001924560396009271
2017-01-09,-0.00020991092258034177
2017-01-10,0.005138018854902242
2017-01-11,0.004784666336307512
2017-01-12,-0.007759982142395593
2017-01-13,0.0015244359056739284
2017-01-17,-0.022220290362735547
2017-01-18,0.0077842683827183895
2017-01-19,0.0069173706198949105
2017-01-20,0.004581520815178315
2017-01-23,-0.0009195870043485937
2017-01-24,0.012944032071536167
2017-01-25,0.00651752948829229
2017-01-26,0.005095207875723615
2017-01-27,0.0012836739434836215
2017-01-30,-0.007030887734354606
2017-01-31,-0.01060566856945686
2017-02-01,0.0119404234870283
2017-02-02,-0.000823133669309686
2017-02-03,0.008771689528383413
2017-02-06,0.001360423871307147
2017-02-07,-0.0011077758102093532
2017-02-08,-0.006243922104124102
2017-02-09,0.0038507339273151
2017-02-10,-0.0010981888520361204
2017-02-13,0.004293197922487342
2017-02-14,0.0017671300531840201
2017-02-15,0.001459810167120823
2017-02-16,-0.0024955975475746124
2017-02-17,0.00025867032082171676
2017-02-21,-0.0025450577011243754
2017-02-22,-0.001509804098184589
2017-02-23,-0.008965704350857742
2017-02-24,-0.0051241105252586554
2017-02-27,0.0054200836944289345
2017-02-28,-0.002417047905170224
2017-03-01,0.019075950836820052
2017-03-02,-0.010099162112111718
2017-03-03,0.0066262463463330435
2017-03-06,0.0018429847346454354
2017-03-07,0.0032581591849227664
2017-03-08,0.0032159451978428684
2017-03-09,0.0016172231839391379
2017-03-10,0.0033700825437522597
2017-03-13,0.0044161644926248205
2017-03-14,-0.0019971703654113344
2017-03-15,-0.0031088967962845555
2017-03-16,0.002130119700591902
2017-03-17,-0.0016570824873356057
2017-03-20,0.0021993757654277116
2017-03-21,-0.01820572395482586
2017-03-22,0.004507057466118196
2017-03-23,0.000692763711684397
2017-03-24,0.00041973029490505794
2017-03-27,-0.0016968699416647264
2017-03-28,0.004561371061132444
2017-03-29,-0.002826085339345574
2017-03-30,0.008072180446436646
2017-03-31,-0.0007448440543842147
2017-04-03,0.0036627623419894337
2017-04-04,0.001858157702235228
2017-04-05,-0.0034487733118174473
2017-04-06,0.0012310101921386082
2017-04-07,0.0014807950024710824
2017-04-10,-0.005977789550335533
2017-04-11,-0.0004175623194829459
2017-04-12,-0.0051051246483615614
2017-04-13,-0.0010640875238137892
2017-04-17,0.0038850153325853433
2017-04-18,0.0029151803645508755
2017-04-19,0.0036961535379290886
2017-04-20,0.005106195310104502
2017-04-21,-0.000508597236497503
2017-04-24,0.009960736213787413
2017-04-25,0.0024983168234826193
2017-04-26,0.0012656293297419424
2017-04-27,0.005002603833654008
2017-04-28,0.0010476594575243242
2017-05-01,0.00998639657874614
2017-05-02,-0.00043577199003103925
2017-05-03,0.004043282277021263
2017-05-04,0.0029106616425509995
2017-05-05,-0.00015792811957363387
2017-05-08,-0.00026597054754851383
2017-05-09,0.00637725969783269
2017-05-10,0.003040452289965517
2017-05-11,0.0019708510897923216
2017-05-12,0.0027686803363013786
2017-05-15,0.0041038244378247225
2017-05-16,0.012397438541410195
2017-05-17,-0.017638983281894203
2017-05-18,0.004049219382264234
2017-05-19,0.0009850658986438957
2017-05-22,0.0060964779110809966
2017-05-23,0.001909157422904407
2017-05-24,0.004702991454653638
2017-05-25,0.005802902017024887
2017-05-26,0.001013396982457734
2017-05-30,0.003544454157684678
2017-05-31,0.0004413290161383452
2017-06-01,-0.0019585043871124114
2017-06-02,0.007667758543306358
2017-06-05,0.0006091911131399031
2017-06-06,0.002078477550932713
2017-06-07,0.007768945647575654
2017-06-08,0.008806461617480457
2017-06-09,-0.022285867353317192
2017-06-12,-0.011710642863445177
2017-06-13,0.00595634024051617
2017-06-14,-0.0004527313992372158
2017-06-15,0.001170953081457171
2017-06-16,0.00473888631529558
2017-06-19,0.01191296744827099
2017-06-20,0.002205842084046802
2017-06-21,0.008691766142710458
2017-06-22,-0.0005292363240827877
2017-06-23,0.000687144089623044
2017-06-26,-0.008571207373483969
2017-06-27,-0.005279712941433989
2017-06-28,0.007435901793711607
2017-06-29,-0.007381344584890648
2017-06-30,-0.0032423288081017128
2017-07-03,-0.009167592012836224
2017-07-05,0.018406854153390884
2017-07-06,0.005658998436142048
2017-07-07,0.009997316329405615
2017-07-10,0.007805174933463167
2017-07-11,0.0029374526663961406
2017-07-12,0.005882527764283571
2017-07-13,-0.0032745180793713282
2017-07-14,-0.00019787770281844662
2017-07-17,-0.003807834336746089
2017-07-18,0.005703301080907228
2017-07-19,0.0018125152486402315
2017-07-20,0.0006702090535682918
2017-07-21,-0.0011797086345094003
2017-07-24,0.008548163152564448
2017-07-25,-0.007528754873463724
2017-07-26,0.003088575820525249
2017-07-27,-0.014349341524309374
2017-07-28,0.0018320457420776498
2017-07-31,-0.005564463019618595
2017-08-01,0.0033063346211562542
2017-08-02,0.002004891403309552
2017-08-03,0.007847085063026157
2017-08-04,0.0037541954270915246
2017-08-07,0.006442407261468575
2017-08-08,0.00043390150318878664
2017-08-09,0.00033660076841824
2017-08-10,-0.006756682090210898
2017-08-11,0.00390690643657496
2017-08-14,0.010256887326756066
2017-08-15,0.006083788670555389
2017-08-16,0.0014175902677022196
2017-08-17,-0.006299859397281789
2017-08-18,0.0036027290008408663
2017-08-21,-0.0009403286790196287
2017-08-22,0.007601742681131008
2017-08-23,-0.0006460215204332495
2017-08-24,0.004814885778552434
2017-08-25,-0.002956126776885455
2017-08-28,0.0033909865067084572
2017-08-29,0.0023048991115594167
2017-08-30,0.0044146349556275985
2017-08-31,0.003914950141641626
2017-09-01,-0.0029270048525922173
2017-09-05,-0.003506303970291843
2017-09-06,-0.00408397559001772
2017-09-07,0.005923859835306893
2017-09-08,0.0026136443260874973
2017-09-11,0.007266522357441148
2017-09-12,0.00024925238192269935
2017-09-13,-0.0035139664601269603
2017-09-14,0.0017892478848838367
2017-09-15,-0.0006708280533206427
2017-09-18,0.007102341852038776
2017-09-19,0.005583713740254329
2017-09-20,-0.0021299091176392496
2017-09-21,0.0005588337121393665
2017-09-22,0.0012512187366097798
2017-09-25,-0.019087715330997557
2017-09-26,-0.002239902429291664
2017-09-27,0.00831147670923588
2017-09-28,0.006217627790180542
2017-09-29,0.0034922095549440807
2017-10-02,0.004128879420570594
2017-10-03,0.006152581888369474
2017-10-04,-0.00018820675824971584
2017-10-05,0.002506018288993137
2017-10-06,0.009301040449603032
2017-10-10,-0.0015402236105494542
2017-10-11,0.0035312893616811446
2017-10-12,0.004158958033408334
2017-10-13,0.00027364473297593144
2017-10-16,0.0014565553297609755
2017-10-17,-0.0035392771123797725
2017-10-18,0.0014464755133313965
2017-10-19,4.977671689450347e-07
2017-10-20,0.004445400934395349
2017-10-23,0.0012454320803831917
2017-10-24,0.005472897637026937
2017-10-25,-0.00052389246845767
2017-10-26,0.0075007682893286345
2017-10-27,0.013029113745696557
2017-10-30,-0.0018408068082929469
2017-10-31,0.003981627265522728
2017-11-01,-0.0030612019152801793
2017-11-02,0.004897732301000594
2017-11-03,0.010315265105617897
2017-11-06,0.0054487090187561905
2017-11-07,-0.0017215024129231718
2017-11-08,0.0012234625815861495
2017-11-09,-0.009517713178793116
2017-11-10,0.0008506409100673443
2017-11-13,0.00247832351166264
2017-11-14,0.0042383271698678265
2017-11-15,0.0002427675444808229
2017-11-16,0.004657278752781505
2017-11-17,-0.004376615557542822
2017-11-20,0.007447791346024976
2017-11-21,0.00633206905258915
2017-11-22,-0.004403546805480978
2017-11-24,0.006052278813307505
2017-11-27,0.0017989089061360873
2017-11-28,-0.0059958348617167295
2017-11-29,-0.03226188343575024
2017-11-30,0.004444507734253781
2017-12-01,-0.006998695243266227
2017-12-04,-0.020951431415420337
2017-12-05,0.007155675628493714
2017-12-06,0.005102527341982047
2017-12-07,0.00918064199083875
2017-12-08,0.0008956152194200323
2017-12-11,-0.0025569285008483545
2017-12-12,-0.004521900679316259
2017-12-13,0.0008125837105424061
2017-12-14,5.354007274166288e-05
2017-12-15,0.0010238785320490253
2017-12-18,0.0050102742708860205
2017-12-19,0.0027033885404603815
2017-12-20,0.0020132348807243637
2017-12-21,-0.004516416041689076
2017-12-22,-0.0022268090096879685
2017-12-26,-0.0020024058622380644
2017-12-27,0.003515842541372854
2017-12-28,0.0006096581864038512
2017-12-29,-0.001104721183798436
2018-01-02,0.002323536031820039
2018-01-03,0.007201656262410627
2018-01-04,0.0044800441482882375
2018-01-05,0.004967927711482793
2018-01-08,0.0038173463067377855
2018-01-09,0.0078833072010711
2018-01-10,0.00122393159094194
2018-01-11,0.007041755459564974
2018-01-12,0.007469927929804136
2018-01-16,-0.0040929174922053144
2018-01-17,0.006996974813626044
2018-01-18,0.0043428603443041915
2018-01-19,0.0066703727367922565
2018-01-22,0.0022652795325695174
2018-01-23,0.0002535151352545612
2018-01-24,-0.0024189738158373925
2018-01-25,-0.0026405058116317497
2018-01-26,0.009712529363645219
2018-01-29,2.811766327069122e-05
2018-01-30,-0.002480212695984304
2018-01-31,-0.0024589755243418394
2018-02-01,0.007578903372792165
2018-02-02,0.001416253364436508
2018-02-05,-0.007436666448956516
2018-02-06,0.011466952682498754
2018-02-07,0.005016533656590093
2018-02-08,-0.016460665898000566
2018-02-09,0.0029159729445384155
2018-02-12,0.00641022854298547
2018-02-13,0.007614530846460547
2018-02-14,0.01584495817359768
2018-02-15,0.0012631093742280323
2018-02-16,-0.0025984474604103247
2018-02-20,0.006891504331812596
2018-02-21,0.008935425568229741
2018-02-22,-0.001328426417810039
2018-02-23,0.0012031296623145546
2018-02-26,0.004196479246429756
2018-02-27,0.0024933916785328386
2018-02-28,-0.0004520704521032842
2018-03-01,-0.003419505457431098
2018-03-02,0.006772155070151409
2018-03-05,-0.0022832503303992554
2018-03-06,0.0072779924670058425
2018-03-07,0.008688154926358584
2018-03-08,0.0010643304427113338
2018-03-09,0.00882040222565584
2018-03-12,-0.003262251664823778
2018-03-13,-0.003094762459814533
2018-03-14,0.004924883397077246
2018-03-15,0.0034078507507558364
2018-03-16,-0.003988101812300427
2018-03-19,0.0028617020837220526
2018-03-20,0.014510189083742572
2018-03-21,9.051380714632826e-06
2018-03-22,-0.011717601880461611
2018-03-23,-0.0034156253112713406
2018-03-26,0.014933464672011187
2018-03-27,-0.022606368963733005
2018-03-28,-0.01564810673646561
2018-03-29,0.00977031016342313
2018-04-02,-0.0004328436022149468
2018-04-03,0.0008611970457881209
2018-04-04,-0.0023459452606801323
2018-04-05,0.002207496836339711
2018-04-06,-0.006170063704158166
2018-04-09,0.005169460092826858
2018-04-10,0.008412733829524503
2018-04-11,0.0008247176014997619
2018-04-12,0.012465240698703127
2018-04-13,-0.007077377897302761
2018-04-16,0.0026412883128014396
2018-04-17,0.0103050671347341
2018-04-18,0.005372955905973526
2018-04-19,0.005853654185514208
2018-04-20,0.004412218934806663
2018-04-23,-0.00484548281033855
2018-04-24,-0.010102856512426577
2018-04-25,-0.004399446125352876
2018-04-26,0.0034071875686321716
2018-04-27,-0.007682747629609736
2018-04-30,0.001965205630013846
2018-05-01,-0.0008663627622932114
2018-05-02,0.00685202006254705
2018-05-03,0.012147173039730473
2018-05-04,-0.001762422839664244
2018-05-07,0.00800597815756076
2018-05-08,0.013488333168859237
2018-05-09,0.009554865832044037
2018-05-10,0.0010677233648112728
2018-05-11,0.0020848064428902616
2018-05-14,-0.003143866166618626
2018-05-15,0.003864467335647292
2018-05-16,-9.511827084940187e-05
2018-05-17,0.0043707149292262935
2018-05-18,0.00509712334898479
2018-05-21,0.002552332842686739
2018-05-22,-0.00615302978824787
2018-05-23,0.0030108889270893295
2018-05-24,0.005680193115101387
2018-05-25,-0.006652289761795044
2018-05-29,0.0014827155850004065
2018-05-30,0.0035412897843338873
2018-05-31,0.0005650611725299785
2018-06-01,0.008779996121821971
2018-06-04,0.0033276254563500743
2018-06-05,0.008323775384327999
2018-06-06,0.0018180477451383605
2018-06-07,-0.008841832450530853
2018-06-08,0.0012173190300425055
2018-06-11,-0.0008731688599028023
2018-06-12,0.00293217011688185
2018-06-13,0.0048587998707431464
2018-06-14,-0.004013751298808382
2018-06-15,-0.004046195593361375
2018-06-18,0.010090622829180138
2018-06-19,-0.006140343951659291
2018-06-20,0.0032848351408388643
2018-06-21,-0.0042825763252701005
2018-06-22,-0.009355888124185698
2018-06-25,-0.021058227551219517
2018-06-26,0.005453871135606525
2018-06-27,-0.008832536112718219
2018-06-28,0.005083006910076428
2018-06-29,0.000918166881133735
2018-07-02,0.005521345151841099
2018-07-03,-0.005567418928273778
2018-07-05,-0.0018917988967854212
2018-07-06,0.0017856306290844398
2018-07-09,0.0042743748057132895
2018-07-10,-6.727968259149803e-05
2018-07-11,0.0030371909262336873
2018-07-12,0.00938739407117135
2018-07-13,-0.002470504504475885
2018-07-16,-0.0021528254082805822
2018-07-17,0.0027871490749701304
2018-07-18,0.003610438484615856
2018-07-19,0.0005670085135163919
2018-07-20,0.004735768901760897
2018-07-23,0.00557165386230229
2018-07-24,-0.008474081465634399
2018-07-25,0.006580627667187748
2018-07-26,-0.0034607649411329926
2018-07-27,-0.013176164709596028
2018-07-30,-0.016124174491901715
2018-07-31,-0.002466010894243585
2018-08-01,0.012491861832775168
2018-08-02,0.018429888194355603
2018-08-03,-0.006951803408004635
2018-08-06,0.006622112666071059
2018-08-07,0.0041811958232691295
2018-08-08,0.008246097624119554
2018-08-09,0.004243036710717863
2018-08-10,0.011506525047869422
2018-08-13,0.0006603932949501663
2018-08-14,0.0031115444448776564
2018-08-15,-0.005690488915562852
2018-08-16,-0.004496557757402337
2018-08-17,-0.00033460110014056545
2018-08-20,0.004262020314788816
2018-08-21,0.002073585233189094
2018-08-22,0.011553428728778082
2018-08-23,0.009984251619468526
2018-08-24,0.004669884142555546
2018-08-27,-0.004075654902689429
2018-08-28,0.002329305319636274
2018-08-29,0.0034701255599276113
2018-08-30,0.005552312408458805
2018-08-31,0.004419675859753714
2018-09-04,0.010721164027303548
2018-09-05,-0.01185275866479859
2018-09-06,0.008492085248952768
2018-09-07,0.0048717160164886445
2018-09-10,0.004634287282637497
2018-09-11,0.007750332285658257
2018-09-12,0.0007422196669846165
2018-09-13,-0.0005134403897262517
2018-09-14,-0.001818613784596158
2018-09-17,-0.009677234591654399
2018-09-18,0.005449918626708308
2018-09-19,-0.013141189549449993
2018-09-20,-0.00300066180828274
2018-09-21,-0.0004187328289738713
2018-09-24,0.012370477873435823
2018-09-25,0.01195624101577407
2018-09-26,0.0041094000174322605
2018-09-27,0.0029292112232702644
2018-09-28,0.004294406373674285
2018-10-01,-0.0007333928397117225
2018-10-02,-0.008926779589729449
2018-10-03,-0.0008060003055932765
2018-10-04,-0.006634059001642199
2018-10-05,0.0039220184822230005
2018-10-09,0.010912897650113862
2018-10-10,-0.01297065082324772
2018-10-11,0.005085636598219041
2018-10-12,0.017937004398663706
2018-10-15,-0.0037411858689214575
2018-10-16,0.01006545038016041
2018-10-17,0.0006409465561037805
2018-10-18,0.005665875885783886
2018-10-19,-0.00734400010130353
2018-10-22,0.017432747355284137
2018-10-23,-0.006446538695154307
2018-10-24,0.0018609131711758223
2018-10-25,-0.00553644671399553
2018-10-26,-0.0003445678798950358
2018-10-29,-0.0030786696577791667
2018-10-30,-0.0052563358250431146
2018-10-31,0.006681681447123444
2018-11-01,-0.016750971293885454
2018-11-02,0.0022736083451392586
2018-11-05,0.0014724316528315073
2018-11-06,-0.001515132391989994
2018-11-07,0.009697653877767283
2018-11-08,0.009138833676950751
2018-11-09,0.007000705228488298
2018-11-13,-0.006591973939132889
2018-11-14,-0.004912063045444805
2018-11-15,-0.0014922150138732253
2018-11-16,0.0025861110812234202
2018-11-19,-0.009497966165676767
2018-11-20,-0.0028607945822760952
2018-11-21,-0.0030050707435710367
2018-11-23,0.0032540369267203277
2018-11-26,-0.00388059116917407
2018-11-27,0.00803323541983993
2018-11-28,0.005825458986929433
2018-11-29,0.011051225361086107
2018-11-30,-0.0014673305491006792
2018-12-03,-0.004754141372644398
2018-12-04,0.02225870516586615
2018-12-06,0.009871407388334386
2018-12-07,0.002830274974648068
2018-12-10,0.012572273853324961
2018-12-11,0.008314664971273863
2018-12-12,-0.004262992965396506
2018-12-13,0.009081532235357546
2018-12-14,-0.0018354802336035293
2018-12-17,-0.014461949092720437
2018-12-18,0.002911900629104668
2018-12-19,0.008081546545445926
2018-12-20,0.0001751357224439691
2018-12-21,0.007613210462990221
2018-12-24,-0.004751841322358209
2018-12-26,-0.003385792291293502
2018-12-27,0.000852301553143137
2018-12-28,0.003143098041304247
2018-12-31,0.0025597791411568396
2019-01-02,-0.02601437704547976
2019-01-03,0.005343192310685509
2019-01-04,-0.01255929721248298
2019-01-07,0.0005987296968623535
2019-01-08,0.007871270033864002
2019-01-09,-0.007354915662957811
2019-01-10,0.0023993416468453864
2019-01-11,-0.0030556996956742125
2019-01-14,-0.0008949654622463958
2019-01-15,0.01252623449094641
2019-01-16,-0.0052533004141181484
2019-01-17,-0.0012692774587892463
2019-01-18,-0.007849182183727295
2019-01-22,0.01015093976288662
2019-01-23,0.00624877833532064
2019-01-24,-0.013122192355645317
2019-01-25,-0.010965524807635017
2019-01-28,-0.0005969938694295662
2019-01-29,-0.001632940049697757
2019-01-30,0.0019364378277761697
2019-01-31,0.004235525197158391
2019-02-01,0.0002945634839655034
2019-02-04,-0.0009380253427324339
2019-02-05,0.0016237358165537641
2019-02-06,-0.0003525164488984606
2019-02-07,0.013341568793008554
2019-02-08,0.00890227459206861
2019-02-11,0.0017780361144373808
2019-02-12,-0.005722075614137444
2019-02-13,-0.0034155095729001047
2019-02-14,0.005165077433463191
2019-02-15,-0.005885823057259362
2019-02-19,-0.004321600716649256
2019-02-20,-0.0037465081958555726
2019-02-21,0.007870779219691898
2019-02-22,0.006444839377206295
2019-02-25,-0.0026743994629628374
2019-02-26,0.00032763305799041577
2019-02-27,0.006054821890664742
2019-02-28,0.004787104540928002
2019-03-01,0.0034069330072996964
2019-03-04,-0.00024985575496058905
2019-03-05,0.005609633098364449
2019-03-06,0.005517002568699139
2019-03-07,0.007906505429226657
2019-03-08,0.0012161109652138265
2019-03-11,-0.0015619994096969809
2019-03-12,0.002223831003088107
2019-03-13,-0.0031644869657836625
2019-03-14,0.002712994609847268
2019-03-15,0.002800299851419283
2019-03-18,-0.004660677140148657
2019-03-19,0.003934678610598728
2019-03-20,0.010777721478939975
2019-03-21,0.0038530156459813045
2019-03-22,0.01067046641406117
2019-03-25,0.006459576934197306
2019-03-26,-0.003192477470155791
2019-03-27,-0.0040546397723243
2019-03-28,-0.001648107882996316
2019-03-29,-0.001129801317546253
2019-04-01,-0.009900056144585398
2019-04-02,0.00649418186385857
2019-04-03,8.350751856323665e-05
2019-04-04,-0.01148505841958006
2019-04-05,-0.0031278293951703152
2019-04-08,0.00010123176463133895
2019-04-09,0.008393099350007534
2019-04-10,0.0010597759547923543
2019-04-11,0.0007328418159220487
2019-04-12,-0.004927287598803611
2019-04-15,0.0047563682855634
2019-04-16,-0.004919366583825953
2019-04-17,-0.001961714583348524
2019-04-18,0.0032034139290395384
2019-04-22,0.0037704242476576024
2019-04-23,-0.0018215089822865623
2019-04-24,0.003833997501112772
2019-04-25,0.008857491991217176
2019-04-26,0.00018115200255626723
2019-04-29,-0.00500846214513773
2019-04-30,0.005416285512433164
2019-05-01,0.0019350550272017285
2019-05-02,0.0043054098608314535
2019-05-03,-0.000580935108512138
2019-05-06,0.0037419746312194625
2019-05-07,0.006233697437243332
2019-05-08,0.0052945251152015805
2019-05-09,0.00476987931039975
2019-05-10,0.00906341069227874
2019-05-13,0.012463932797712678
2019-05-14,0.0005789731428636185
2019-05-15,0.003914890701934765
2019-05-16,0.007640635966132079
2019-05-17,0.00778674390929154
2019-05-20,1.7145220966421904e-05
2019-05-21,-0.006053628589284215
2019-05-22,0.009435423718388418
2019-05-23,0.007822016586378319
2019-05-24,-0.0011419610864767565
2019-05-28,0.0068583047303457075
2019-05-29,-0.0012341416720531217
2019-05-30,0.012315544579718351
2019-05-31,0.01106988993994714
2019-06-03,-0.00538164182349509
2019-06-04,-0.013147821790323783
2019-06-05,0.016449161197192037
2019-06-06,0.005569932867915504
2019-06-07,0.004727728967080838
2019-06-10,-0.0049272710766443285
2019-06-11,-0.0069189382407435105
2019-06-12,0.011351242763252178
2019-06-13,-0.00881985876444839
2019-06-14,0.007849851849469075
2019-06-17,-0.0030420631381272933
2019-06-18,-0.008613812178839306
2019-06-19,0.00613998958349952
2019-06-20,-0.0036840982113317284
2019-06-21,-0.004803724347659074
2019-06-24,0.005619670787374145
2019-06-25,-0.0022167387669064734
2019-06-26,-0.01482987937744326
2019-06-27,0.00030549410610302384
2019-06-28,-0.0038629202245187427
2019-07-01,0.0008955367870564753
2019-07-02,0.011537182848169432
2019-07-03,0.0014643375745499107
2019-07-05,0.0006625316453695404
2019-07-08,0.004289100063661894
2019-07-09,0.0037777724310290037
2019-07-10,0.0028200023964379036
2019-07-11,-0.0013734985686165494
2019-07-12,-0.005818325952420958
2019-07-15,0.004116579763995395
2019-07-16,-0.0023321147935458303
2019-07-17,0.009202299472208615
2019-07-18,0.0036116283910970597
2019-07-19,-0.01071108419049626
2019-07-22,0.0030881135903085277
2019-07-23,-0.009476694589982956
2019-07-24,-0.0005457355427118844
2019-07-25,0.011020911303831602
2019-07-26,0.0015195276891473352
2019-07-29,0.0014320500869053942
2019-07-30,-0.0064027292837136925
2019-07-31,-0.0001866217232924603
2019-08-01,0.019869503229135742
2019-08-02,0.010200143375198464
2019-08-05,0.008144195163644577
2019-08-06,0.01864933961391308
2019-08-07,0.011573593558583097
2019-08-08,0.004889857821486071
2019-08-09,0.012398421996341962
2019-08-12,0.007962206711139688
2019-08-13,-0.003110709785161918
2019-08-14,0.011153927242178657
2019-08-15,0.019763851748225335
2019-08-16,-0.007798046951231378
2019-08-19,-0.0044896977447338605
2019-08-20,0.005020283688677367
2019-08-21,0.0010904194564864038
2019-08-22,0.0031843499492406895
2019-08-23,0.008052331116277487
2019-08-26,0.004537103568017758
2019-08-27,0.01226838272240132
2019-08-28,-0.008855315851136667
2019-08-29,-0.006709196114750597
2019-08-30,-0.007941345242519434
2019-09-03,0.011155368295648213
2019-09-04,-0.0015623442643927735
2019-09-05,-0.01864570893739931
2019-09-06,-0.00016457940377719352
2019-09-09,-0.034176761889348165
2019-09-10,-0.03253550605115397
2019-09-11,-0.007240913836692172
2019-09-12,0.0114592133688801
2019-09-13,-0.00995919222897452
2019-09-16,-0.006190795905559354
2019-09-17,0.024476347711636627
2019-09-18,0.005589959092550547
2019-09-19,0.0030523554314234686
2019-09-20,-0.00021450663315505068
2019-09-23,0.0033000249536675273
2019-09-24,0.010161907901052541
2019-09-25,-0.0026256108941579313
2019-09-26,0.009077696727407283
2019-09-27,-0.012596636704394225
2019-09-30,-0.00036107299843143956
2019-10-01,0.006659238199505016
2019-10-02,0.005283253993371272
2019-10-03,0.004853953241022311
2019-10-04,0.0069356667820499925
2019-10-07,-0.0004324174955692567
2019-10-08,0.006290858370240588
2019-10-09,0.004814580270088487
2019-10-10,-0.001406722366994891
2019-10-11,-0.01292633475909835
2019-10-15,-0.00426112618677158
2019-10-16,-1.4433875317140278e-06
2019-10-17,-0.0002563964022597636
2019-10-18,0.0003977388708048513
2019-10-21,-0.0024970851948084554
2019-10-22,-0.020747070376442717
2019-10-23,-0.003529797276901377
2019-10-24,0.009758980302185055
2019-10-25,-0.005322961779420153
2019-10-28,0.0006570352364443589
2019-10-29,-0.0025014315480390557
2019-10-30,0.005684868637172334
2019-10-31,0.002528067331816969
2019-11-01,0.0004800151760102015
2019-11-04,-0.01246784138002932
2019-11-05,-0.005646493442467452
2019-11-06,0.010118110652374395
2019-11-07,-0.00039601250432016273
2019-11-08,0.0007967078590108488
2019-11-12,0.0026819170327031425
2019-11-13,0.007172039050482642
2019-11-14,0.006161960908674935
2019-11-15,-0.003619440453692461
2019-11-18,0.0058833451174095585
2019-11-19,-0.0006239529004494961
2019-11-20,0.0018676140627337796
2019-11-21,-0.0053696567828034015
2019-11-22,-0.006957577752367589
2019-11-25,-0.0014301497880350473
2019-11-26,0.006302561576397792
2019-11-27,-0.0013043581900728032
2019-11-29,-0.0012196499412986212
2019-12-02,-0.0018107108276045648
2019-12-03,0.002529634513587822
2019-12-04,-0.00185831532236344
2019-12-05,0.003449188521191407
2019-12-06,-0.002376871528677294
2019-12-09,-0.0029029624792642128
2019-12-10,0.0022066248523940047
2019-12-11,0.0046861997899047105
2019-12-12,-0.0028761685696796144
2019-12-13,0.005296285268600945
2019-12-16,0.003172392065979572
2019-12-17,-0.0004958131161695765
2019-12-18,-0.0021263963114628325
2019-12-19,0.0025493815476013374
2019-12-20,6.070945618773336e-05
2019-12-23,-0.0026371074998803555
2019-12-24,0.0022012447481156217
2019-12-26,0.0004158317623808262
2019-12-27,0.0015736401861775433
2019-12-30,-0.0016036294581862473
2019-12-31,-0.0040470699889626795
2020-01-02,0.010026501565433301
2020-01-03,0.0009320140870848299
2020-01-06,3.37881858365344e-05
2020-01-07,0.004092874217673695
2020-01-08,0.0023878490415795454
2020-01-09,0.004491959835429734
2020-01-10,0.000594804175304612
2020-01-13,0.004127985353364947
2020-01-14,-0.006158209053647815
2020-01-15,0.0004799749611823158
2020-01-16,0.00416802707452865
2020-01-17,0.004517240484244116
2020-01-21,0.007004199847871253
2020-01-22,0.0074629026953516656
2020-01-23,8.86652711327542e-05
2020-01-24,-0.0008525555435290166
2020-01-27,0.0008256450353104593
2020-01-28,0.010786135709529151
2020-01-29,0.004572709889451284
2020-01-30,0.003785333706546103
2020-01-31,-0.007272869617869953
2020-02-03,0.006328324389103952
2020-02-04,0.004667132570121031
2020-02-05,-0.013729573363059466
2020-02-06,0.006464053289070857
2020-02-07,0.004274953402888222
2020-02-10,0.008642575937957305
2020-02-11,0.00036883073797923036
2020-02-12,-0.00024502979610927997
2020-02-13,0.010782670576665807
2020-02-14,0.007214570491298219
2020-02-18,0.003924947618326788
2020-02-19,0.0033600439005736287
2020-02-20,-0.006602050566763129
2020-02-21,-0.00551014213133005
2020-02-24,0.0026147977275128506
2020-02-25,0.005874739725956431
2020-02-26,0.007723054023229896
2020-02-27,-0.006221615881969733
2020-02-28,-0.0002996940657278204
2020-03-02,0.025036568903727466
2020-03-03,0.013116361111546938
2020-03-04,0.023700176993967453
2020-03-05,0.021785695845425106
2020-03-06,0.01121172374282101
2020-03-09,0.0565769639996561
2020-03-10,-0.014187559366119616
2020-03-11,0.031740344056135274
2020-03-12,0.03254676068614634
2020-03-13,-0.009598609951474268
2020-03-16,0.04170472697717209
2020-03-17,0.06999946295300546
2020-03-18,0.06308977476375192
2020-03-19,-0.06542748268820571
2020-03-20,-0.030839660365442625
2020-03-23,0.00860455353140947
2020-03-24,-0.05047149816502154
2020-03-25,-0.04035381414672447
2020-03-26,0.015164187171371371
2020-03-27,0.025428868597806242
2020-03-30,0.029802453721507124
2020-03-31,-0.00871583401651237
2020-04-01,0.038539718555964296
2020-04-02,0.021296343880193833
2020-04-03,0.015658911288515917
2020-04-06,-0.04153252453170844
2020-04-07,-0.04134399849237144
2020-04-08,-0.03376849410998138
2020-04-09,-0.027785457955018168
2020-04-13,0.023406710899864902
2020-04-14,0.027866367118873227
2020-04-15,0.04555031215528556
2020-04-16,0.05103221953909459
2020-04-17,-0.05435211689645844
2020-04-20,0.015404903260559585
2020-04-21,-0.00035714605199336016
2020-04-22,0.007660134405207072
2020-04-23,-0.020234299857801178
2020-04-24,-0.002106245218233731
2020-04-27,-0.03250217436728907
2020-04-28,-0.04301850516210595
2020-04-29,-0.05139085546518774
2020-04-30,0.029723992022047493
2020-05-01,0.030427750810016387
2020-05-04,0.012532873237835803
2020-05-05,0.025579143066658327
2020-05-06,0.026482954881333405
2020-05-07,-0.013065793716838268
2020-05-08,-0.028308797783981238
2020-05-11,0.042168854198116335
2020-05-12,0.015057913255728327
2020-05-13,0.03396577758710021
2020-05-14,-0.016417368996918893
2020-05-15,0.011299000869947695
2020-05-18,-0.07086019346201525
2020-05-19,0.011830024875747483
2020-05-20,-0.016941111091269525
2020-05-21,-0.007895343073496578
2020-05-22,0.010986039176655592
2020-05-26,-0.06030061225143926
2020-05-27,-0.02498868550564441
2020-05-28,0.032952634397179464
2020-05-29,0.0328382149277198
2020-06-01,-0.016211109677685055
2020-06-02,-0.01003617262770994
2020-06-03,-0.04249408600297623
2020-06-04,-0.029596836214741698
2020-06-05,-0.03618110222311641
2020-06-08,-0.03103211007299856
2020-06-09,0.0365344361905216
2020-06-10,0.04764569056426163
2020-06-11,0.03571634828920579
2020-06-12,-0.024258854873394485
2020-06-15,0.0033417718601450423
2020-06-16,-0.00416096061369587
2020-06-17,0.026387626139171737
2020-06-18,-0.0012827461576016706
2020-06-19,0.022936571515046297
2020-06-22,0.009393858127873935
2020-06-23,-0.004472942871293878
2020-06-24,0.021951882301760615
2020-06-25,0.0012070057936187338
2020-06-26,0.01136246921627872
2020-06-29,-0.017301764990569953
2020-06-30,0.009112803251785581
2020-07-01,0.01298022944855786
2020-07-02,0.0016336172690680278
2020-07-06,0.0029323646389259467
2020-07-07,0.025685315134341573
2020-07-08,0.008981309182068284
2020-07-09,0.03701651397746693
2020-07-10,-0.029245816794217214
2020-07-13,-0.019290627844725166
2020-07-14,0.011057298031472144
2020-07-15,-0.027149918424010266
2020-07-16,0.00031414980395949805
2020-07-17,0.015798719609398833
2020-07-20,0.029530532491728583
2020-07-21,-0.025162336939616774
2020-07-22,0.001069505747607215
2020-07-23,-0.011168394466051623
2020-07-24,0.0009653030525465381
2020-07-27,0.024006478846068595
2020-07-28,-0.009650309383857037
2020-07-29,-0.0001810837644461577
2020-07-30,0.014142022682425273
2020-07-31,0.010291067462153554
2020-08-03,0.013425448407969786
2020-08-04,-0.002372216606326285
2020-08-05,1.4563882432231876e-05
2020-08-06,0.000679538610131452
2020-08-07,-0.015041241446998416
2020-08-10,-0.027688860488751185
2020-08-11,-0.016169655714491624
2020-08-12,0.023440308770938018
2020-08-13,0.015579980297331803
2020-08-14,-0.008980470116131931
2020-08-17,0.020007548256855204
2020-08-18,0.011594337767643764
2020-08-19,0.004621774716067088
2020-08-20,0.010726769022634919
2020-08-21,0.0045437505047605485
2020-08-24,-0.026578001168019876
2020-08-25,0.006459756052273135
2020-08-26,0.025305211535044912
2020-08-27,-0.02319797894920339
2020-08-28,-0.009423235439136136
2020-08-31,0.019645911814876117
2020-09-01,0.015691357449751288
2020-09-02,-0.004462496442062097
2020-09-03,-0.03360249893022142
2020-09-04,-0.01848373936886015
2020-09-08,-0.0011106431728648766
2020-09-09,0.025849827012057482
2020-09-10,0.0031751691369422234
2020-09-11,-0.002933422964426583
2020-09-14,-0.006700626239441215
2020-09-15,0.016441683491298858
2020-09-16,-0.025794603952054164
2020-09-17,-0.004345899907681727
2020-09-18,0.006850993679122576
2020-09-21,0.027328542769343413
2020-09-22,0.012918201485042743
2020-09-23,0.0024504306255213534
2020-09-24,-0.00035711726838777175
2020-09-25,0.0066640644233877545
2020-09-28,-0.003895992173513999
2020-09-29,0.011052057609641168
2020-09-30,-0.001116044965809338
2020-10-01,0.009415045129026215
2020-10-02,-0.020457667439658746
2020-10-05,0.002897962978795302
2020-10-06,-0.002495248381001165
2020-10-07,0.005057156026577704
2020-10-08,-0.015201161411710618
2020-10-09,0.01731836623839013
2020-10-13,0.01922180485564925
2020-10-14,-0.001001314093082541
2020-10-15,-0.0029328863483861914
2020-10-16,0.005925487779618368
2020-10-19,0.0016892191679917998
2020-10-20,-0.004982980235428425
2020-10-21,-0.0016286522030758638
2020-10-22,-0.02379770242028785
2020-10-23,0.0038534172146466126
2020-10-26,0.010779883187565176
2020-10-27,0.02072242004964021
2020-10-28,0.003016191582492632
2020-10-29,-0.00765314616443063
2020-10-30,-0.018563446031503575
2020-11-02,-0.004581045432987624
2020-11-03,0.00349163248691918
2020-11-04,0.027266214527086642
2020-11-05,0.01610985741935339
2020-11-06,0.017697335255367874
2020-11-09,-0.10257305170888027
2020-11-10,-0.02238428808468849
2020-11-12,0.008893549848176337
2020-11-13,-0.01535929753720522
2020-11-16,-0.014842577254642494
2020-11-17,0.0013308702230694454
2020-11-18,0.005870698480229896
2020-11-19,0.003624994762726686
2020-11-20,0.0023907729005595455
2020-11-23,-0.015958150756514754
2020-11-24,-0.01944452428948735
2020-11-25,0.007460989491046638
2020-11-27,0.011870642159438574
2020-11-30,0.01671308544087961
2020-12-01,-0.00012830458891131824
2020-12-02,-0.008695731949220967
2020-12-03,-0.0009932300052077473
2020-12-04,-0.003546599127951489
2020-12-07,0.010890247189342412
2020-12-08,0.0012686552191368303
2020-12-09,-0.009201194516138145
2020-12-10,0.0022560939267447086
2020-12-11,0.0008834499422824688
2020-12-14,0.010725309890394384
2020-12-15,0.00046793855382041595
2020-12-16,0.0032896719179993125
2020-12-17,0.006676400209293587
2020-12-18,0.010023664969127096
2020-12-21,0.010099412246687898
2020-12-22,0.009978955960912987
2020-12-23,-0.007781095072307333
2020-12-24,0.00012296353367369662
2020-12-28,-0.002935489835295308
2020-12-29,-0.0018043625829473604
2020-12-30,0.0016030866350646667
2020-12-31,-0.004255990763522766
2021-01-04,0.004570128105405118
2021-01-05,0.010785386843659553
2021-01-06,0.008765335758090909
2021-01-07,0.021268444456025135
2021-01-08,0.004306981283384555
2021-01-11,0.006285692162591417
2021-01-12,0.0034512170443822174
2021-01-13,-0.009073396396992821
2021-01-14,0.0034153234207945017
2021-01-15,-0.01038752369163673
2021-01-19,0.008665287732816131
2021-01-20,0.0036167351439339015
2021-01-21,0.0034000813365641777
2021-01-22,-0.0015689322446006755
2021-01-25,-0.011942239479306425
2021-01-26,-0.011911702181761121
2021-01-27,-0.02037982418570692
2021-01-28,0.019307308266967846
2021-01-29,-0.0028167129990134265
2021-02-01,0.011540624136037759
2021-02-02,0.01438563333339921
2021-02-03,0.003570941137296649
2021-02-04,0.01341239173307578
2021-02-05,0.005703787722743237
2021-02-08,0.017347583660077215
2021-02-09,-0.00058957875332617
2021-02-10,0.004382020635885785
2021-02-11,0.011440632433118011
2021-02-12,0.01366490565796949
2021-02-16,0.013303909353810012
2021-02-17,-0.010483758216439099
2021-02-18,-0.01629163153560377
2021-02-19,0.024438660288638604
2021-02-22,-0.007467033373571928
2021-02-23,-0.003629013854854205
2021-02-24,0.01750205120194978
2021-02-25,-0.021114031596452244
2021-02-26,0.0192064413057845
2021-03-01,0.014933474227305761
2021-03-02,-0.0070170773607060935
2021-03-03,0.006202305452822502
2021-03-04,-0.015012883024475985
2021-03-05,0.0051843319381136704
2021-03-08,-0.0031564426579758394
2021-03-09,-0.0009428607997715365
2021-03-10,0.004612964945439765
2021-03-11,0.016831740821234075
2021-03-12,-0.0008986026830202238
2021-03-15,-0.0019185405793348612
2021-03-16,-0.016035599642372105
2021-03-17,0.014796029715111205
2021-03-18,-0.014301643088771333
2021-03-19,0.0012838071779215528
2021-03-22,-0.013400114361868824
2021-03-23,-0.031037478663320104
2021-03-24,-0.004852142653058764
2021-03-25,0.011113086887125841
2021-03-26,0.0032068091578257487
2021-03-29,-0.026447527835981623
2021-03-30,0.02454861186955539
2021-03-31,0.0031160067474897395
2021-04-01,0.009736246646019582
2021-04-05,-0.0004597344765161493
2021-04-06,0.0009886553049983223
2021-04-07,-0.0006202093022295383
2021-04-08,0.003576665350345439
2021-04-09,0.0030556804640107064
2021-04-12,-0.0025434201729054693
2021-04-13,-0.007965532329520318
2021-04-14,0.0072280174449790135
2021-04-15,-0.0107937983360758
2021-04-16,-0.0009822829871157417
2021-04-19,-0.0047680633132800385
2021-04-20,-0.027720684445661718
2021-04-21,0.015522478955038947
2021-04-22,-0.0023879700817254074
2021-04-23,0.01622115581246448
2021-04-26,0.01322983925108782
2021-04-27,0.009674098529168207
2021-04-28,0.004497330224565678
2021-04-29,-0.0022372242532002224
2021-04-30,-0.009562897089586705
2021-05-03,0.004320657020613954
2021-05-04,0.006216986505238493
2021-05-05,0.015831705517165062
2021-05-06,0.0037066315175913046
2021-05-07,0.013712131031997709
2021-05-10,-0.010242792280544269
2021-05-11,-0.006374096714587107
2021-05-12,-0.012681104957898877
2021-05-13,0.006618263944887303
2021-05-14,0.015082733872632698
2021-05-17,0.006135434348027993
2021-05-18,-0.008999970992934384
2021-05-19,-0.0053939977372701176
2021-05-20,-0.004216545233449686
2021-05-21,0.003597088081459971
2021-05-24,0.007684589541669758
2021-05-25,-0.00399459496607924
2021-05-26,0.009222951578677741
2021-05-27,0.013564226898690315
2021-05-28,-0.003680837342504008
2021-06-01,0.016818105419581494
2021-06-02,-0.006776141393211192
2021-06-03,0.0002559144250042422
2021-06-04,0.0005273728962325707
2021-06-07,0.0007285804320207867
2021-06-08,0.008600834513288767
2021-06-09,-0.010396447840209669
2021-06-10,-0.013592529072533402
2021-06-11,0.004559567267405888
2021-06-14,-0.011769102517376409
2021-06-15,0.0058244029733277095
2021-06-16,0.005170869903801166
2021-06-17,-0.02522425029573563
2021-06-18,-0.005113570794889938
2021-06-21,0.0156390404634884
2021-06-22,0.0009042574417828002
2021-06-23,0.009051413164126963
2021-06-24,0.005383241731525891
2021-06-25,-0.002896097545930912
2021-06-28,-0.01246385406334946
2021-06-29,0.001843893253804535
2021-06-30,0.006393151609244968
2021-07-01,0.0034143068723902145
2021-07-02,-0.00044867688640676945
2021-07-06,-0.0058050944796751
2021-07-07,-0.002988916375091042
2021-07-08,-0.003949328801261165
2021-07-09,0.013531985632163766
2021-07-12,0.007498915162862899
2021-07-13,-0.004739903930280559
2021-07-14,-0.00892499094356718
2021-07-15,-0.006812641002438008
2021-07-16,-0.014308325255259578
2021-07-19,-0.01043293869671947
2021-07-20,0.018892980043388023
2021-07-21,0.017442116567329843
2021-07-22,-0.0025152704589113603
2021-07-23,-0.0016911925563365604
2021-07-26,0.006323803173742604
2021-07-27,-0.008205061426947581
2021-07-28,0.00692441369198489
2021-07-29,0.00640119903859904
2021-07-30,-0.0016613270511663834
2021-08-02,0.0031296757860510057
2021-08-03,0.013181000274345744
2021-08-04,0.010268451605292469
2021-08-05,0.008144694541959058
2021-08-06,0.0026608804635723463
2021-08-09,0.001387377213611087
2021-08-10,0.002256503109557543
2021-08-11,-0.0003501507560012109
2021-08-12,0.0062154526836314915
2021-08-13,-0.0030445474716801427
2021-08-16,-0.0029243860804415893
2021-08-17,-0.011111320604261543
2021-08-18,0.0037144108550809535
2021-08-19,-0.0027940805274108953
2021-08-20,0.004705937479818983
2021-08-23,0.006130357060735889
2021-08-24,0.0063159266623080395
2021-08-25,0.009486420751293256
2021-08-26,0.001186493017976846
2021-08-27,0.006069792745439052
2021-08-30,0.00017991222176841847
2021-08-31,-0.006037350125468934
2021-09-01,-0.004183292587967187
2021-09-02,0.003297616430940023
2021-09-03,0.003946688479247228
2021-09-07,0.003964229856076446
2021-09-08,-0.00824847131530687
2021-09-09,0.00663438674320632
2021-09-10,0.004798837741514421
2021-09-13,-0.0033743533870114234
2021-09-14,0.0035922944953243937
2021-09-15,0.010667656448588674
2021-09-16,0.002419129992367417
2021-09-17,-0.003031010403491987
2021-09-20,-0.010719076968512039
2021-09-21,0.006012355837410336
2021-09-22,0.010917841648327747
2021-09-23,0.011462030974883936
2021-09-24,-0.000386003654220667
2021-09-27,-0.001792882316198347
2021-09-28,-0.01129863989701925
2021-09-29,-0.007162289607534383
2021-09-30,-0.00035211975891656297
2021-10-01,0.008602561537137966
2021-10-04,-0.006127633033510533
2021-10-05,0.009624789505264407
2021-10-06,-0.004274687964499372
2021-10-07,0.007408885094915198
2021-10-08,0.005801251972947427
2021-10-12,0.004223118038363222
2021-10-13,-0.0025261661046387706
2021-10-14,0.001616864817231039
2021-10-15,0.0035039543392989202
2021-10-18,0.011855268920280137
2021-10-19,-0.0021463117263493
2021-10-20,-0.0011871012224860655
2021-10-21,0.0020430343949136634
2021-10-22,0.00769650507275885
2021-10-25,0.006402501794742141
2021-10-26,-0.0007380231743594218
2021-10-27,-0.000132741541027475
2021-10-28,0.005351579733060595
2021-10-29,0.0035507996819008764
2021-11-01,-0.004166050018419128
2021-11-02,0.007954349329441793
2021-11-03,-0.003444215416153977
2021-11-04,0.0087094278496535
2021-11-05,-0.00812139708199682
2021-11-08,0.007756008801272734
2021-11-09,0.0007370516661565408
2021-11-10,-0.015056146925226662
2021-11-12,0.0018656337420551524
2021-11-15,-0.002662785754801585
2021-11-16,0.009369165924398529
2021-11-17,-0.0016043639466749877
2021-11-18,0.011345488304226313
2021-11-19,-0.0026144427290012134
2021-11-22,-0.0005197600880590008
2021-11-23,0.0015206561348933556
2021-11-24,0.008231852927952872
2021-11-26,-0.011367739080730289
2021-11-29,0.010820034472567859
2021-11-30,-0.0017942561273903944
2021-12-01,-0.0001114797335803365
2021-12-02,-0.0018225138488414082
2021-12-03,-0.012544852043393397
2021-12-06,-0.01386956334956757
2021-12-07,0.017319361432475033
2021-12-08,-0.001471594068761749
2021-12-09,-0.0021889965548636953
2021-12-10,0.012972380390162713
2021-12-13,-0.009653457540808062
2021-12-14,-0.0062448311930242
2021-12-15,0.010613434041131724
2021-12-16,-0.013022099321508171
2021-12-17,-0.004538202634334874
2021-12-20,-0.002279627073701343
2021-12-21,0.00440867001836371
2021-12-22,0.009621677991795544
2021-12-23,0.00012722520999190485
2021-12-27,0.013181133750099642
2021-12-28,-0.007339406944784273
2021-12-29,0.0020010445478037603
2021-12-30,-0.00755981581655537
2021-12-31,0.002634255221043015
2022-01-03,-0.0046456596866263295
2022-01-04,0.008789113797538786
2022-01-05,0.00047199378825560703
2022-01-06,0.007101131298722383
2022-01-07,-0.0063670806596314595
2022-01-10,0.0014237151660077135
2022-01-11,0.0008232182581610868
2022-01-12,0.008515916712110503
2022-01-13,-0.003883016239118846
2022-01-14,0.0011969485565254143
2022-01-18,0.0018497375551848952
2022-01-19,-0.00848699724771411
2022-01-20,-0.0014024637804407082
2022-01-21,0.0008087370855382539
2022-01-24,-1.0839610920907947e-05
2022-01-25,0.007327429109305859
2022-01-26,0.009084576872405974
2022-01-27,-0.0027740483696625552
2022-01-28,-0.0037270494634577787
2022-01-31,-0.006137108309546127
2022-02-01,0.0062575027323953
2022-02-02,0.015119765133234216
2022-02-03,0.015511494196609549
2022-02-04,0.003756190564330544
2022-02-07,0.005154040488779326
2022-02-08,0.003453220997148154
2022-02-09,-0.011504408920996953
2022-02-10,0.004647226059957618
2022-02-11,0.012212164218953356
2022-02-14,-0.0040316271157375475
2022-02-15,-0.003631661383201321
2022-02-16,0.004626071721157378
2022-02-17,0.006571063514754161
2022-02-18,0.0031825755957146217
2022-02-22,-0.00133535175240654
2022-02-23,0.005629894712819227
2022-02-24,-0.022014642329384482
2022-02-25,0.01178542797140087
2022-02-28,0.006735032018455246
2022-03-01,0.006367960935066752
2022-03-02,0.003865194354945301
2022-03-03,0.015252843898790051
2022-03-04,0.019976214920952612
2022-03-07,0.018973133527592348
2022-03-08,-0.00417810548054001
2022-03-09,-0.015223839186850552
2022-03-10,0.017034707593944848
2022-03-11,0.009755039783999626
2022-03-14,0.0033954919584506882
2022-03-15,-0.008671926784073743
2022-03-16,-0.021873671178616688
2022-03-17,0.0009718776536582485
2022-03-18,-0.006673730142875164
2022-03-21,0.020735733223025157
2022-03-22,-0.0062665068583779215
2022-03-23,0.016194412264009
2022-03-24,-0.0004952088840434726
2022-03-25,0.00909699822788657
2022-03-28,-0.007335543357648739
2022-03-29,-0.019581946432537686
2022-03-30,0.011978205771012796
2022-03-31,0.006306687812463588
2022-04-01,0.005313588656973655
2022-04-04,-0.012099538696037353
2022-04-05,0.014061826621881063
2022-04-06,0.022411368224408423
2022-04-07,0.010271334608101156
2022-04-08,0.008966008106098981
2022-04-11,-0.003142042531260155
2022-04-12,0.010281184537763678
2022-04-13,-0.0026922300725801956
2022-04-14,0.011671578285923568
2022-04-18,0.005960793764828146
2022-04-19,-0.02291295784950209
2022-04-20,0.012486725850866975
2022-04-21,0.00018752630820268595
2022-04-22,0.0020760190914882494
2022-04-25,-0.012053454791428797
2022-04-26,0.016295790125272082
2022-04-27,0.004230942230046989
2022-04-28,-0.010123868926170428
2022-04-29,-0.0015059042272757978
2022-05-02,-0.017019894535785722
2022-05-03,0.006855638639700885
2022-05-04,-0.006783344480915169
2022-05-05,0.024875501682993736
2022-05-06,0.027039126916310583
2022-05-09,-0.0001841151774322411
2022-05-10,0.001371618407291396
2022-05-11,0.024428164066986703
2022-05-12,-0.01151099165790176
2022-05-13,-0.015648838575794504
2022-05-16,0.020502003146961423
2022-05-17,-0.016341201312351384
2022-05-18,0.006399326562004509
2022-05-19,-0.010482039297193501
2022-05-20,-0.005502642553459726
2022-05-23,0.008427464839771377
2022-05-24,0.0269617755377586
2022-05-25,-0.008314461712999842
2022-05-26,-0.016921825551425886
2022-05-27,-0.010014771014547251
2022-05-31,-0.004867515252752405
2022-06-01,0.010919241389788588
2022-06-02,-0.025532348441912794
2022-06-03,0.01603424349391586
2022-06-06,0.0031995870233904253
2022-06-07,0.004158429170499283
2022-06-08,-0.0007438035082654622
2022-06-09,0.0045560591788940015
2022-06-10,0.020648660207638787
2022-06-13,0.011154706144465176
2022-06-14,3.518790944038747e-05
2022-06-15,-0.018495604852700437
2022-06-16,0.015378415249591715
2022-06-17,-0.019732091752784987
2022-06-21,0.01721454077504296
2022-06-22,-0.008695635871174428
2022-06-23,-0.017266516004911345
2022-06-24,-0.0141171380858491
2022-06-27,0.0158295870300155
2022-06-28,0.01802847074549117
2022-06-29,0.00021786740726366122
2022-06-30,0.007879769316244891
2022-07-01,-0.0010144152523166045
2022-07-05,-0.028377047435888918
2022-07-06,0.008991120904664252
2022-07-07,-0.01032050696164661
2022-07-08,0.008372744216503839
2022-07-11,0.01670326260495582
2022-07-12,-0.005347756499667046
2022-07-13,0.002800553336140037
2022-07-14,0.0033264232943283146
2022-07-15,-0.01568166441003437
2022-07-18,-0.004725896162132884
2022-07-19,-0.019847784478661902
2022-07-20,-0.01836799366804636
2022-07-21,-0.011783808464508261
2022-07-22,0.009211061541354832
2022-07-25,0.016523631843395285
2022-07-26,0.012679054432646369
2022-07-27,-0.022636351481393643
2022-07-28,-0.0015055361255675824
2022-07-29,0.0033119332660612785
2022-08-01,-0.004300873502888098
2022-08-02,0.0038656882939987584
2022-08-03,-0.013335035515621606
2022-08-04,-0.004505705459288243
2022-08-05,0.011489257704227708
2022-08-08,-0.0010926270086857566
2022-08-09,0.022321082765646164
2022-08-10,-0.01884562876865303
2022-08-11,0.0005701325458180289
2022-08-12,-0.0037923843860331805
2022-08-15,0.0024316569742182173
2022-08-16,-0.00034213218470944564
2022-08-17,0.016887578769366855
2022-08-18,0.006255711059523146
2022-08-19,0.015712560589848823
2022-08-22,0.016457194479834545
2022-08-23,0.007043139937814813
2022-08-24,0.0029404581682870076
2022-08-25,-0.010134675995801846
2022-08-26,0.020256892523461835
2022-08-29,0.00852580552968702
2022-08-30,-0.008107081696817214
2022-08-31,0.0011742119293442288
2022-09-01,0.0021084079413562495
2022-09-02,0.005060280181121944
2022-09-06,0.0058359007372959255
2022-09-07,-0.008195996292671148
2022-09-08,-0.005404189980900044
2022-09-09,-0.011644207994016421
2022-09-12,-0.005731414821199902
2022-09-13,0.020977988323126452
2022-09-14,0.008791712719439591
2022-09-15,-0.003946265128468754
2022-09-16,0.011050225894600873
2022-09-19,0.005788343483174875
2022-09-20,0.010944577381966678
2022-09-21,0.00944719397840856
2022-09-22,0.014021556663452058
2022-09-23,-0.009343508598392048
2022-09-26,0.0011237565002628208
2022-09-27,0.0029200015823719703
2022-09-28,-0.00397435891783212
2022-09-29,0.004728411076036245
2022-09-30,0.0011944486881026728
2022-10-03,0.0015650354688378568
2022-10-04,-0.004986888642157683
2022-10-05,0.007013370783279989
2022-10-06,0.006494571288006434
2022-10-07,0.02047926903440712
2022-10-11,0.011041807861926175
2022-10-12,-0.004278718583195437
2022-10-13,-0.0012142460046786485
2022-10-14,-0.001170274110678677
2022-10-17,-0.014636635768395655
2022-10-18,0.004409332592339409
2022-10-19,0.01379583177603393
2022-10-20,0.001047376422873435
2022-10-21,0.0012334190617630143
2022-10-24,0.004336507184718845
2022-10-25,-0.02093329855779695
2022-10-26,0.009269149599426117
2022-10-27,0.013121982380929497
2022-10-28,-0.0018033827010420153
2022-10-31,0.007735835529709847
2022-11-01,0.006506828167355343
2022-11-02,0.013505928053607626
2022-11-03,0.024732078888157656
2022-11-04,-0.003876470143885289
2022-11-07,-0.004068818029506872
2022-11-08,-0.0010220911841742385
2022-11-09,0.000517572087122279
2022-11-10,-0.054513881268858644
2022-11-14,0.01631350155727741
2022-11-15,-0.005430023936366797
2022-11-16,0.01971137376855678
2022-11-17,0.013302327222926649
2022-11-18,0.0033634444904409658
2022-11-21,0.004618506080857579
2022-11-22,-0.00015545196264989299
2022-11-23,-0.01083794628011847
2022-11-25,0.0029035054649805842
2022-11-28,0.007808657987624411
2022-11-29,-0.0011342379717702027
2022-11-30,-0.016076991638625256
2022-12-01,-0.0037267366251773223
2022-12-02,0.011035623112361285
2022-12-05,0.009281888802930167
2022-12-06,0.010125021107487496
2022-12-07,0.004260872145526182
2022-12-08,-0.007822517925667398
2022-12-09,-0.011944973435709095
2022-12-12,0.0010278282663758829
2022-12-13,-0.011553801351762033
2022-12-14,0.010760552592592941
2022-12-15,0.01273349375657102
2022-12-16,0.00915687786355173
2022-12-19,0.009400084357746901
2022-12-20,0.00607331799668019
2022-12-21,-0.002160535780135746
2022-12-22,0.0023169016067639894
2022-12-23,0.0029352543321492118
2022-12-27,0.006471144599792407
2022-12-28,9.146584543814895e-05
2022-12-29,-0.020504636525816487
2022-12-30,0.003084501869262695
2023-01-03,-0.010529234651430564
2023-01-04,-0.01526167755444106
2023-01-05,0.013741493088058134
2023-01-06,-0.0037926277755993866
2023-01-09,-0.010616229208310776
2023-01-10,9.564931893981526e-05
2023-01-11,-0.009585969628798045
2023-01-12,-0.001727134228444136
2023-01-13,0.004267132509031491
2023-01-17,-0.00659260034579019
2023-01-18,0.0009171894821762873
2023-01-19,0.0005427246022132407
2023-01-20,-0.013972517066051276
2023-01-23,-0.012680237231832784
2023-01-24,0.009696398799690026
2023-01-25,-0.0019279938759289412
2023-01-26,-0.0012554879466071846
2023-01-27,-0.014337372391812375
2023-01-30,0.005559002808938092
2023-01-31,-0.006493150785231751
2023-02-01,-0.004868045918428701
2023-02-02,-0.022098903870419833
2023-02-03,0.01400000410858725
2023-02-06,0.004821108845561547
2023-02-07,0.004260880029216216
2023-02-08,0.004185095488499071
2023-02-09,0.00835820732663969
2023-02-10,0.004137007434711188
2023-02-13,0.0021844531914504937
2023-02-14,0.0027484372970472556
2023-02-15,-0.0026802506694614666
2023-02-16,0.002489053033398053
2023-02-17,-0.0041261986729852936
2023-02-21,0.005847534032895493
2023-02-22,-0.003442102906208546
2023-02-23,0.0045793246603498825
2023-02-24,0.006864596956556842
2023-02-27,0.0024340623904849897
2023-02-28,0.0005313799003764438
2023-03-01,0.006809894300111378
2023-03-02,0.004190567438793239
2023-03-03,0.0010190672514994552
2023-03-06,0.005191343908505605
2023-03-07,0.011298915226393667
2023-03-08,0.0009578647750503782
2023-03-09,0.012498349726537676
2023-03-10,0.009007329999351048
2023-03-13,0.01134760863246764
2023-03-14,0.008075219843511418
2023-03-15,-0.009266206830296273
2023-03-16,0.004202878028626452
2023-03-17,0.006441438192458359
2023-03-20,0.0028044659195036285
2023-03-21,-0.004678877697993845
2023-03-22,0.01278709083066086
2023-03-23,0.009259734738406352
2023-03-24,-0.008131674427379774
2023-03-27,-0.0015321930058599395
2023-03-28,0.001465466287201732
2023-03-29,-0.007822445614848038
2023-03-30,0.0009177543041046059
2023-03-31,-0.0006713821563263181
2023-04-03,0.003526569049188953
2023-04-04,-0.0014864873271050651
2023-04-05,-0.0036415316090232536
2023-04-06,-0.006365925572961978
2023-04-10,-0.0001795186848127673
2023-04-11,-0.006145807035279334
2023-04-12,0.008308383600890026
2023-04-13,0.0016240523848995644
2023-04-14,0.007081111219959885
2023-04-17,-0.010877635556338104
2023-04-18,0.007086314454430537
2023-04-19,-0.0020542180286683533
2023-04-20,0.014313831878637733
2023-04-21,0.0038764280168393666
2023-04-24,0.000725092735647607
2023-04-25,0.004127258328089911
2023-04-26,0.0038201568719827108
2023-04-27,-0.006292582710288732
2023-04-28,-0.0060888452895525875
2023-05-01,0.01054949529609423
2023-05-02,0.020270146247539
2023-05-03,0.0015305436751089805
2023-05-04,0.0071065834408363775
2023-05-05,-0.00914719508389994
2023-05-08,0.005628156782886839
2023-05-09,0.004442144446743901
2023-05-10,0.009532123506610242
2023-05-11,0.0085122842032504
2023-05-12,0.006219069596606307
2023-05-15,-0.009263043351355034
2023-05-16,0.015695910270027855
2023-05-17,-0.012133434941893017
2023-05-18,0.0053903738653680675
2023-05-19,0.0015344404858683418
2023-05-22,-0.013580318825884858
2023-05-23,-0.016193915133214925
2023-05-24,0.01068483627444208
2023-05-25,0.017515124998474386
2023-05-26,0.0009094756457421801
2023-05-30,-0.0016210758536201481
2023-05-31,0.0037261116034995228
2023-06-01,0.005408441309049979
2023-06-02,-0.006694687378888748
2023-06-05,0.0039229518125118166
2023-06-06,-0.0049087639948991405
2023-06-07,-0.0169190212399423
2023-06-08,0.00926006647570128
2023-06-09,0.006037491734103589
2023-06-12,0.01230074493637255
2023-06-13,0.0002992480126762353
2023-06-14,0.010058392925328136
2023-06-15,-0.004066074980235857
2023-06-16,-0.003647995798715074
2023-06-20,0.007246625586761032
2023-06-21,0.0011757594181536013
2023-06-22,0.01075491338426774
2023-06-23,0.00361858738930425
2023-06-26,-0.011755319386029353
2023-06-27,0.010878565796102134
2023-06-28,0.005231414473866836
2023-06-29,-0.0035295645979375265
2023-06-30,0.005358968296948284
2023-07-03,-0.011767094765212167
2023-07-05,-0.0033819209213550748
2023-07-06,-0.0010182247291061625
2023-07-07,-0.001122264649478088
2023-07-10,0.014052349998632974
2023-07-11,-0.009186199945067338
2023-07-12,0.0020149236517533675
2023-07-13,0.0024729050527174286
2023-07-14,0.008713426200680314
2023-07-17,0.013181078136358776
2023-07-18,-0.0010356498834280378
2023-07-19,-0.01978194757063819
2023-07-20,-0.01519463248490811
2023-07-21,-0.006714319248192385
2023-07-24,-0.0056649342394265835
2023-07-25,0.008533497394511484
2023-07-26,-0.010981779558983587
2023-07-27,0.003909800462294988
2023-07-28,0.003984075653371423
2023-07-31,0.0019546204263220486
2023-08-01,0.007358349251362207
2023-08-02,-0.007267786485018653
2023-08-03,0.010016138744574467
2023-08-04,0.004677234488127548
2023-08-07,0.007457760894371949
2023-08-08,0.004867751944999363
2023-08-09,-0.004287533234937745
2023-08-10,0.0031780225363808945
2023-08-11,-0.003514665880894249
2023-08-14,0.0145272924498964
2023-08-15,0.006361304534247738
2023-08-16,-0.0021816829924758193
2023-08-17,-0.010473732178334395
2023-08-18,-0.0002946056047320872
2023-08-21,0.010654056807866404
2023-08-22,0.005542082757388011
2023-08-23,0.00818534726313869
2023-08-24,-0.00926961244459246
2023-08-25,0.004833972724918459
2023-08-28,0.003257659294312332
2023-08-29,0.007136779226962129
2023-08-30,0.003836968883172084
2023-08-31,0.008557229661426247
2023-09-01,0.009522193442768643
2023-09-05,0.0020793896304992926
2023-09-06,0.006947689607283883
2023-09-07,0.005880418624590497
2023-09-08,-0.00022748668134562233
2023-09-11,0.002406876036243434
2023-09-12,-0.0067321289705966824
2023-09-13,-0.0001922203321972622
2023-09-14,-0.0059769988270307
2023-09-15,-0.008796359540980875
2023-09-18,0.010465522462684958
2023-09-19,-0.0008875810582301732
2023-09-20,-0.0018768471604789275
2023-09-21,0.00023096941204832702
2023-09-22,0.008627885830966405
2023-09-25,0.0033351895135324983
2023-09-26,-0.0001918194602124855
2023-09-27,0.01018878276521299
2023-09-28,0.006656319296708187
2023-09-29,-0.008698230079286521
2023-10-02,0.01411101981750647
2023-10-03,-0.0016063819901541432
2023-10-04,0.009128017836937997
2023-10-05,0.006502238626482975
2023-10-06,0.0076904043130094695
2023-10-10,-0.004095067487146861
2023-10-11,0.010026953208357486
2023-10-12,0.012406057071963215
2023-10-13,-0.008466318923404482
2023-10-16,-0.0042180998602932805
2023-10-17,-0.0039066725886474024
2023-10-18,0.0029053061138089448
2023-10-19,0.0008159677194113767
2023-10-20,-0.003047926317688184
2023-10-23,0.00510056273947283
2023-10-24,0.001633313872927809
2023-10-25,-0.006883915873762676
2023-10-26,-0.012716551328506076
2023-10-27,0.012747173470956566
2023-10-30,0.003986880714613851
2023-10-31,-0.0016889352676469817
2023-11-01,0.021016908771952454
2023-11-02,-0.00997902841540297
2023-11-03,-0.007254348490828046
2023-11-06,0.011928314848209587
2023-11-07,0.0069471074543157145
2023-11-08,0.008314595301038012
2023-11-09,0.011201099845898923
2023-11-10,0.007556841887512485
2023-11-13,0.005640640874848404
2023-11-14,-0.021768203341198042
2023-11-15,-0.01587750636603426
2023-11-16,0.008763755655264919
2023-11-17,-0.002110082693877733
2023-11-20,0.0039604589886660544
2023-11-21,0.0024846090733219913
2023-11-22,-0.0001931129629791908
2023-11-24,-0.0025924865903088666
2023-11-27,0.0069952986042937084
2023-11-28,-0.008879549811204413
2023-11-29,-0.0059955581903804265
2023-11-30,0.0037973307494188167
2023-12-01,-0.008516309498013483
2023-12-04,-0.004173381944849841
2023-12-05,0.007539285325011477
2023-12-06,-0.01021440540897043
2023-12-07,0.004865878383667277
2023-12-08,0.005081469235150026
2023-12-11,0.004340424417941967
2023-12-12,0.00944280664803776
2023-12-13,-0.016823696701573312
2023-12-14,-0.008701705828896227
2023-12-15,0.009949801897663039
2023-12-18,0.006140098843162559
2023-12-19,-0.005567456815599878
2023-12-20,0.0009176880223830883
2023-12-21,0.002083432236511437
2023-12-22,-0.0019619936184446813
2023-12-26,-0.0008672628856700119
2023-12-27,0.0019672093413489727
2023-12-28,-0.0026062849537260226
2023-12-29,0.0013903339288692039
2024-01-02,-0.02070040506297184
2024-01-03,0.002514246674020516
2024-01-04,0.0028379827259522126
2024-01-05,0.00058048302503604
2024-01-08,0.008687985937079399
2024-01-09,0.006412797591949424
2024-01-10,0.010410414062918125
2024-01-11,0.012104160043761155
2024-01-12,0.0031927662019102182
2024-01-16,0.009902242950084392
2024-01-17,0.006219632338533003
2024-01-18,0.01047194093173975
2024-01-19,0.010745318585820106
2024-01-22,0.006727205248477705
2024-01-23,-0.00877244852437545
2024-01-24,0.011440277410291352
2024-01-25,-0.0008617423525161035
2024-01-26,-0.005414663676961159
2024-01-29,0.004387243630690849
2024-01-30,0.0028002164556767406
2024-01-31,-0.0018585239907781305
2024-02-01,0.002498797375987358
2024-02-02,0.019684212760406328
2024-02-05,0.013880142102924924
2024-02-06,-0.009123271090886152
2024-02-07,0.011731571871204561
2024-02-08,0.009037037596187797
2024-02-09,0.0064600363401770226
2024-02-12,-0.012821779895696418
2024-02-13,0.009987791299787212
2024-02-14,0.00798004558031894
2024-02-15,-0.009105286483612243
2024-02-16,-0.003639940314553667
2024-02-20,-0.0025720102629708383
2024-02-21,-0.008183926044259878
2024-02-22,0.021469184488214027
2024-02-23,0.001880863895990177
2024-02-26,0.014610131158997694
2024-02-27,-0.0033886171636380354
2024-02-28,0.0027907863040444666
2024-02-29,0.00037042550525042024
2024-03-01,0.010327974868815908
2024-03-04,0.0025644377646050725
2024-03-05,-0.0009820774974193848
2024-03-06,-0.0013817034296373688
2024-03-07,0.001980201624813476
2024-03-08,-0.010317529445210718
2024-03-11,-0.016926125982989513
2024-03-12,0.01668836750000314
2024-03-13,-0.0016848610716373507
2024-03-14,0.005557964163700678
2024-03-15,-0.0038768071416076053
2024-03-18,0.001049640466086996
2024-03-19,0.0016871755098463509
2024-03-20,0.005653281756484786
2024-03-21,0.009411428231323281
2024-03-22,0.0016325180018840757
2024-03-25,-0.0024625102419714518
2024-03-26,0.005639529652221304
2024-03-27,-0.01296397711597333
2024-03-28,-0.0035347434287287312
2024-04-01,0.004640444677222828
2024-04-02,0.0027721376338937734
2024-04-03,0.009207205987966295
2024-04-04,-0.007903050782000612
2024-04-05,0.012561033767099168
2024-04-08,-0.002824648601912656
2024-04-09,-0.016123149004464897
2024-04-10,0.00960986872309489
2024-04-11,0.00659191115467166
2024-04-12,0.0010672890972148446
2024-04-15,-0.0023111728494875673
2024-04-16,0.006496877950091972
2024-04-17,-0.009892817256725675
2024-04-18,-0.005808927151313269
2024-04-19,-0.013606502778389224
2024-04-22,0.004074520968723348
2024-04-23,0.008295289879741171
2024-04-24,-0.0031886016037994814
2024-04-25,0.0015094090904628791
2024-04-26,0.006636494479042762
2024-04-29,-0.008911234789754497
2024-04-30,-0.002810118354987179
2024-05-01,-0.0012966075758886076
2024-05-02,0.0010871033390022905
2024-05-03,0.0058640216650085635
2024-05-06,0.011441365619978196
2024-05-07,-0.0044859219805186475
2024-05-08,0.0055261697921134365
2024-05-09,0.0010929861627705685
2024-05-10,0.0023239325716819816
2024-05-13,-0.010530763266594727
2024-05-14,0.0034832193171793137
2024-05-15,0.007694232138581673
2024-05-16,-0.00957243766760853
2024-05-17,0.005354143374332664
2024-05-20,0.005830207844177288
2024-05-21,0.007307933955812159
2024-05-22,-0.002387966933443492
2024-05-23,0.012048514454240431
2024-05-24,0.010870035595042953
2024-05-28,0.004117830249079711
2024-05-29,0.0033322757108350722
2024-05-30,-0.0017159556501892955
2024-05-31,-0.008934542016380428
2024-06-03,-0.0014253663694891406
2024-06-04,-0.0005959940778082254
2024-06-05,0.014442680758004969
2024-06-06,-0.003495968082664518
2024-06-07,0.0014904747849265937
2024-06-10,0.01054860281561862
2024-06-11,0.0009295068052296677
2024-06-12,0.008933078055279946
2024-06-13,0.0044873361604597034
2024-06-14,-0.0008031682171320033
2024-06-17,0.005221374440103619
2024-06-18,0.010500990352911951
2024-06-20,-0.007135762522933508
2024-06-21,-0.007445403188658763
2024-06-24,-0.002341678039850905
2024-06-25,0.010253904482673713
2024-06-26,-0.004493531065068209
2024-06-27,-0.0010496478368326055
2024-06-28,-0.0015918558374562037
2024-07-01,0.008233001745519383
2024-07-02,0.0029276225630064504
2024-07-03,0.0033122478673788497
2024-07-05,0.0007384192848103842
2024-07-08,0.004814851761527658
2024-07-09,0.0060253226070106965
2024-07-10,0.0008611185140346839
2024-07-11,-0.015805807867032798
2024-07-12,-0.0022774175298772206
2024-07-15,0.0025741154274526792
2024-07-16,-0.007981698349438987
2024-07-17,-0.019891951298315984
2024-07-18,0.007622752218337879
2024-07-19,0.0024002836114622233
2024-07-22,0.012335925182969634
2024-07-23,0.007056526962599377
2024-07-24,-0.011511242475889902
2024-07-25,-0.008700632125127856
2024-07-26,0.003947174328339412
2024-07-29,-0.001364471230106465
2024-07-30,-0.012732263076238311
2024-07-31,0.00895665364587895
2024-08-01,0.005579125678785917
2024-08-02,0.0013534161267702606
2024-08-05,0.002451770223970872
2024-08-06,0.007956698074899491
2024-08-07,0.0032278615974426893
2024-08-08,0.00852067168780624
2024-08-09,0.0070928846645156585
2024-08-12,0.006846741734559187
2024-08-13,-0.0025567077818429724
2024-08-14,0.008476094036523892
2024-08-15,-0.008449541677551823
2024-08-16,-0.0008547732547212988
2024-08-19,0.0007098580924821563
2024-08-20,0.0024975100977755226
2024-08-21,-0.00013841877061440428
2024-08-22,0.0033310688245628277
2024-08-23,-0.000629234739667469
2024-08-26,-0.0017371750484839956
2024-08-27,0.007509630129711174
2024-08-28,0.004231746710930873
2024-08-29,0.00023928046626654287
2024-08-30,0.005809693681355104
2024-09-03,-0.0014549932835516387
2024-09-04,0.007318170123391657
2024-09-05,0.0037241797430945574
2024-09-06,-0.001135960637789377
2024-09-09,0.005094768603270705
2024-09-10,0.006993300753533483
2024-09-11,0.00441696417906354
2024-09-12,0.0021382409692101085
2024-09-13,-0.002992567176375289
2024-09-16,0.0020938901954119663
2024-09-17,-0.007098776744418606
2024-09-18,-0.0017614056575477645
2024-09-19,-0.0019716565795628097
2024-09-20,0.009922697598122207
2024-09-23,0.0010313565272461276
2024-09-24,-0.002152375530961429
2024-09-25,0.006669726621435744
2024-09-26,-0.012894487983967575
2024-09-27,-0.010383531493760291
2024-09-30,0.00785030493380793
2024-10-01,0.00022367469507177107
2024-10-02,0.007126459735668923
2024-10-03,0.00029556026872351723
2024-10-04,0.0022011764248889504
2024-10-07,0.0024238327054383222
2024-10-08,0.009620535435326396
2024-10-09,0.0013656124949970525
2024-10-10,-0.004978577213424132
2024-10-11,0.006450675037058602
2024-10-15,0.004819938612519968
2024-10-16,0.0033692323766349175
2024-10-17,0.002468641975558731
2024-10-18,0.0031747316932559076
2024-10-21,0.0030602313519924335
2024-10-22,0.0013050986887933663
2024-10-23,0.005523325346105996
2024-10-24,-0.0034741978160609975
2024-10-25,-0.005472793536776382
2024-10-28,0.001279590369216715
