Date,zero_beta_portfolio
2015-02-24,0.005135116437482034
2015-02-25,0.008856006420536865
2015-02-26,0.005288345932824023
2015-02-27,-0.00882582011214932
2015-03-02,0.007996278700087112
2015-03-03,0.00129794594835499
2015-03-04,-0.0022188785290886684
2015-03-05,-0.003882346985156229
2015-03-06,-0.007339575086228596
2015-03-09,0.0008647221467745136
2015-03-10,-0.005369174577721336
2015-03-11,0.0035269416714666974
2015-03-12,0.007473195613925617
2015-03-13,0.007617530256636247
2015-03-16,0.0026700709717956167
2015-03-17,-0.01357005317209333
2015-03-18,0.00222354791920862
2015-03-19,0.0007135155759102207
2015-03-20,0.0024304388988861778
2015-03-23,0.004843001444399093
2015-03-24,-0.0028921964346145432
2015-03-25,-1.7181362480160556e-05
2015-03-26,0.0020462283505866905
2015-03-27,0.0020016750527998613
2015-03-30,0.01049158236607848
2015-03-31,0.0009930804228717833
2015-04-01,-0.006033799483771444
2015-04-02,-0.006628136802650771
2015-04-06,-0.004537924050436823
2015-04-07,-0.003149461228830185
2015-04-08,-0.000757471796613318
2015-04-09,0.008644215434400452
2015-04-10,0.010058487578772986
2015-04-13,-0.004113452681141828
2015-04-14,-0.0035674952820985767
2015-04-15,-0.007781514094531746
2015-04-16,-0.0025685340094476917
2015-04-17,0.0008307869394024548
2015-04-20,0.00306131813748038
2015-04-21,0.006991878698286294
2015-04-22,-0.0073792321746104375
2015-04-23,0.004099942629563928
2015-04-24,0.007290390308102097
2015-04-27,0.0036448636775403714
2015-04-28,-0.005715833309890658
2015-04-29,-0.005457334110438021
2015-04-30,0.008875705830057073
2015-05-01,0.004375364011414351
2015-05-04,0.004499185178347415
2015-05-05,-0.0011584842627950706
2015-05-06,0.005811860601499453
2015-05-07,0.003115459677713678
2015-05-08,0.006379488323029794
2015-05-11,-0.0014212046146874749
2015-05-12,0.005403702255069869
2015-05-13,-0.006927666923837531
2015-05-14,0.00021868239781776974
2015-05-15,-0.0007227729127116217
2015-05-18,-0.0004985327349407701
2015-05-19,0.000207162758059639
2015-05-20,0.0021509925789899606
2015-05-21,-0.008874470323101792
2015-05-22,0.005917524613164079
2015-05-26,0.005329059275813313
2015-05-27,0.0014316107758578
2015-05-28,-0.002153166034935465
2015-05-29,0.004104586661071042
2015-06-01,0.004379106376336085
2015-06-02,-0.00445495746473698
2015-06-03,0.0011101019102532149
2015-06-04,0.0024690346485491707
2015-06-05,-0.00940825595932606
2015-06-08,0.00028228260257591366
2015-06-09,-0.001483921387249569
2015-06-10,-0.008478739708896338
2015-06-11,-0.00011562560659302676
2015-06-12,0.00021925131811879168
2015-06-15,-0.002904951668431308
2015-06-16,-0.008303191156922053
2015-06-17,0.004511508911592374
2015-06-18,0.004001916886650327
2015-06-19,-0.003291405995262155
2015-06-22,-0.008050756281389257
2015-06-23,-0.0010992945567840932
2015-06-24,-0.009033845103394764
2015-06-25,0.0014195907386138355
2015-06-26,0.0007049383043933006
2015-06-29,0.0014970934924312131
2015-06-30,0.002941305354880763
2015-07-01,0.006943256187236888
2015-07-02,0.00565548995359137
2015-07-06,0.009696398330685349
2015-07-07,0.009621042766533777
2015-07-08,0.0014153311473078338
2015-07-09,0.003194593475773834
2015-07-10,0.004377733677141257
2015-07-13,-0.004866276993571725
2015-07-14,-0.003128552270229379
2015-07-15,0.009143719848307095
2015-07-16,-0.00029985952789264407
2015-07-17,0.007116648190985897
2015-07-20,0.003866387749592145
2015-07-21,0.0014919396307010015
2015-07-22,0.004362721311034891
2015-07-23,-0.0031053607033291897
2015-07-24,0.0059696297781519254
2015-07-27,-0.0018032529771376449
2015-07-28,0.0007939088665661602
2015-07-29,0.003219695799880331
2015-07-30,-0.008297147888335795
2015-07-31,0.00021075280072649575
2015-08-03,0.005437436900459299
2015-08-04,0.0025216252975986814
2015-08-05,0.0016273764800192403
2015-08-06,-0.010798801435565815
2015-08-07,0.00150744672456737
2015-08-10,-0.0043091245708849245
2015-08-11,0.0016292836422540295
2015-08-12,-0.0013292145161865239
2015-08-13,-0.0014316925968752684
2015-08-14,0.0012738568718241782
2015-08-17,-0.0002519270084774781
2015-08-18,-0.002803790425393338
2015-08-19,0.001627249073520373
2015-08-20,0.0021061674544298192
2015-08-21,0.0005715436676553669
2015-08-24,-0.012681304552882734
2015-08-25,0.004407329362408722
2015-08-26,0.003044186754860946
2015-08-27,-0.009866031890990227
2015-08-28,-0.0032358470411405133
2015-08-31,-0.006821611818519359
2015-09-01,0.0013987060783272442
2015-09-02,0.003595517661134861
2015-09-03,0.0010931114141835838
2015-09-04,-0.0072041271758950896
2015-09-08,0.008041256841297889
2015-09-09,-0.00994621894400691
2015-09-10,-0.0025899288679821523
2015-09-11,0.0024928648146545712
2015-09-14,0.005298529627793047
2015-09-15,-0.0020103820385232317
2015-09-16,0.0035486677971099355
2015-09-17,-0.0020859758417444475
2015-09-18,-0.0020950555116591133
2015-09-21,0.0051230676243628655
2015-09-22,-0.0005428079718798523
2015-09-23,-0.001149418359626203
2015-09-24,0.008044683081962222
2015-09-25,0.002653967034498117
2015-09-28,-0.0015111946011374838
2015-09-29,-0.0011264979731209755
2015-09-30,0.004480969110989849
2015-10-01,-0.004255808011712996
2015-10-02,0.006747382799780479
2015-10-05,0.005804314211079662
2015-10-06,-0.004087757732764479
2015-10-07,-0.005328441970613297
2015-10-08,-0.007237973395220465
2015-10-09,-0.003819400201037459
2015-10-13,0.0038664376988900555
2015-10-14,-0.004407170060195822
2015-10-15,0.0011143247292262086
2015-10-16,-0.008324774840269245
2015-10-19,-0.0007124160160382816
2015-10-20,-0.000893165462475182
2015-10-21,-0.006698839928166864
2015-10-22,0.010137351937534015
2015-10-23,0.001674415731712629
2015-10-26,0.0008760695476798397
2015-10-27,-6.083103605947575e-05
2015-10-28,-0.008928837504263194
2015-10-29,0.00542381814458123
2015-10-30,0.002175129934944212
2015-11-02,-0.0044107706170421045
2015-11-03,-0.009271378784549759
2015-11-04,-0.003176848106090109
2015-11-05,-0.0007941823457780301
2015-11-06,-0.004869597696796
2015-11-09,-0.0017391397466934614
2015-11-10,0.005510408140077582
2015-11-12,-0.003704492580933897
2015-11-13,-0.006655847384074573
2015-11-16,-0.002658079880044827
2015-11-17,0.003358245692592401
2015-11-18,-0.004958504879704537
2015-11-19,0.007203518089363424
2015-11-20,-0.017296390447490335
2015-11-23,0.0005051133282060253
2015-11-24,-0.0013345051812809672
2015-11-25,0.004754019474723209
2015-11-27,-0.002528887204226566
2015-11-30,0.0011451941550459199
2015-12-01,0.0025239230956620624
2015-12-02,0.0052619369611248135
2015-12-03,-0.00045918728416470333
2015-12-04,0.0008781766764409996
2015-12-07,0.010769662233477362
2015-12-08,0.001182149787925988
2015-12-09,-0.0065794090507426935
2015-12-10,0.0001986350040655256
2015-12-11,0.010712723482601346
2015-12-14,0.004964120630148644
2015-12-15,0.0015203030184026396
2015-12-16,0.005690701733997859
2015-12-17,-0.010171299035296897
2015-12-18,-0.00489831106606596
2015-12-21,-0.018730685453526304
2015-12-22,-0.006048491434146219
2015-12-23,-0.00016626469052265035
2015-12-24,-0.0007821607137548751
2015-12-28,-0.0029957465461579475
2015-12-29,-0.003723665851859278
2015-12-30,0.00040579480839807007
2015-12-31,-0.0030513118612197176
2016-01-04,0.0018359338934900243
2016-01-05,0.011425002189610798
2016-01-06,0.008433205137764032
2016-01-07,0.01576022098131509
2016-01-08,0.004160656019995543
2016-01-11,0.0008076569386231799
2016-01-12,0.005063742166802372
2016-01-13,0.008640638667268668
2016-01-14,0.00359967278221674
2016-01-15,0.005615456463555565
2016-01-19,-0.0012043110722613746
2016-01-20,-0.006049089254432922
2016-01-21,0.0019348534722296046
2016-01-22,0.004844271260353645
2016-01-25,0.015043223147868613
2016-01-26,0.004153661086091344
2016-01-27,0.0073230467827514354
2016-01-28,0.005582022224552499
2016-01-29,-0.010128285382054115
2016-02-01,0.016585593747493865
2016-02-02,0.003017099141542675
2016-02-03,0.0012461510743652867
2016-02-04,-0.010185695031453884
2016-02-05,0.003421970184753303
2016-02-08,0.020317256174799153
2016-02-09,0.001969131445025129
2016-02-10,-0.0038287378084006047
2016-02-11,0.013841375103273643
2016-02-12,-0.009453040650282784
2016-02-16,-0.0018753150228284728
2016-02-17,-0.0029288679729065348
2016-02-18,0.014353023932508377
2016-02-19,0.0213926348714798
2016-02-22,-0.011190821038390423
2016-02-23,0.006424504518837659
2016-02-24,-0.005171367079931424
2016-02-25,0.007955378381582322
2016-02-26,-0.0048301976935130045
2016-02-29,0.0020319743135768275
2016-03-01,-0.010775539938394163
2016-03-02,-0.00588950543241266
2016-03-03,-0.0027241107377095363
2016-03-04,-0.005585839288010004
2016-03-07,0.0056803577537775036
2016-03-08,0.0023846343838541395
2016-03-09,0.00010347238122369108
2016-03-10,0.004126239533905587
2016-03-11,-0.008505691520515522
2016-03-14,-0.00018818549011862537
2016-03-15,0.004350853247466604
2016-03-16,-0.011337546867913155
2016-03-17,-0.00750541925945441
2016-03-18,0.0006799245590217638
2016-03-21,0.006592127996501262
2016-03-22,-0.010851527154787207
2016-03-23,0.003964631550979237
2016-03-24,-5.5018619444998185e-05
2016-03-28,0.004538528883045041
2016-03-29,-0.0016363428235130952
2016-03-30,-0.00523125837362246
2016-03-31,-0.01086320368580838
2016-04-01,0.001512689912603617
2016-04-04,0.004151734336027193
2016-04-05,-0.004152175394422442
2016-04-06,2.5402879834682607e-05
2016-04-07,-0.000985489962378739
2016-04-08,0.0009006786007580501
2016-04-11,-0.007992235679812432
2016-04-12,-0.0034083976045886206
2016-04-13,-0.006757772754005357
2016-04-14,-0.005129532440467428
2016-04-15,0.007657557154131998
2016-04-18,0.00284535490843573
2016-04-19,-0.0026195414880367134
2016-04-20,-0.01176171021868906
2016-04-21,0.0045016456216592825
2016-04-22,-0.009560672000974517
2016-04-25,0.005132156877767623
2016-04-26,0.0017412289065636467
2016-04-27,-0.0011840537390119792
2016-04-28,0.006687784867105947
2016-04-29,0.00030627555865976196
2016-05-02,0.0020288213330111288
2016-05-03,0.005204876317323612
2016-05-04,0.009398539961211391
2016-05-05,0.0008599281069069864
2016-05-06,-0.006334568006142578
2016-05-09,0.015005055644996438
2016-05-10,0.001477498180322933
2016-05-11,-0.002817919256821032
2016-05-12,0.001205839953630207
2016-05-13,-0.005175329871743423
2016-05-16,0.0021567688833775966
2016-05-17,-0.0020536222222273513
2016-05-18,-0.008044373477205227
2016-05-19,0.005139328651469225
2016-05-20,-0.002503166303527725
2016-05-23,0.0022071258694418934
2016-05-24,-0.009229269374295404
2016-05-25,-0.0004170279747238868
2016-05-26,0.001314224600158212
2016-05-27,-0.006564035945170678
2016-05-31,0.006586584345859063
2016-06-01,-0.0012917058190148158
2016-06-02,0.005168979899480805
2016-06-03,0.00521359899136825
2016-06-06,0.0001975284740291279
2016-06-07,0.001682698907051318
2016-06-08,-0.0020166285449735527
2016-06-09,0.004818584955015923
2016-06-10,0.0032179783689599653
2016-06-13,0.0017546523028963903
2016-06-14,0.008885007023803765
2016-06-15,0.005719441028498232
2016-06-16,0.006617972211020315
2016-06-17,-0.003716195998007988
2016-06-20,-0.0076865490808542426
2016-06-21,-0.00011951039961418105
2016-06-22,0.005070183013862314
2016-06-23,-0.0038026717000767224
2016-06-24,0.007450174510649389
2016-06-27,0.018177427275000126
2016-06-28,0.004801473344022222
2016-06-29,0.0016857154986867188
2016-06-30,0.009742219233998192
2016-07-01,-0.007319918024032655
2016-07-05,0.008138897515746715
2016-07-06,-0.0008155260598803164
2016-07-07,-0.008178017482415869
2016-07-08,0.0023749071728185454
2016-07-11,0.0002346549353355387
2016-07-12,-0.015229312761621911
2016-07-13,0.005093931205299288
2016-07-14,-0.0014189875508026307
2016-07-15,-0.008825466747616487
2016-07-18,-0.0015480593613607292
2016-07-19,0.0087292711921468
2016-07-20,-0.015581801902073384
2016-07-21,-0.0003136571132740679
2016-07-22,0.008358122653502146
2016-07-25,-0.006890034141328576
2016-07-26,-0.002170554915370619
2016-07-27,-0.0033803841780178766
2016-07-28,-0.010132682436920226
2016-07-29,0.0011144252181791894
2016-08-01,0.004252481550183215
2016-08-02,-0.004038235684132135
2016-08-03,0.003078048921874276
2016-08-04,0.009221363723493725
2016-08-05,0.00464399252655911
2016-08-08,-0.004463126002365211
2016-08-09,0.00416724031234477
2016-08-10,-0.0006786954738526258
2016-08-11,0.0027249562035510408
2016-08-12,0.0032819310312575457
2016-08-15,-0.001738353704839596
2016-08-16,-0.008435125239719982
2016-08-17,-0.00113276471406093
2016-08-18,0.0019167397591710704
2016-08-19,-0.002383947395896066
2016-08-22,0.00020755768719697614
2016-08-23,-0.006732076974525935
2016-08-24,0.0020819291145848426
2016-08-25,-0.0018300756132173417
2016-08-26,-0.005761445388237977
2016-08-29,0.011322114981413138
2016-08-30,-0.007034611868486721
2016-08-31,0.004928260116835581
2016-09-01,0.006835539914650859
2016-09-02,0.004034204855543219
2016-09-06,-0.00013868644824324553
2016-09-07,0.0005973342923542018
2016-09-08,0.0010740158753753842
2016-09-09,-0.006961250190070414
2016-09-12,0.0008821114667623989
2016-09-13,-0.005184067800758072
2016-09-14,0.0022050871233031516
2016-09-15,-0.00028474966836443736
2016-09-16,-0.00604870682448528
2016-09-19,0.004359087595322531
2016-09-20,0.002225059251811261
2016-09-21,-7.927611926985513e-05
2016-09-22,0.002460781276117718
2016-09-23,-0.0031364934601512537
2016-09-26,-0.003055723816794412
2016-09-27,0.0008594788350664766
2016-09-28,-0.0015422476913237613
2016-09-29,0.005931753076103301
2016-09-30,-0.0027195849628610593
2016-10-03,0.0026571329279197913
2016-10-04,-0.00709465061334775
2016-10-05,-0.0008449362702676237
2016-10-06,-0.0049353800962371516
2016-10-07,0.0036552029444538543
2016-10-11,-0.0009422315717839237
2016-10-12,-0.0015617604638956963
2016-10-13,0.001240443383856639
2016-10-14,0.002015143584112567
2016-10-17,-0.002260185586089831
2016-10-18,-0.00933204941446416
2016-10-19,0.003718744482886153
2016-10-20,-0.003232453064000716
2016-10-21,0.007273947004913845
2016-10-24,-0.0024036750272454143
2016-10-25,0.004261000314406473
2016-10-26,0.003063952974952545
2016-10-27,0.005704967387990657
2016-10-28,0.0026127946916781482
2016-10-31,0.00020046099869725734
2016-11-01,-0.0021309240658962483
2016-11-02,-0.00026977701017114384
2016-11-03,-0.0022103527335843942
2016-11-04,-0.002053409915512662
2016-11-07,-0.0046985172865753825
2016-11-08,0.0038089592190167537
2016-11-09,0.004221447230325508
2016-11-10,-0.005124754203413978
2016-11-14,-0.0005566830857290844
2016-11-15,-0.004563065551524255
2016-11-16,0.00032993389946493057
2016-11-17,0.0014250044544168478
2016-11-18,-0.003582659682150819
2016-11-21,-0.00802274362366745
2016-11-22,-0.0044146641699916835
2016-11-23,0.0047513720354424634
2016-11-25,0.005395463884236302
2016-11-28,0.0007690069260869331
2016-11-29,0.00045254336460220316
2016-11-30,-0.006217398773513065
2016-12-01,-0.006223106198309062
2016-12-02,-0.009155695667741678
2016-12-05,-0.0002988982124991916
2016-12-06,0.0023693525918996603
2016-12-07,0.003078950491012718
2016-12-08,-0.0014459446749679223
2016-12-09,0.004133460176544783
2016-12-12,0.009098126486586776
2016-12-13,0.007052762049800028
2016-12-14,-0.0005264225590569472
2016-12-15,-0.0033811728053262376
2016-12-16,0.0025631972006809186
2016-12-19,0.0029761142912536303
2016-12-20,-0.006126710557424312
2016-12-21,-0.0069272916733344216
2016-12-22,0.002784392828043223
2016-12-23,0.00692581414582715
2016-12-27,0.0021753484866456753
2016-12-28,0.0025194546853324084
2016-12-29,0.010009798328073135
2016-12-30,0.001460715334556756
2017-01-03,-0.005281912932228536
2017-01-04,-0.0009977538227954465
2017-01-05,0.0107108709092201
2017-01-06,-0.0038218318630156363
2017-01-09,0.0007841085891202188
2017-01-10,0.001735867721332966
2017-01-11,-0.010630656212166356
2017-01-12,0.0061151590028009845
2017-01-13,0.0051029187181006845
2017-01-17,0.008462936545926475
2017-01-18,-0.0011523507304800824
2017-01-19,-0.007037864328275427
2017-01-20,-0.008392288681301166
2017-01-23,-0.0049784309847584465
2017-01-24,-0.005733337172707944
2017-01-25,0.007960299780128563
2017-01-26,0.004524136206164866
2017-01-27,0.002670791530033754
2017-01-30,0.0035049731123275893
2017-01-31,0.005910053844177071
2017-02-01,0.0003402456449200302
2017-02-02,-0.0003104330504283262
2017-02-03,0.0010668283237049373
2017-02-06,0.003294983240654734
2017-02-07,0.002071454038599279
2017-02-08,-0.0003830152402248904
2017-02-09,0.0011478219889581205
2017-02-10,-0.006719843040254323
2017-02-13,-0.0012933879693330075
2017-02-14,-0.005079161961924713
2017-02-15,0.004918234591343797
2017-02-16,0.004999155308448543
2017-02-17,0.007789991559589014
2017-02-21,0.0033270814785320577
2017-02-22,-0.003912739573367433
2017-02-23,-0.0052169191847865
2017-02-24,0.0032418747870177978
2017-02-27,-0.006134146049966916
2017-02-28,-0.006127042583140032
2017-03-01,-0.0019472193512735617
2017-03-02,0.0008240423947455337
2017-03-03,-0.002014698715734185
2017-03-06,-0.003704264765671369
2017-03-07,0.0008620561577290046
2017-03-08,0.0007521377128564708
2017-03-09,0.0026894890110142644
2017-03-10,0.008172734450831054
2017-03-13,-0.0012690484609651203
2017-03-14,0.0007459476944010019
2017-03-15,-0.0002081792668586015
2017-03-16,-0.004209859311962656
2017-03-17,0.005096726801663503
2017-03-20,0.0018510816885818123
2017-03-21,-0.0005736319487134491
2017-03-22,-0.0003725785352077931
2017-03-23,0.005430326949320013
2017-03-24,-0.0008623668932519131
2017-03-27,0.00042648939324017973
2017-03-28,0.004840015402904637
2017-03-29,-0.004289641353912418
2017-03-30,-0.004798970010773513
2017-03-31,-0.004388445129921382
2017-04-03,-0.0005204997053436573
2017-04-04,-0.0017750438559526638
2017-04-05,-0.005398893282165283
2017-04-06,-0.0033071544928896237
2017-04-07,-0.0018667056629112666
2017-04-10,0.0016075093693420554
2017-04-11,-0.0007824355887741324
2017-04-12,0.0073646241633096255
2017-04-13,-0.004431869773480125
2017-04-17,-0.00029388774386114976
2017-04-18,-0.006456580110609248
2017-04-19,-0.006254739097100484
2017-04-20,-0.009775943038631347
2017-04-21,-0.008709222781958192
2017-04-24,-0.0030473667150069527
2017-04-25,0.002068696840911326
2017-04-26,0.0010916668895969092
2017-04-27,0.0017634282299506215
2017-04-28,-0.003105435801745606
2017-05-01,0.0025693100431207765
2017-05-02,0.0074236470906190385
2017-05-03,0.004515144129468213
2017-05-04,0.0003747705340870312
2017-05-05,0.006744729338348243
2017-05-08,0.0013102903542451365
2017-05-09,0.0011149105434310217
2017-05-10,0.0022087019865847522
2017-05-11,-0.0020265812421224045
2017-05-12,-0.005874706637775937
2017-05-15,0.0010888396339128461
2017-05-16,-0.005269963827076659
2017-05-17,-0.000913424086207701
2017-05-18,0.008746447366856732
2017-05-19,0.006760575411074089
2017-05-22,0.008578909721379754
2017-05-23,0.0004571383150594976
2017-05-24,0.007721144578799631
2017-05-25,0.002876843529617524
2017-05-26,-0.0045347532268899616
2017-05-30,0.0002144713553887054
2017-05-31,0.006832249584102743
2017-06-01,0.004339863577061489
2017-06-02,0.0020141993377148495
2017-06-05,-0.002515459578722302
2017-06-06,0.0010744200758582186
2017-06-07,0.011864323858221478
2017-06-08,-0.00931535204931392
2017-06-09,-0.0035266278030394
2017-06-12,-0.0039458951966777275
2017-06-13,0.0006765562916823976
2017-06-14,-0.0005071219690030239
2017-06-15,-0.005223878993491186
2017-06-16,0.0014366795463128907
2017-06-19,0.0030048667726842076
2017-06-20,-0.004120865721660542
2017-06-21,0.006655855090117095
2017-06-22,-0.00032755716288447427
2017-06-23,-0.0013068849981875482
2017-06-26,0.0035299708085798766
2017-06-27,-0.008360707515144724
2017-06-28,0.004140963283361548
2017-06-29,-0.010604881930028922
2017-06-30,0.0021117644614320873
2017-07-03,-0.0027537161199557097
2017-07-05,-0.002291593852648272
2017-07-06,-0.009660054842274165
2017-07-07,0.00024298048079399883
2017-07-10,-0.011667136690920597
2017-07-11,0.0035330254024867687
2017-07-12,-0.005701124549941764
2017-07-13,-0.00195410080056554
2017-07-14,-0.0023996452870493437
2017-07-17,-0.00420571275041152
2017-07-18,-0.004622458534678325
2017-07-19,-0.009771197285548627
2017-07-20,-0.003741242411336259
2017-07-21,-0.006181278037289809
2017-07-24,-0.009211328676949468
2017-07-25,0.006049192774889785
2017-07-26,-0.011532679674237772
2017-07-27,0.0025554533165187666
2017-07-28,0.0022494159270581753
2017-07-31,0.007882242056874161
2017-08-01,-0.0004687317205591634
2017-08-02,-0.0012293177411754682
2017-08-03,0.002231386232278634
2017-08-04,-0.0027991151961689474
2017-08-07,0.002330747613008387
2017-08-08,-0.0037751180035434095
2017-08-09,0.0016640756582458679
2017-08-10,0.0008434069499361165
2017-08-11,-0.0034140414749330304
2017-08-14,0.0043951938886472785
2017-08-15,0.0005123071664010567
2017-08-16,-0.0014583885687055966
2017-08-17,0.001528992058639913
2017-08-18,-0.007651586277673584
2017-08-21,0.00707520221927509
2017-08-22,-0.005260828900012905
2017-08-23,-0.004694979482517402
2017-08-24,-0.009374041146802316
2017-08-25,-0.0009865377262551747
2017-08-28,0.002895868691098212
2017-08-29,0.0030846056920616474
2017-08-30,0.003947290840227365
2017-08-31,0.002128970903718342
2017-09-01,-0.003155078816879756
2017-09-05,0.0035188894225062057
2017-09-06,0.0006343186324587372
2017-09-07,0.004752794688284904
2017-09-08,0.006505855254014799
2017-09-11,-0.002998411987553431
2017-09-12,0.0007426950039075961
2017-09-13,-0.003643706453924243
2017-09-14,0.002182537872930391
2017-09-15,0.0014320616590606295
2017-09-18,-0.0006411943600825676
2017-09-19,-0.00035053599729006283
2017-09-20,0.0025270818191621648
2017-09-21,-0.002072437425893742
2017-09-22,-0.0022093571419948576
2017-09-25,-0.004883406961815769
2017-09-26,-0.003752334117578078
2017-09-27,-0.005540105362718815
2017-09-28,-0.0015666410120633637
2017-09-29,0.0014442189598754256
2017-10-02,0.008619895668856308
2017-10-03,0.004222508605707095
2017-10-04,-0.0031305456806476535
2017-10-05,-0.0023774531198213766
2017-10-06,-0.001227699496525744
2017-10-10,0.011157520607505064
2017-10-11,0.009332076461421522
2017-10-12,0.0037880165481058263
2017-10-13,0.000232471017162823
2017-10-16,-0.0075319216701468005
2017-10-17,0.0023133577869445
2017-10-18,0.001381724769929574
2017-10-19,0.010465776163979534
2017-10-20,-0.0005839867647135901
2017-10-23,-0.0009051698095075108
2017-10-24,-0.004078956155877105
2017-10-25,-0.011559237303156411
2017-10-26,6.807535609887079e-06
2017-10-27,-0.002988029898688626
2017-10-30,0.000866402249499355
2017-10-31,0.005563522533365754
2017-11-01,-0.007835867392426577
2017-11-02,-0.0036270126155743773
2017-11-03,-0.0056493666704263605
2017-11-06,-0.007734152127066961
2017-11-07,0.0020538134984649545
2017-11-08,0.001979709028157269
2017-11-09,0.003211741198765307
2017-11-10,0.00461884550023031
2017-11-13,0.004115828205259712
2017-11-14,0.0036806806587268413
2017-11-15,-0.005918451244977078
2017-11-16,0.010132262248683445
2017-11-17,-0.011291527876300672
2017-11-20,0.007314075588063882
2017-11-21,0.006356845475535109
2017-11-22,0.007430862249334425
2017-11-24,0.003215192107651353
2017-11-27,0.007746743110087834
2017-11-28,0.009312936010998973
2017-11-29,0.017401231377272047
2017-11-30,0.0036465144543778127
2017-12-01,0.0026686697198547537
2017-12-04,0.004400764783540089
2017-12-05,0.001963901692022211
2017-12-06,-0.001732626414269214
2017-12-07,-0.0025746195218999753
2017-12-08,-0.0003117347624743993
2017-12-11,0.006097691866486695
2017-12-12,-0.002029497327616837
2017-12-13,0.0029694919000725706
2017-12-14,0.0006555988815888308
2017-12-15,0.0010247010078498055
2017-12-18,0.0017658409589256714
2017-12-19,0.004751006686188031
2017-12-20,-0.00323521837656829
2017-12-21,-0.0022119053129558753
2017-12-22,0.0038523773606631588
2017-12-26,0.0005548891080676327
2017-12-27,0.0022522229984922116
2017-12-28,-0.001968815986968784
2017-12-29,-0.0013600277829931996
2018-01-02,0.0017666245200091742
2018-01-03,-0.0018488677470891019
2018-01-04,0.012121896974479462
2018-01-05,-0.002949663338071507
2018-01-08,-0.0010684354430971123
2018-01-09,-0.0019367036425364215
2018-01-10,-0.009217416775064189
2018-01-11,-0.00030008157149410166
2018-01-12,-0.008176761871123109
2018-01-16,-0.0004395488495792385
2018-01-17,0.0050454454169125175
2018-01-18,-0.002428801329270515
2018-01-19,0.007743223197506408
2018-01-22,0.00014380021050523135
2018-01-23,-0.0012563268648696697
2018-01-24,0.004588283411856559
2018-01-25,0.0010159566545963137
2018-01-26,-0.002356454773730939
2018-01-29,0.012376309649872824
2018-01-30,0.008280273236470475
2018-01-31,0.0017777701393209215
2018-02-01,0.0004364620496608186
2018-02-02,-0.01166190413915882
2018-02-05,-0.012432418120974677
2018-02-06,-0.0018203468674652349
2018-02-07,0.007848246340166985
2018-02-08,-0.008781543458964926
2018-02-09,0.008664430802278323
2018-02-12,-0.0018614749631201304
2018-02-13,0.00410524110577265
2018-02-14,0.0013224669510048276
2018-02-15,-0.0036226331092467983
2018-02-16,0.00045285225471171483
2018-02-20,-0.010432718021944261
2018-02-21,-0.0004944561179275565
2018-02-22,-0.00024676109396095275
2018-02-23,0.011201749312488825
2018-02-26,-0.0006318617666321293
2018-02-27,-0.005132329797139508
2018-02-28,-0.00478324119884999
2018-03-01,-0.005527241045108699
2018-03-02,0.0010622780753520137
2018-03-05,0.007444746324389955
2018-03-06,0.007187422141400184
2018-03-07,0.0034374051755246744
2018-03-08,-0.0007421941073300562
2018-03-09,-0.0005781958843734575
2018-03-12,-0.003902939656910475
2018-03-13,0.0010643826326635474
2018-03-14,-0.0015698750885619662
2018-03-15,-0.0008094533722403357
2018-03-16,0.004249500656368989
2018-03-19,-0.000682790587926216
2018-03-20,-0.0031551649909936697
2018-03-21,-0.008451708345706369
2018-03-22,0.0004497467023321048
2018-03-23,0.0029269819815655874
2018-03-26,0.007249960977137371
2018-03-27,0.0006554151392250752
2018-03-28,0.013269628327439125
2018-03-29,-0.002694076825707255
2018-04-02,-0.003031257362374592
2018-04-03,0.002429237815015127
2018-04-04,0.004827830785235515
2018-04-05,-0.000752161828777946
2018-04-06,-0.0069326909037334085
2018-04-09,-0.002209303340073907
2018-04-10,0.0014084853895067306
2018-04-11,0.0006073022991100331
2018-04-12,-0.00042742974008665044
2018-04-13,0.007419756425479628
2018-04-16,0.0016800677373424297
2018-04-17,-0.0023502491074377757
2018-04-18,-0.008490379081329586
2018-04-19,0.004861914039873672
2018-04-20,0.00026549052645652394
2018-04-23,0.0049920296027638105
2018-04-24,0.003906714003847039
2018-04-25,-0.0032195524257406186
2018-04-26,0.014617331050316512
2018-04-27,-0.006718187930072304
2018-04-30,0.005362470380813615
2018-05-01,-0.0038080118696509607
2018-05-02,-0.007848926283026489
2018-05-03,0.0073197323601989946
2018-05-04,-0.001056142930919286
2018-05-07,-0.0036846824955992356
2018-05-08,0.005071673225565166
2018-05-09,0.006240070727620319
2018-05-10,0.002364521059862426
2018-05-11,-0.0010825357857455668
2018-05-14,-0.0033197060666859484
2018-05-15,0.005748749499832641
2018-05-16,0.006478241751554276
2018-05-17,-0.004499318935591598
2018-05-18,-0.004009793478443914
2018-05-21,0.009564842759551691
2018-05-22,-0.013361721846002286
2018-05-23,0.0019551246276735637
2018-05-24,-0.0004697677311743959
2018-05-25,0.007001808411264887
2018-05-29,-0.004551594261422262
2018-05-30,0.006718918634686327
2018-05-31,-0.01113600488878085
2018-06-01,-0.008161245986720725
2018-06-04,0.0004237730127258033
2018-06-05,0.0022751456902309697
2018-06-06,0.0031479175566016824
2018-06-07,0.010356288368678997
2018-06-08,0.0071695607927757
2018-06-11,0.008739309815649979
2018-06-12,0.0022117531156077737
2018-06-13,-0.005412672875235086
2018-06-14,-0.002060507252672748
2018-06-15,0.013811312668166579
2018-06-18,-0.003563339247493027
2018-06-19,0.008136636203878122
2018-06-20,-0.0031970169051313093
2018-06-21,0.010792868366509042
2018-06-22,0.0012506465967474319
2018-06-25,0.0022280280660686375
2018-06-26,-0.0006356020606665374
2018-06-27,-0.00479214857373364
2018-06-28,0.007905525248328589
2018-06-29,-0.00711957394401462
2018-07-02,0.006102519862226362
2018-07-03,0.0035238299487392283
2018-07-05,0.00693585434152285
2018-07-06,-0.0018492780484288159
2018-07-09,-0.0034130116922319207
2018-07-10,0.009885230560519025
2018-07-11,0.007065462419173296
2018-07-12,0.0004579954492862747
2018-07-13,-0.0028041682272332232
2018-07-16,-0.005053668042542569
2018-07-17,-0.0008262953637721825
2018-07-18,-0.0035100448770795053
2018-07-19,0.0010293303116195825
2018-07-20,-0.0027054895600488677
2018-07-23,-0.0035847519216387503
2018-07-24,-0.001099600168218606
2018-07-25,0.004566307793545486
2018-07-26,-0.007528678180431725
2018-07-27,0.012067883825294097
2018-07-30,0.0012194613794559272
2018-07-31,0.004970954757155882
2018-08-01,0.004205269263970737
2018-08-02,0.005688408313776208
2018-08-03,0.006803091369169455
2018-08-06,-0.0032314770546545517
2018-08-07,0.002764885408244136
2018-08-08,-0.002434409323106125
2018-08-09,0.0004977611226457392
2018-08-10,0.005674113056293591
2018-08-13,-0.006976611782705506
2018-08-14,-0.002020875387948145
2018-08-15,0.004083924481123483
2018-08-16,0.004445803985045579
2018-08-17,0.0027682580228480633
2018-08-20,0.002074096994946359
2018-08-21,-0.007518329501695708
2018-08-22,-0.0007834675504359074
2018-08-23,0.0023081640729586484
2018-08-24,-0.004088651731546626
2018-08-27,-0.0011331381529607392
2018-08-28,-0.004137797027088028
2018-08-29,0.0005288454995839665
2018-08-30,-0.002100154771315172
2018-08-31,-0.0031478924470778186
2018-09-04,-0.0001465352438895927
2018-09-05,0.0051633297108121595
2018-09-06,0.006692008704206861
2018-09-07,0.011223785933953264
2018-09-10,-0.004821308768662231
2018-09-11,0.005100719470149121
2018-09-12,-0.00025558151759036933
2018-09-13,0.0010202659209524341
2018-09-14,-0.003938352110248759
2018-09-17,-0.002587793596689656
2018-09-18,-0.006958049887790668
2018-09-19,-0.011444416053318637
2018-09-20,-0.002070078927512959
2018-09-21,-0.00796337796600849
2018-09-24,-0.010615596980052752
2018-09-25,-0.002741828791426709
2018-09-26,-0.0022317134611510806
2018-09-27,-0.004324781150439618
2018-09-28,0.0014497944698500576
2018-10-01,-0.000941749821522782
2018-10-02,0.0017529013285582577
2018-10-03,-0.00369105019473564
2018-10-04,0.005574748904091899
2018-10-05,0.006943016944945061
2018-10-09,-0.00410067672458159
2018-10-10,0.0027455828865406416
2018-10-11,-0.0028822676790548948
2018-10-12,-0.005125333476687235
2018-10-15,0.010964691350552018
2018-10-16,-7.068388663157923e-05
2018-10-17,0.009211159884681588
2018-10-18,-0.0020818046978692104
2018-10-19,0.00756721376031125
2018-10-22,-0.007794278002833549
2018-10-23,0.006611753584209715
2018-10-24,-0.001132018648689481
2018-10-25,-0.013926836169687408
2018-10-26,0.007200958109602999
2018-10-29,0.00320719282317173
2018-10-30,0.00736270950015648
2018-10-31,-0.00726419410054473
2018-11-01,-7.423978731403496e-05
2018-11-02,0.006788474492641017
2018-11-05,0.0036407682906941
2018-11-06,0.010440856551016028
2018-11-07,6.120167796861906e-05
2018-11-08,0.005659821661898371
2018-11-09,0.0063413195706666465
2018-11-13,-0.0027201274255222313
2018-11-14,0.006644897495757746
2018-11-15,-0.0010223260735855958
2018-11-16,0.0031671709299435683
2018-11-19,-0.0034194179876495833
2018-11-20,0.00424952358181751
2018-11-21,-0.007207792607224614
2018-11-23,-0.001520466637260413
2018-11-26,-0.008662921796835466
2018-11-27,-0.0007771366056578766
2018-11-28,-0.004051374055959875
2018-11-29,0.0013675096230792018
2018-11-30,-0.002704919210761928
2018-12-03,-0.010296927881267818
2018-12-04,0.005223193271146661
2018-12-06,-0.0003987011288751159
2018-12-07,-0.003274387126333482
2018-12-10,0.00941256446051378
2018-12-11,4.101733618401196e-05
2018-12-12,-0.009957453030681488
2018-12-13,0.005826180688219647
2018-12-14,-0.002043331436814772
2018-12-17,-0.007014689019647424
2018-12-18,-0.0021817335080815733
2018-12-19,0.0043636510834395275
2018-12-20,-0.0043168302896657755
2018-12-21,0.004535544409767977
2018-12-24,-0.015957422097669767
2018-12-26,0.015505738009749213
2018-12-27,0.007707235957801868
2018-12-28,0.005843648615236299
2018-12-31,0.014684103895982214
2019-01-02,-0.01244535191167109
2019-01-03,-0.010189349648802226
2019-01-04,0.0002867579986926391
2019-01-07,-0.0016283085038043717
2019-01-08,0.0008312926888302968
2019-01-09,-0.014585395892530162
2019-01-10,0.0025421952113397583
2019-01-11,0.005859774176315466
2019-01-14,-0.009122387655504115
2019-01-15,0.0008115040472325481
2019-01-16,-0.006182739060041943
2019-01-17,0.005753070219033102
2019-01-18,-0.00019499779925132504
2019-01-22,-0.0018136187975543918
2019-01-23,0.003649201465599736
2019-01-24,-0.0065574350459848925
2019-01-25,-0.0033280512230407324
2019-01-28,0.007987925606284767
2019-01-29,0.0008368773358304681
2019-01-30,-0.008258978940743681
2019-01-31,0.000330211683014269
2019-02-01,0.00868892583158401
2019-02-04,0.00691217783540579
2019-02-05,0.001798733713900937
2019-02-06,-0.013843420195523783
2019-02-07,-0.0018498709131237747
2019-02-08,0.0036390855836275437
2019-02-11,0.004184235879601948
2019-02-12,0.00010169125272160574
2019-02-13,0.002798140074590293
2019-02-14,-0.0020732392685593377
2019-02-15,0.00015042192070306587
2019-02-19,-0.0007380844454763359
2019-02-20,0.0019886204691401746
2019-02-21,0.0001231718471886533
2019-02-22,0.000261324376040464
2019-02-25,-0.004637129886149813
2019-02-26,0.0005714326441130859
2019-02-27,0.007953781213172913
2019-02-28,-0.0002112407962091216
2019-03-01,0.007582556857488266
2019-03-04,-0.0006837680192619955
2019-03-05,0.0024819366904948433
2019-03-06,-0.0019510734176637764
2019-03-07,0.005371948274125732
2019-03-08,-0.002459934082244036
2019-03-11,0.0016353425995644926
2019-03-12,-0.0006660175251276224
2019-03-13,0.007666737983580465
2019-03-14,-7.316467065245564e-05
2019-03-15,-0.0024677722955051286
2019-03-18,-0.002303224809864504
2019-03-19,-0.0009819798155261052
2019-03-20,-0.0013838711669328539
2019-03-21,0.0026776530735417186
2019-03-22,0.009784296675938513
2019-03-25,-0.002965261383947527
2019-03-26,0.0057911849671530916
2019-03-27,-0.0034389965962551058
2019-03-28,-0.002091715535410373
2019-03-29,0.005006252633848485
2019-04-01,-0.009266769645839909
2019-04-02,2.5869952832086485e-05
2019-04-03,-0.006376798528604735
2019-04-04,-0.0024993553967655267
2019-04-05,-0.0022315016018787967
2019-04-08,0.0033125739239311543
2019-04-09,0.0026905959227919167
2019-04-10,0.0018804363928107547
2019-04-11,0.001897457094383759
2019-04-12,0.006911179946099441
2019-04-15,0.0032413104869406595
2019-04-16,-0.002469267205736238
2019-04-17,-0.0018127350715442954
2019-04-18,-0.003033388546966525
2019-04-22,0.0013123992753349383
2019-04-23,0.007514665988049877
2019-04-24,0.005620782835439584
2019-04-25,-0.007720650255626403
2019-04-26,0.0015512581597779463
2019-04-29,-0.0012550761852478602
2019-04-30,0.013153090261837247
2019-05-01,-0.001603230612385971
2019-05-02,0.0043522471537170634
2019-05-03,-0.0028755353285170875
2019-05-06,-0.003085746223630835
2019-05-07,-0.0020575866986458076
2019-05-08,-0.0009918234443983783
2019-05-09,-0.004053214547486322
2019-05-10,0.002111353463795848
2019-05-13,0.00134653429467094
2019-05-14,-0.001779660188818708
2019-05-15,0.006886148928414985
2019-05-16,-0.007233292855307676
2019-05-17,0.00249811908513562
2019-05-20,0.0001814841711701794
2019-05-21,-0.0033471527164246474
2019-05-22,-0.00238059394058462
2019-05-23,0.003966633893778822
2019-05-24,-0.0022278077911427794
2019-05-28,-0.007910586290161687
2019-05-29,-0.010794345270716158
2019-05-30,0.002503757117697262
2019-05-31,0.0018353762513376067
2019-06-03,0.00967196707409231
2019-06-04,0.0040843548814464194
2019-06-05,0.0029753261463132848
2019-06-06,-0.004568075986303404
2019-06-07,-0.001681240172421583
2019-06-10,-0.003792662336284187
2019-06-11,0.0033303718231186092
2019-06-12,0.010990643711591573
2019-06-13,-0.002646981055840184
2019-06-14,-0.0028158973512493425
2019-06-17,0.0038780051262235532
2019-06-18,-0.00725036031643478
2019-06-19,0.008401132792825764
2019-06-20,-0.0013423363315953646
2019-06-21,-0.0003175275294262948
2019-06-24,0.0016249890272307043
2019-06-25,-0.0037926435345032364
2019-06-26,-0.01525737839352093
2019-06-27,0.003545783096401482
2019-06-28,0.006200205529130613
2019-07-01,0.004224100057131446
2019-07-02,0.009726613324060628
2019-07-03,0.011791175472877067
2019-07-05,-0.008068942030325751
2019-07-08,-0.003467344338315423
2019-07-09,-0.0002487843062194752
2019-07-10,0.002927734353618653
2019-07-11,0.004102835142886291
2019-07-12,-0.0005144710091759586
2019-07-15,-0.0011953749973177765
2019-07-16,-0.0012284425939765738
2019-07-17,-0.0016663274095044893
2019-07-18,-0.0008012758981610236
2019-07-19,-0.00795666777488702
2019-07-22,-0.006643599476969222
2019-07-23,0.006531040012331242
2019-07-24,-0.0012571126628307327
2019-07-25,0.007259176303565636
2019-07-26,-0.006244811359130265
2019-07-29,0.0002989585812914277
2019-07-30,-0.008251078154732583
2019-07-31,-0.0021844502379823262
2019-08-01,0.0078539747143783
2019-08-02,0.00922663206688895
2019-08-05,-0.01037380703956888
2019-08-06,0.002257844343095367
2019-08-07,0.011429360800182526
2019-08-08,0.007639361086027809
2019-08-09,0.007473305877613053
2019-08-12,-0.0039058354564405315
2019-08-13,0.0004020489823324842
2019-08-14,-0.002176093779108005
2019-08-15,0.013574057600531474
2019-08-16,0.004222450201771832
2019-08-19,0.004119460006502858
2019-08-20,-0.0028467792525731063
2019-08-21,-0.0017456325028886064
2019-08-22,0.0010800567683360493
2019-08-23,-0.005126212680085251
2019-08-26,0.007271927810571123
2019-08-27,-0.000321129417436692
2019-08-28,0.0025501500572733845
2019-08-29,-0.0014156865990236592
2019-08-30,-0.00043399008278178206
2019-09-03,0.006205337678337087
2019-09-04,0.0014456945623279613
2019-09-05,-0.005950394647302155
2019-09-06,-0.0035323205374844006
2019-09-09,0.0069742909490074344
2019-09-10,0.0014634396176193619
2019-09-11,0.013501450095873686
2019-09-12,-0.006695586160199622
2019-09-13,-0.011874427811046665
2019-09-16,-0.0038405824425420446
2019-09-17,0.012231078889792229
2019-09-18,-0.004141089519785333
2019-09-19,-0.004207177025474304
2019-09-20,-0.003000941295482968
2019-09-23,-0.004711694782990944
2019-09-24,0.0017793729239277858
2019-09-25,-0.009131330710006326
2019-09-26,-0.004256040317805982
2019-09-27,-0.00027032048659127856
2019-09-30,0.006713482681220067
2019-10-01,-0.009603354248938855
2019-10-02,-0.0027366265565643426
2019-10-03,0.006277159274798265
2019-10-04,0.008800116000699479
2019-10-07,-0.0046323604508092175
2019-10-08,0.002009436852503644
2019-10-09,-0.0051465270026072076
2019-10-10,-0.00561628172695105
2019-10-11,-0.005740544734091362
2019-10-15,0.0012920782010283414
2019-10-16,0.003938810143152061
2019-10-17,0.006088861928916961
2019-10-18,-0.003455055835827827
2019-10-21,8.650832127499185e-05
2019-10-22,-0.0003333664176176504
2019-10-23,0.0023941077542534123
2019-10-24,-0.01556525382118285
2019-10-25,-0.010338442326423175
2019-10-28,-0.0010998935099215117
2019-10-29,-0.0103011366001349
2019-10-30,0.0020608342376026143
2019-10-31,0.009282802112647278
2019-11-01,-0.004508546793863891
2019-11-04,-0.00509172640255788
2019-11-05,0.006250328609467718
2019-11-06,0.013076023667294562
2019-11-07,-0.0011458186038550875
2019-11-08,-0.006758901458263183
2019-11-12,-0.004505733022090069
2019-11-13,0.0033119638722812384
2019-11-14,0.0028197192861918277
2019-11-15,-0.0009540036013013417
2019-11-18,0.0012746895428089777
2019-11-19,0.00040467179262614246
2019-11-20,-0.0011568208791384522
2019-11-21,-0.0003342185621894503
2019-11-22,0.0036589070817314617
2019-11-25,-0.0012879851819380807
2019-11-26,0.004367441391729788
2019-11-27,0.0002783484272331939
2019-11-29,-0.00550724769900892
2019-12-02,-0.0014714597849580795
2019-12-03,-0.0036207182954856513
2019-12-04,0.006110978137481486
2019-12-05,0.0026988322743320284
2019-12-06,-0.003964787436892677
2019-12-09,-0.003128737891664555
2019-12-10,-0.004051719886048137
2019-12-11,0.002174781037268494
2019-12-12,0.002558108813391282
2019-12-13,-0.002828507770560677
2019-12-16,0.006080959697175701
2019-12-17,0.0037102560819239207
2019-12-18,-0.009644062804745637
2019-12-19,0.0009985027556574833
2019-12-20,0.0023376617157235546
2019-12-23,0.0009189036261103202
2019-12-24,0.003502543237015394
2019-12-26,0.004467047877638834
2019-12-27,0.0027493553363377833
2019-12-30,-0.002678527256299909
2019-12-31,0.0024057636063187257
2020-01-02,-0.001847973886619743
2020-01-03,0.005986427354955936
2020-01-06,-0.0060677813292377885
2020-01-07,-0.004983929662439111
2020-01-08,-0.003583878568714231
2020-01-09,-0.003664092098010922
2020-01-10,-0.001734891841711341
2020-01-13,0.0015531196451431478
2020-01-14,0.00814452549924695
2020-01-15,0.0026026518028763636
2020-01-16,-0.008265660998783987
2020-01-17,-0.007536472252741107
2020-01-21,0.0023420292935113834
2020-01-22,-0.00025087653023221895
2020-01-23,-0.0012178793386575207
2020-01-24,0.0038819882768546476
2020-01-27,0.0077646218387413595
2020-01-28,-0.006228583681940222
2020-01-29,-0.00702723238229831
2020-01-30,-0.003124655065419131
2020-01-31,0.009075170548649328
2020-02-03,-0.0033961601101998454
2020-02-04,-0.007986570007529411
2020-02-05,0.0024733977986111885
2020-02-06,-0.004511953031368912
2020-02-07,0.0026654818537124748
2020-02-10,-0.0006182949624422078
2020-02-11,-0.00437808328406086
2020-02-12,-0.005161390157379032
2020-02-13,0.005803582035157292
2020-02-14,0.0055292936141631555
2020-02-18,0.0004888304677614058
2020-02-19,-0.0030796373172889747
2020-02-20,0.0010980826069336715
2020-02-21,-0.002179257845512064
2020-02-24,-0.00022052765288190605
2020-02-25,-0.010508184745463282
2020-02-26,0.0026416304499061677
2020-02-27,-0.005844165031665227
2020-02-28,-0.013886821895366882
2020-03-02,0.006375197414828684
2020-03-03,-0.00020664739431556868
2020-03-04,0.020893762391138
2020-03-05,0.001545956647180763
2020-03-06,0.011832378806501828
2020-03-09,0.00487066248979249
2020-03-10,-0.012383442041264972
2020-03-11,-0.015907486870369997
2020-03-12,0.008035326690150928
2020-03-13,-0.0238280431690301
2020-03-16,0.014501831089355497
2020-03-17,0.00033980503471389527
2020-03-18,-0.0018078450602851785
2020-03-19,-0.00012413282821186595
2020-03-20,-0.0068679882840582615
2020-03-23,-0.006016393470050487
2020-03-24,-0.027156922422538924
2020-03-25,-0.0018937213139100083
2020-03-26,0.0109285326559102
2020-03-27,0.011665517304599485
2020-03-30,0.012962542819985708
2020-03-31,0.0035109746004849556
2020-04-01,0.023284392378981306
2020-04-02,0.010707297973297473
2020-04-03,0.001955773727520059
2020-04-06,-0.007342601479335635
2020-04-07,0.013623769688569676
2020-04-08,-2.56216566348362e-05
2020-04-09,0.0034732402557574793
2020-04-13,0.0007447777939617858
2020-04-14,0.01804971420919738
2020-04-15,0.014611377956697352
2020-04-16,0.004524962008623038
2020-04-17,-0.005291081437016373
2020-04-20,-0.003946937216458322
2020-04-21,-0.0072496719328728025
2020-04-22,0.007633699007823825
2020-04-23,0.002093879686275546
2020-04-24,-0.003518058220047524
2020-04-27,-0.0017511828446152228
2020-04-28,-0.0037394945540607915
2020-04-29,-0.014549227175817876
2020-04-30,0.006323181542118328
2020-05-01,0.007881815895223089
2020-05-04,-0.0103950032825909
2020-05-05,0.00977915207178087
2020-05-06,0.00978898037447508
2020-05-07,-0.02184510028925624
2020-05-08,-0.002232013513447469
2020-05-11,0.0007110169661051904
2020-05-12,-0.008741943938478084
2020-05-13,0.013477543132457437
2020-05-14,-0.008999702340992182
2020-05-15,-0.008624881676378546
2020-05-18,-0.0034688833228483946
2020-05-19,0.009599948267997841
2020-05-20,-0.011812923440091027
2020-05-21,-0.018042042788548367
2020-05-22,-0.0005969531794816501
2020-05-26,-0.003349358396875369
2020-05-27,0.0087592355010249
2020-05-28,0.0002203492746192475
2020-05-29,0.01969535092866152
2020-06-01,0.0019441305882566722
2020-06-02,-0.007238929946299635
2020-06-03,-0.008949734881639703
2020-06-04,0.010378690781017365
2020-06-05,-0.008630388010652992
2020-06-08,0.006311739629855228
2020-06-09,-0.003435990294266932
2020-06-10,0.004760485185028428
2020-06-11,-0.0011051001599191935
2020-06-12,-0.02323593516920971
2020-06-15,-0.005752656921826452
2020-06-16,-0.008351644248073076
2020-06-17,0.008823814152506859
2020-06-18,-0.0013697808332865384
2020-06-19,-0.002178272739673225
2020-06-22,-0.00179950411652912
2020-06-23,-0.009167736702893793
2020-06-24,0.0030200391245345285
2020-06-25,-0.0071664352863814096
2020-06-26,-0.004314435647424517
2020-06-29,0.005994851823795679
2020-06-30,-0.0031112210600895813
2020-07-01,0.0046023555685373385
2020-07-02,-0.004511539184186215
2020-07-06,0.000940519792142529
2020-07-07,0.0053870021036312435
2020-07-08,-0.006763606732155355
2020-07-09,0.00729123792877138
2020-07-10,0.01338220294725408
2020-07-13,-0.002644629517674528
2020-07-14,0.006058439140611444
2020-07-15,0.006898526393956925
2020-07-16,0.0022880089741478364
2020-07-17,-0.0043685033707134635
2020-07-20,-0.003522865753714385
2020-07-21,-0.0011997702660970575
2020-07-22,-0.0011570416626993458
2020-07-23,0.0006329844276816627
2020-07-24,-0.0025863111572749513
2020-07-27,-0.0041882730963890445
2020-07-28,0.00251613925888793
2020-07-29,-0.005954421874822997
2020-07-30,9.576927283623117e-05
2020-07-31,0.002443395356608075
2020-08-03,-0.008154421295735176
2020-08-04,0.0063083612037603725
2020-08-05,-0.0024785863137372056
2020-08-06,-0.006484388790505325
2020-08-07,0.00474599516172961
2020-08-10,-0.0013130418752163222
2020-08-11,0.0012086995963546349
2020-08-12,-0.0014185635735501816
2020-08-13,0.006187285846517043
2020-08-14,0.004155298437166764
2020-08-17,0.0014744321752315451
2020-08-18,0.005520642059597654
2020-08-19,-0.015733348447961416
2020-08-20,-0.0022720460865149543
2020-08-21,0.0012925395525058246
2020-08-24,0.007597409647688771
2020-08-25,-0.013191923804167451
2020-08-26,0.006038586175661768
2020-08-27,-0.007285684830571802
2020-08-28,0.005191587877259645
2020-08-31,0.006398845026537206
2020-09-01,-1.247300995366214e-05
2020-09-02,0.004276008593843093
2020-09-03,0.0005568788690771242
2020-09-04,-0.0024510771110521964
2020-09-08,0.008115411233526928
2020-09-09,0.005567561167846387
2020-09-10,-0.008317324780976514
2020-09-11,0.002039002801689909
2020-09-14,-0.0007089062037996909
2020-09-15,-0.004795586816399062
2020-09-16,-0.003649650824969685
2020-09-17,-0.0016945193283936378
2020-09-18,0.002319656213594794
2020-09-21,-0.010729180132586521
2020-09-22,0.005748297295296141
2020-09-23,0.0012222938905229485
2020-09-24,-0.0005323834328548984
2020-09-25,-0.0019330656130587824
2020-09-28,0.0006871131831620045
2020-09-29,-0.003608049605308582
2020-09-30,0.0007283770941927431
2020-10-01,0.007964057613518568
2020-10-02,0.0003275203290901148
2020-10-05,0.0025464041201287506
2020-10-06,-0.0008422069345227811
2020-10-07,0.002871907235100235
2020-10-08,0.001978321647876072
2020-10-09,0.007230657136134502
2020-10-13,0.004502230325304972
2020-10-14,-0.005037460125981795
2020-10-15,0.0044715338151418834
2020-10-16,-0.0014214205183189753
2020-10-19,-0.01198494434780889
2020-10-20,-0.007151599527315924
2020-10-21,0.0016528532383508314
2020-10-22,0.006323214987215232
2020-10-23,-0.0013872210826259472
2020-10-26,-0.00026136264617922933
2020-10-27,0.0034547464261823757
2020-10-28,-0.021083015162009795
2020-10-29,-0.0075243588090936325
2020-10-30,0.0004483940866287332
2020-11-02,0.0015789244078297045
2020-11-03,0.005382339248045916
2020-11-04,0.0035400176756328902
2020-11-05,0.005933091356199876
2020-11-06,-0.0032090341939585315
2020-11-09,-0.004078099303367064
2020-11-10,0.021674234958511847
2020-11-12,-0.0031787348776052475
2020-11-13,-0.0010583715511125848
2020-11-16,0.002691826521126662
2020-11-17,0.005103205617296506
2020-11-18,-0.008148785052554766
2020-11-19,0.002095643090051269
2020-11-20,-0.0026380841134671573
2020-11-23,0.0006163232936434309
2020-11-24,-0.006411647236266541
2020-11-25,0.005662534312332346
2020-11-27,-0.005863444074245121
2020-11-30,0.0038091383029982702
2020-12-01,0.0006894864626021315
2020-12-02,-0.000598672366260078
2020-12-03,-0.006523105169398452
2020-12-04,-0.0038973239094886435
2020-12-07,0.0022894345259189272
2020-12-08,0.004680081539274004
2020-12-09,0.007458817201817113
2020-12-10,0.0004954700459150735
2020-12-11,-0.00041982384493808526
2020-12-14,-0.00587487736833425
2020-12-15,0.007355615275298106
2020-12-16,0.0013477692485276565
2020-12-17,0.009357570001908708
2020-12-18,0.008619922815603831
2020-12-21,-0.001310955418105897
2020-12-22,0.002071236281057896
2020-12-23,0.002585212637561685
2020-12-24,2.886163459843608e-05
2020-12-28,-0.00017429484433731965
2020-12-29,-0.006884943379432165
2020-12-30,0.0006202190028417496
2020-12-31,0.008360448207566734
2021-01-04,-0.005121702541792108
2021-01-05,0.0029608154238846243
2021-01-06,0.010307465084659378
2021-01-07,0.0025765904013735183
2021-01-08,-0.005527485250485086
2021-01-11,-0.002780264862239886
2021-01-12,-0.003625843572938108
2021-01-13,0.002261046855576768
2021-01-14,-0.00042370716883619654
2021-01-15,-0.007855963875320603
2021-01-19,-0.002277873582961503
2021-01-20,0.0015888368029658552
2021-01-21,0.004292381446359795
2021-01-22,0.000578016199559687
2021-01-25,0.004259549257395234
2021-01-26,-0.0014140608974364977
2021-01-27,-0.0015776486359956113
2021-01-28,-0.014849575770001875
2021-01-29,0.0052654095818019655
2021-02-01,-0.0031799056834087526
2021-02-02,-0.004275840168701013
2021-02-03,-0.0033437997602511873
2021-02-04,0.0009733282834400984
2021-02-05,0.009554822973100138
2021-02-08,0.003727133337850088
2021-02-09,0.006270790820906351
2021-02-10,0.005459319006737214
2021-02-11,0.0012295060945542633
2021-02-12,0.0050348278559479
2021-02-16,-0.0058765579940955655
2021-02-17,0.00495981069639953
2021-02-18,-0.003227094209758044
2021-02-19,-0.016968656469429372
2021-02-22,0.0028281516004933886
2021-02-23,-0.001605507395015334
2021-02-24,-0.01082950374408372
2021-02-25,0.0017826923031926127
2021-02-26,-0.016144730341727927
2021-03-01,0.0005690806161717228
2021-03-02,0.0026184783091559058
2021-03-03,0.004992764919146075
2021-03-04,0.004946795444372083
2021-03-05,0.002004197089144821
2021-03-08,0.01436355987720144
2021-03-09,-0.008767375663158548
2021-03-10,0.004778096986097997
2021-03-11,-0.012764919835402741
2021-03-12,0.002671329837651422
2021-03-15,0.006737764863964086
2021-03-16,0.0024348753013869744
2021-03-17,0.0007641437965922397
2021-03-18,-0.003509619329894786
2021-03-19,-0.0048734469690002126
2021-03-22,-0.004981241018707566
2021-03-23,0.006124347015505251
2021-03-24,-0.0007770771029364491
2021-03-25,0.00117043926046757
2021-03-26,0.005548109161708742
2021-03-29,0.010328450751973781
2021-03-30,-0.006886409432579143
2021-03-31,-0.0059476383514062234
2021-04-01,0.003913703124142193
2021-04-05,0.012648358307465885
2021-04-06,0.007392639368304189
2021-04-07,-0.00034156818716443835
2021-04-08,-0.002238909541124093
2021-04-09,-0.006171708434654652
2021-04-12,0.008618146742459627
2021-04-13,-0.0008526178312147591
2021-04-14,-0.005806081132934748
2021-04-15,0.004373114952537964
2021-04-16,0.010668403626998689
2021-04-19,0.004302446511324945
2021-04-20,0.004921203231096123
2021-04-21,-0.010198513333058797
2021-04-22,-0.002867449251369778
2021-04-23,-0.002043879612439716
2021-04-26,-0.004745561856805639
2021-04-27,0.003026103242450595
2021-04-28,-0.003260369318160701
2021-04-29,0.00014744046086184853
2021-04-30,-0.011274203612187617
2021-05-03,0.0059095529900014335
2021-05-04,-0.004238640940626856
2021-05-05,0.003403714235182261
2021-05-06,0.002095091885833408
2021-05-07,0.0026450136839496615
2021-05-10,0.0103581842900489
2021-05-11,-0.013221861410386247
2021-05-12,-0.0009078574124556187
2021-05-13,0.00010202013088111598
2021-05-14,-0.0028169874341251394
2021-05-17,-0.007743011345651637
2021-05-18,-0.0017244628028741389
2021-05-19,-0.004941419817594613
2021-05-20,0.0027164286612171417
2021-05-21,0.007576710444919822
2021-05-24,-0.004726768847539389
2021-05-25,-0.003988178411945909
2021-05-26,0.004353324937181077
2021-05-27,-0.0006300503254151925
2021-05-28,-0.000964748766925117
2021-06-01,-0.006124309788211611
2021-06-02,0.0013615605261675346
2021-06-03,0.004463044102294342
2021-06-04,0.0006293194359224337
2021-06-07,-0.002854401609872404
2021-06-08,-0.013942483327245342
2021-06-09,0.003842356931056512
2021-06-10,0.008076807117485126
2021-06-11,0.004816567570842691
2021-06-14,0.0011140441386337855
2021-06-15,0.003590335842476347
2021-06-16,-0.006795641911455977
2021-06-17,-0.011084514496505004
2021-06-18,-0.0017713140142414843
2021-06-21,0.00699606123602521
2021-06-22,2.1543621210957824e-05
2021-06-23,-0.0065757740306674264
2021-06-24,0.0037150471640188276
2021-06-25,0.006086809064315425
2021-06-28,-0.004468689881564008
2021-06-29,-0.0011034129933105749
2021-06-30,-0.000764545354490974
2021-07-01,0.0004652449029519832
2021-07-02,-0.001900586337445091
2021-07-06,0.00325660451851491
2021-07-07,-0.005023693991600593
2021-07-08,-0.0001096103764241262
2021-07-09,-0.0013199496798593697
2021-07-12,-0.007675124599222972
2021-07-13,-0.0025405087230579225
2021-07-14,0.008634251908439354
2021-07-15,0.0022368983884840277
2021-07-16,-0.004130979317770802
2021-07-19,0.003581417554815633
2021-07-20,-0.004331934277855541
2021-07-21,-0.005579952158257148
2021-07-22,-0.0017141900113625185
2021-07-23,0.005748118410003629
2021-07-26,-0.002795338327150541
2021-07-27,-0.005239962828795623
2021-07-28,-0.0038914108509830914
2021-07-29,-0.0033021378792495375
2021-07-30,0.0066095418109675215
2021-08-02,-0.0005921463559178125
2021-08-03,0.006777600246720583
2021-08-04,0.000384057204711472
2021-08-05,-0.004931293591605864
2021-08-06,-0.008085553675010685
2021-08-09,3.28526211057475e-05
2021-08-10,-0.002675498633598294
2021-08-11,0.0019908560256937952
2021-08-12,0.0009199386081092301
2021-08-13,-1.8739314283159608e-05
2021-08-16,0.0033354762523785638
2021-08-17,-0.0017575689041985066
2021-08-18,-0.01054670162689202
2021-08-19,-0.004450342261362249
2021-08-20,0.001715966550435349
2021-08-23,0.0009795247563154801
2021-08-24,0.0029261834936639983
2021-08-25,-1.1421974706629727e-05
2021-08-26,0.00012605404824463063
2021-08-27,0.0015808828368545716
2021-08-30,-0.0003922804879709858
2021-08-31,0.0006032679971660221
2021-09-01,-0.0008270684656364448
2021-09-02,0.009640642201059044
2021-09-03,0.0014884029409283899
2021-09-07,-0.015713543628972856
2021-09-08,0.014112658619482483
2021-09-09,0.0006245971566610052
2021-09-10,0.0005543792593989945
2021-09-13,0.0007472028470494306
2021-09-14,-0.003004544220805089
2021-09-15,-0.0032153961245135454
2021-09-16,-0.009224843254735458
2021-09-17,-0.0034877038761656153
2021-09-20,-0.0021679524976533967
2021-09-21,-0.0013165042788460142
2021-09-22,-0.005007367498627195
2021-09-23,0.002097360035537331
2021-09-24,0.006034298323403877
2021-09-27,0.0037622435388597244
2021-09-28,0.0039433216022003136
2021-09-29,0.000659233772177988
2021-09-30,-0.009912018114570192
2021-10-01,0.005497799450376898
2021-10-04,0.009146019913288938
2021-10-05,-0.0009396461990907913
2021-10-06,0.006070935493672276
2021-10-07,-0.003266091302128049
2021-10-08,-0.0019364622707490338
2021-10-12,-0.002943895478572014
2021-10-13,0.004512489207687095
2021-10-14,-0.001835137827308091
2021-10-15,-0.010654895347484367
2021-10-18,-0.008440742592510481
2021-10-19,0.012299949986267643
2021-10-20,0.0006039444699714407
2021-10-21,-0.009742257894040828
2021-10-22,0.004840354842391381
2021-10-25,-0.005938436331347221
2021-10-26,-0.008842494894455592
2021-10-27,-0.009368402806504264
2021-10-28,-0.000995828269627813
2021-10-29,0.004714845376872802
2021-11-01,0.010320560355095935
2021-11-02,-0.007867822196729646
2021-11-03,0.00015935510441922885
2021-11-04,-0.007066230983127223
2021-11-05,0.006582141840488639
2021-11-08,-0.0013935576237603276
2021-11-09,-0.002626113972025275
2021-11-10,0.006691141500096038
2021-11-12,-0.0026788280295584914
2021-11-15,0.009922500747698005
2021-11-16,-0.010325058226045533
2021-11-17,0.006237735192698753
2021-11-18,-0.0042917697313769754
2021-11-19,-0.008315142596903004
2021-11-22,0.009435688826246898
2021-11-23,0.001481367952208138
2021-11-24,-0.0010925709724187863
2021-11-26,-0.004370524702598557
2021-11-29,-0.0074729612469029314
2021-11-30,-0.015407851715792936
2021-12-01,-0.011713997066125222
2021-12-02,0.0013921519019154645
2021-12-03,0.010688206181879788
2021-12-06,0.004001841677732958
2021-12-07,-0.0013437911767197872
2021-12-08,0.006409205213024453
2021-12-09,-0.0002321876354045285
2021-12-10,0.0018400814821907337
2021-12-13,0.017123844225156393
2021-12-14,0.0024620333553040737
2021-12-15,0.0033030978492056555
2021-12-16,0.015368386756474445
2021-12-17,-0.01929327431768469
2021-12-20,0.012536643899734015
2021-12-21,-0.008979664296049778
2021-12-22,-0.005477203375172408
2021-12-23,0.0037049915014285657
2021-12-27,0.006736848534695259
2021-12-28,0.007437874019317552
2021-12-29,-0.0005855998285980839
2021-12-30,0.0095412890924552
2021-12-31,0.006178068810770729
2022-01-03,-0.006865544152094223
2022-01-04,0.0016289364111604764
2022-01-05,0.005006816752140853
2022-01-06,0.005885239741901615
2022-01-07,0.0037156151115767338
2022-01-10,0.01555556771883817
2022-01-11,-0.008743721488808443
2022-01-12,-0.005233352485876667
2022-01-13,-0.0038269218260079283
2022-01-14,0.003995467948606893
2022-01-18,0.005192050325323071
2022-01-19,0.0009506129499100738
2022-01-20,-0.009268034403764596
2022-01-21,-0.00015416461817815063
2022-01-24,0.004746827182519207
2022-01-25,0.0056474031329073636
2022-01-26,-0.011680462977665411
2022-01-27,-0.0006702235594341355
2022-01-28,0.008760507449743132
2022-01-31,0.003230355826268704
2022-02-01,0.0026068891926591667
2022-02-02,-0.006247028559833657
2022-02-03,0.004574714037851919
2022-02-04,-0.0035801345539260222
2022-02-07,7.214715639856388e-05
2022-02-08,-0.0076938746604316086
2022-02-09,0.0022368349952888275
2022-02-10,-0.0029899640280372664
2022-02-11,0.009150996940134107
2022-02-14,0.0020505567668261844
2022-02-15,0.0032718183298927513
2022-02-16,-0.0051476195478262175
2022-02-17,0.008119300067634618
2022-02-18,0.007962257799470913
2022-02-22,-0.005606959510762604
2022-02-23,-0.0017213919840811662
2022-02-24,-0.00830088809547966
2022-02-25,0.01060629429814886
2022-02-28,0.0011164228840808798
2022-03-01,0.005688838893072121
2022-03-02,0.005258427410224356
2022-03-03,0.0004352508705955409
2022-03-04,0.003498771252813499
2022-03-07,-0.00643384372533225
2022-03-08,-0.0029313455033467767
2022-03-09,-0.003088198072155261
2022-03-10,0.004401590126788465
2022-03-11,0.009084689680310256
2022-03-14,-0.008930977720735263
2022-03-15,-0.0039026552264366243
2022-03-16,-0.0011040766912238929
2022-03-17,0.006692783123400649
2022-03-18,0.0020368549353219664
2022-03-21,0.005821240020964466
2022-03-22,-0.0020459152728507513
2022-03-23,0.010139670100757343
2022-03-24,-0.0037876872705230762
2022-03-25,0.013678082119048763
2022-03-28,0.0052360636112006274
2022-03-29,-0.004840449415606882
2022-03-30,0.0007029852275750679
2022-03-31,-0.010334167302540014
2022-04-01,0.004046877770841036
2022-04-04,-0.003974101777408937
2022-04-05,-0.004018954349204825
2022-04-06,0.01195655916166127
2022-04-07,0.009922333867192212
2022-04-08,0.0008925385843267302
2022-04-11,-0.005750403270096744
2022-04-12,0.0009772058368329522
2022-04-13,0.003565208734450926
2022-04-14,0.005898985819832058
2022-04-18,-0.008519078536564917
2022-04-19,-0.0025514589824596344
2022-04-20,0.006776204930052147
2022-04-21,-0.00475467054763711
2022-04-22,-0.011030357441819849
2022-04-25,0.0008085065628800023
2022-04-26,0.00037505455900458805
2022-04-27,-0.0006905065573762024
2022-04-28,0.00871700676316673
2022-04-29,-0.006690931164471942
2022-05-02,0.004222481613531297
2022-05-03,-0.002042185479694961
2022-05-04,0.004167941404490529
2022-05-05,0.010447765563155905
2022-05-06,0.00550852668434132
2022-05-09,0.001389388966118611
2022-05-10,-0.004341809639547734
2022-05-11,0.0009560628642671751
2022-05-12,0.00788271472267756
2022-05-13,0.0035782766949736832
2022-05-16,-0.00013563400102825315
2022-05-17,-0.013760603150633552
2022-05-18,-0.014582205772647837
2022-05-19,0.01035122462804877
2022-05-20,0.00797345551052759
2022-05-23,0.008484554918776385
2022-05-24,0.013476161768656562
2022-05-25,0.006346874655779382
2022-05-26,-0.0024879644811903437
2022-05-27,0.009485456891204778
2022-05-31,-0.0077751039714842665
2022-06-01,0.003796332776142282
2022-06-02,-0.003211885112716776
2022-06-03,-0.004952559193587153
2022-06-06,-0.0016643018592757766
2022-06-07,0.001769182445015147
2022-06-08,-0.006270534892700298
2022-06-09,-0.008920169153621909
2022-06-10,0.0015303423155416133
2022-06-13,-0.002043150776797388
2022-06-14,-0.01379741357301899
2022-06-15,-0.001345591730346303
2022-06-16,0.0062291768042769926
2022-06-17,-0.005461828304306981
2022-06-21,0.017055291229242535
2022-06-22,0.0008129385658610534
2022-06-23,0.004327533022736349
2022-06-24,-0.001217383754480999
2022-06-27,0.008274061800822227
2022-06-28,-0.0005687745326440116
2022-06-29,0.0011932028585350204
2022-06-30,-0.005754709766492117
2022-07-01,0.004076004005117917
2022-07-05,-0.002330804382727947
2022-07-06,-0.0026631828229982807
2022-07-07,9.455059865588738e-05
2022-07-08,-0.00332686533794086
2022-07-11,0.001379486313047129
2022-07-12,-0.003175714036337596
2022-07-13,0.006044710636469978
2022-07-14,0.0033081484352967417
2022-07-15,0.0044170679121540235
2022-07-18,-0.00919164518341141
2022-07-19,-0.00012123356455007848
2022-07-20,-0.010942243412346135
2022-07-21,-0.002151980438696745
2022-07-22,-0.008333384399648017
2022-07-25,0.004510986108531483
2022-07-26,0.002503800942742319
2022-07-27,0.00019322817657646315
2022-07-28,0.008377952971307036
2022-07-29,0.005739956138547508
2022-08-01,0.009240679609309535
2022-08-02,-0.002812780784421433
2022-08-03,-0.0053291818578265655
2022-08-04,-0.006933048645192963
2022-08-05,-0.0023184944074708643
2022-08-08,0.005382783879420407
2022-08-09,0.010116013097597255
2022-08-10,-0.0017761122069875192
2022-08-11,-0.007060727268342895
2022-08-12,0.005067263099591609
2022-08-15,0.006647984625336323
2022-08-16,0.007459631689435733
2022-08-17,-0.0045219044063169594
2022-08-18,-0.00630187533499009
2022-08-19,0.006112618031710878
2022-08-22,0.0048159128525536565
2022-08-23,0.0006206447710432595
2022-08-24,-0.0030599038759742216
2022-08-25,0.00798579759693316
2022-08-26,-0.0034780792917820168
2022-08-29,0.0023835446794529865
2022-08-30,-0.01035246492320944
2022-08-31,0.0006453808011584148
2022-09-01,0.008298966201530302
2022-09-02,-0.002260769045295739
2022-09-06,-0.007085364938111238
2022-09-07,0.00939116422937146
2022-09-08,-0.0032720885912531483
2022-09-09,-0.0017497921386552405
2022-09-12,0.007068531767906601
2022-09-13,-0.011945568863672127
2022-09-14,0.013479624751024636
2022-09-15,0.0026096769998344457
2022-09-16,-0.009950848755658987
2022-09-19,0.002762681182710785
2022-09-20,-0.0011941233415237386
2022-09-21,-0.00884672690778333
2022-09-22,0.0037667708107925403
2022-09-23,-0.012505277030489191
2022-09-26,0.004537257047036143
2022-09-27,-0.00638458958391501
2022-09-28,0.013479477101698322
2022-09-29,-0.0026634507917400268
2022-09-30,-0.007878111668168531
2022-10-03,0.006054803937649728
2022-10-04,0.007977609715025601
2022-10-05,-0.008829071717647184
2022-10-06,-0.00797144639384421
2022-10-07,-0.004547771077855374
2022-10-11,-0.008192775811905958
2022-10-12,0.004216065511077866
2022-10-13,0.012191848957877666
2022-10-14,0.0016093666871962041
2022-10-17,-0.00046122377762799647
2022-10-18,0.013953366710344757
2022-10-19,-0.00013830515513345916
2022-10-20,0.0004987360424835059
2022-10-21,0.010901950387568108
2022-10-24,-0.005285975402550566
2022-10-25,-0.007928676328401918
2022-10-26,-0.012569473728890274
2022-10-27,0.002829213014766508
2022-10-28,0.0008374336513319461
2022-10-31,0.01007029178070868
2022-11-01,0.0014305427277538348
2022-11-02,-0.011287196819257895
2022-11-03,0.006516378963135223
2022-11-04,-0.003662497682853515
2022-11-07,-0.0022218093730959525
2022-11-08,0.006181111882493764
2022-11-09,-0.006624158694234985
2022-11-10,-0.02747978609960454
2022-11-14,0.0066421673812806755
2022-11-15,0.0030807892794134403
2022-11-16,0.007878643438700716
2022-11-17,0.004520509563759013
2022-11-18,0.00351269335089219
2022-11-21,0.007237850115096528
2022-11-22,0.0032947548201047996
2022-11-23,0.0016895650015152904
2022-11-25,0.007459725222757632
2022-11-28,-0.001957283818632262
2022-11-29,0.0008742712396806276
2022-11-30,0.007405059310575585
2022-12-01,0.0012190807718254488
2022-12-02,0.0016693730356005603
2022-12-05,-0.009591471075304772
2022-12-06,-0.009986720165905278
2022-12-07,-0.0004501201279508371
2022-12-08,-0.003847374137717162
2022-12-09,-0.008965987445316726
2022-12-12,0.012236473814197991
2022-12-13,-0.009857953240620937
2022-12-14,-0.010275483110645951
2022-12-15,0.0003709235903973814
2022-12-16,-0.010545858720740677
2022-12-19,0.00670148763856859
2022-12-20,0.0020964148349976847
2022-12-21,-0.0027877671099280606
2022-12-22,0.0034932856917890987
2022-12-23,0.0056098367570406125
2022-12-27,9.749107408443545e-06
2022-12-28,-0.009567588506402396
2022-12-29,0.0007681985860727328
2022-12-30,-0.0012839550338645167
2023-01-03,0.008016406869163087
2023-01-04,0.0056676055055361555
2023-01-05,0.0017908944142929685
2023-01-06,0.005058257605812344
2023-01-09,-0.00880136397934895
2023-01-10,-0.007720356058195575
2023-01-11,-0.001692316807185572
2023-01-12,-0.0026874705924170537
2023-01-13,-0.0013451107970538646
2023-01-17,0.007508225855572763
2023-01-18,-0.012169059761322567
2023-01-19,0.006963492141098808
2023-01-20,-0.004191340780957818
2023-01-23,-0.0011818850834689266
2023-01-24,0.0030656194302504255
2023-01-25,0.010336547696165281
2023-01-26,0.0023975077504581484
2023-01-27,0.0008181957582363407
2023-01-30,-0.005643215199396539
2023-01-31,0.00215004181528918
2023-02-01,-0.01548203889470796
2023-02-02,-0.017402123332957698
2023-02-03,0.004130065410809175
2023-02-06,0.008330152881272
2023-02-07,-0.007072637813552564
2023-02-08,-0.006531121151185158
2023-02-09,-0.007059684599859682
2023-02-10,0.005167192429901396
2023-02-13,0.0011154519907625288
2023-02-14,-0.010056448951758874
2023-02-15,0.0028664157511805086
2023-02-16,0.0011754859975536193
2023-02-17,0.007064636080097366
2023-02-21,0.001588256390841362
2023-02-22,0.000775398006151122
2023-02-23,-0.00679568103875767
2023-02-24,-0.001570220564893909
2023-02-27,0.002764305360618514
2023-02-28,-0.010908230862223018
2023-03-01,-0.001803378314095297
2023-03-02,0.005692986415881245
2023-03-03,-0.0050392845496889495
2023-03-06,0.00014284692972164545
2023-03-07,0.001071897933099708
2023-03-08,-0.006274076131981217
2023-03-09,-0.004360252543586243
2023-03-10,-0.00021444924007315408
2023-03-13,0.004247879609927685
2023-03-14,0.0019041056180601568
2023-03-15,0.015287927540916253
2023-03-16,0.0012082919220994227
2023-03-17,-0.0012328101238596647
2023-03-20,0.0089538252985118
2023-03-21,-0.0013525723761388525
2023-03-22,-0.0033389489014764395
2023-03-23,0.0028312431947946854
2023-03-24,0.007071061050431338
2023-03-27,0.010053851661452853
2023-03-28,-0.003072824113105097
2023-03-29,-0.004771063869592052
2023-03-30,7.480680971692524e-05
2023-03-31,0.011201620771760767
2023-04-03,0.007324136611404849
2023-04-04,0.009147674820830377
2023-04-05,0.005636185713016187
2023-04-06,0.0006039596688147659
2023-04-10,0.0017739917982293706
2023-04-11,0.0010028105137304397
2023-04-12,0.005058024221784554
2023-04-13,0.0014499074148858451
2023-04-14,0.002125813259326658
2023-04-17,0.00714939562370148
2023-04-18,-0.004976096673935054
2023-04-19,-0.005410777466525607
2023-04-20,0.0010508569369940548
2023-04-21,0.0044988900064603975
2023-04-24,0.004501830003389558
2023-04-25,0.004848069863935751
2023-04-26,-0.015791583885359433
2023-04-27,-0.0023532462250135874
2023-04-28,-0.008984619494910393
2023-05-01,0.0050592262595808134
2023-05-02,0.007876575278303625
2023-05-03,0.0004515214599621159
2023-05-04,0.0011918886698416506
2023-05-05,0.006464170974599771
2023-05-08,0.00023895174668156705
2023-05-09,0.001697606577048085
2023-05-10,0.001320366533327496
2023-05-11,-0.003747444502961453
2023-05-12,-0.00012757882653052056
2023-05-15,-0.0033612036593672705
2023-05-16,-0.008159946215541721
2023-05-17,-0.006163914081470776
2023-05-18,-0.001838389007827277
2023-05-19,-0.0005411708318890891
2023-05-22,-0.0058227252605924625
2023-05-23,-0.0001742609426693015
2023-05-24,0.0017217948171071413
2023-05-25,-0.010665216976341249
2023-05-26,-0.001387847535621972
2023-05-30,-0.0060258434244141275
2023-05-31,0.0023285792369278856
2023-06-01,0.00035612907187363444
2023-06-02,0.005910505459813534
2023-06-05,-0.0027106391144476496
2023-06-06,-0.0028556158418144937
2023-06-07,0.000994813618113168
2023-06-08,0.010103844057449022
2023-06-09,-0.00696936887671845
2023-06-12,0.002095349284687769
2023-06-13,-0.006085533466236255
2023-06-14,-0.001328015044518388
2023-06-15,0.006901098294192523
2023-06-16,0.006310900237262052
2023-06-20,-0.014151491700788613
2023-06-21,0.0041078395720702135
2023-06-22,0.0010021372537957227
2023-06-23,-0.0023049600554733277
2023-06-26,0.005531553167455059
2023-06-27,0.0023213558743409354
2023-06-28,0.0023219383186572086
2023-06-29,0.015179669708556007
2023-06-30,0.00837079288370977
2023-07-03,-0.00516612220916338
2023-07-05,0.0018553484720952222
2023-07-06,-0.011295270796871808
2023-07-07,-0.004927627884312958
2023-07-10,0.001985300294335674
2023-07-11,0.0020225956605425407
2023-07-12,-0.002515772525444503
2023-07-13,-0.008095998135509205
2023-07-14,-0.002816508736281557
2023-07-17,-0.003771963079129172
2023-07-18,-0.00476223633465934
2023-07-19,0.004098452858312018
2023-07-20,0.001674711540770697
2023-07-21,0.017557438659368478
2023-07-24,-0.0011369375156939437
2023-07-25,-0.006914866610002378
2023-07-26,0.0094387354133929
2023-07-27,-0.010969229033950777
2023-07-28,-0.0010842845566755176
2023-07-31,0.006019400836253013
2023-08-01,-0.005928313062283227
2023-08-02,0.00900454226469167
2023-08-03,0.002383687010093005
2023-08-04,-0.00045736460953650995
2023-08-07,0.007083818757564792
2023-08-08,0.002057729874674121
2023-08-09,0.011466601818470309
2023-08-10,-0.0006568425914126617
2023-08-11,0.008043536970893519
2023-08-14,-0.004215713052146759
2023-08-15,-0.007667450296385977
2023-08-16,0.003131175150032304
2023-08-17,-0.0070475141449166095
2023-08-18,-0.0025063923035389974
2023-08-21,0.0020154485500024316
2023-08-22,-0.004514557004299637
2023-08-23,-0.007086805543886006
2023-08-24,-0.0033020203222687097
2023-08-25,-0.0013151431913402867
2023-08-28,0.0004416208648124017
2023-08-29,0.0016128724575003607
2023-08-30,0.0018103491475854566
2023-08-31,-0.007339542924072081
2023-09-01,0.006563635867848089
2023-09-05,-0.011593338931420448
2023-09-06,-0.004464077348694326
2023-09-07,-0.0004037105722533203
2023-09-08,0.004267557419775191
2023-09-11,-0.0007243601518142307
2023-09-12,0.0020837152394942078
2023-09-13,-0.0005533555480231447
2023-09-14,0.0027982403305709933
2023-09-15,-0.00573682604338135
2023-09-18,0.0018547896738672594
2023-09-19,-0.0010882472550908893
2023-09-20,0.007274098412009507
2023-09-21,0.00015950088097531025
2023-09-22,0.0017211259498104926
2023-09-25,-0.0018842482875553626
2023-09-26,-0.005966519855224545
2023-09-27,-0.009230705077080252
2023-09-28,0.007435966945652817
2023-09-29,-0.009045472945496631
2023-10-02,-0.01533543648541786
2023-10-03,0.01018414159970161
2023-10-04,0.0029806113398428325
2023-10-05,0.004153758370450623
2023-10-06,-8.271008061641583e-05
2023-10-10,0.006247488819962678
2023-10-11,-0.018717205522323636
2023-10-12,-0.007831261898250763
2023-10-13,4.715171956663205e-06
2023-10-16,0.011048784476798563
2023-10-17,0.006866896869100237
2023-10-18,-0.008681776624205126
2023-10-19,-0.003467489330775904
2023-10-20,-0.003770120380300469
2023-10-23,0.0011486033589730162
2023-10-24,0.00870849564736405
2023-10-25,0.010100322391271664
2023-10-26,-0.010015174469280264
2023-10-27,0.0032512603628640294
2023-10-30,-0.0010614527574785537
2023-10-31,0.0003799401099649754
2023-11-01,0.01100571738135044
2023-11-02,-0.0016504040187032792
2023-11-03,0.0020580902158580895
2023-11-06,-0.0029376425093265977
2023-11-07,-0.005413490123926691
2023-11-08,0.002059812378698067
2023-11-09,0.006132155526418704
2023-11-10,0.0019480209009415032
2023-11-13,0.0063975269879211925
2023-11-14,0.0017821288256550728
2023-11-15,-0.007377540053176704
2023-11-16,0.0034638077336553493
2023-11-17,0.0004093537071150061
2023-11-20,-0.0005740845099640053
2023-11-21,0.007578339737644483
2023-11-22,0.0013113593588679959
2023-11-24,0.0010971326468570057
2023-11-27,0.001430050528486925
2023-11-28,0.001585472173504195
2023-11-29,-0.0030806056705540825
2023-11-30,0.010358678854220215
2023-12-01,-0.0027524955794042192
2023-12-04,0.0013163316313652734
2023-12-05,-0.006739304651942354
2023-12-06,-0.0032466640832539036
2023-12-07,0.0075599939638532915
2023-12-08,-0.010930581056967384
2023-12-11,0.0061260204437083845
2023-12-12,0.0006105309819044947
2023-12-13,-0.0047302912966072945
2023-12-14,-0.009124199737374522
2023-12-15,0.002334284610211166
2023-12-18,0.012451192161558815
2023-12-19,-0.0023217311335890817
2023-12-20,-0.013255606795563176
2023-12-21,0.009509087988566721
2023-12-22,0.008175454086050695
2023-12-26,0.00373533145567493
2023-12-27,-0.0011293106863377628
2023-12-28,0.0010303546751436704
2023-12-29,0.0047861615640957525
2024-01-02,0.006484575395820092
2024-01-03,0.0019197153133306292
2024-01-04,-0.0012438900966753347
2024-01-05,0.000758471175661553
2024-01-08,0.0012553469897795026
2024-01-09,-0.001646666742162189
2024-01-10,0.0005429815820539559
2024-01-11,0.0002444217323624405
2024-01-12,0.004901239390051548
2024-01-16,-0.00010688121889100185
2024-01-17,0.004734763085908733
2024-01-18,0.0059485828842648115
2024-01-19,-0.0010566615788811882
2024-01-22,-0.005530416235360446
2024-01-23,0.007553935223103104
2024-01-24,-0.005220773946147225
2024-01-25,0.004557195099288822
2024-01-26,0.00313417933543083
2024-01-29,0.0019832712066304497
2024-01-30,-0.0009679220104418753
2024-01-31,-0.0028875372334070753
2024-02-01,0.0002040365910771501
2024-02-02,-0.011525224094648486
2024-02-05,-0.011730190616642308
2024-02-06,0.001234914152568854
2024-02-07,0.00782792155394628
2024-02-08,-0.005752719608004699
2024-02-09,0.002585166030069915
2024-02-12,0.005902011839576775
2024-02-13,-0.00012073420254096993
2024-02-14,0.004591715327133515
2024-02-15,0.00047580204607042
2024-02-16,0.001470594170489181
2024-02-20,-0.009738541189910847
2024-02-21,0.010577012130716353
2024-02-22,0.004353561413246544
2024-02-23,0.0057497090034443815
2024-02-26,-0.005170527571019853
2024-02-27,-0.0006000201561425504
2024-02-28,0.00865552509397559
2024-02-29,-0.0036558341631547924
2024-03-01,0.00927666478953694
2024-03-04,0.005556149568930742
2024-03-05,0.0065558750762442514
2024-03-06,-0.0036451447677497985
2024-03-07,-0.0009930719789192348
2024-03-08,0.004129993990783602
2024-03-11,0.013003585084970874
2024-03-12,0.005664893294009895
2024-03-13,-0.00032893229748150497
2024-03-14,-0.00750358953928986
2024-03-15,-0.009155659777219733
2024-03-18,0.0073337566573565965
2024-03-19,-0.005781230413196462
2024-03-20,0.0025774014968569956
2024-03-21,-0.0019936387363242683
2024-03-22,-0.0005088500789599701
2024-03-25,0.0011729189654963363
2024-03-26,0.005327559571207023
2024-03-27,0.011068622581247922
2024-03-28,0.0045725076061983025
2024-04-01,0.004938893136421552
2024-04-02,0.0009168069422101052
2024-04-03,0.0017581575191130826
2024-04-04,-0.01197860926672209
2024-04-05,0.007273004583720417
2024-04-08,-0.00473277159668065
2024-04-09,0.0018284947378379426
2024-04-10,0.0037819073824566563
2024-04-11,-0.0042631534863532645
2024-04-12,-0.011295432797347908
2024-04-15,-0.0004806453523805565
2024-04-16,-0.007992865540635477
2024-04-17,0.011967296107792354
2024-04-18,-0.0012253727349619682
2024-04-19,0.0025223858609883867
2024-04-22,0.004283547864687361
2024-04-23,0.008438307117722109
2024-04-24,0.006814603379936497
2024-04-25,0.009110285770715602
2024-04-26,-0.0035277039946338467
2024-04-29,0.002004938340281705
2024-04-30,-0.005739864830841901
2024-05-01,0.007857195961305515
2024-05-02,0.006411935312999581
2024-05-03,-0.005638980313937686
2024-05-06,0.012861657295927413
2024-05-07,0.0031174224024048424
2024-05-08,-0.001145354945709545
2024-05-09,0.005666950243999115
2024-05-10,0.005342129660070708
2024-05-13,-0.004004022858277827
2024-05-14,-0.0021103121909388386
2024-05-15,0.00537515647593332
2024-05-16,0.005968668566184248
2024-05-17,0.0019505003055061035
2024-05-20,-0.003947727857612909
2024-05-21,-0.0015929402102710028
2024-05-22,0.002893080461815103
2024-05-23,-0.006030698518006615
2024-05-24,0.009846121565881792
2024-05-28,-0.002943613164993807
2024-05-29,-0.009237724592099159
2024-05-30,0.003912181765224941
2024-05-31,0.008853293794111499
2024-06-03,0.000995295970562476
2024-06-04,0.005235698790982861
2024-06-05,0.0043674109871692166
2024-06-06,-0.0002920083005456473
2024-06-07,-0.006802840483744337
2024-06-10,0.013459322499121053
2024-06-11,-0.0028517290925515705
2024-06-12,-0.00825673939275601
2024-06-13,0.004513305159267272
2024-06-14,0.005719155311139945
2024-06-17,-0.0015067756871485366
2024-06-18,0.0001252932066883106
2024-06-20,-0.006375312804809036
2024-06-21,0.0023324987854299074
2024-06-24,0.01025212275227499
2024-06-25,-0.010165771366605403
2024-06-26,0.0034629733370031657
2024-06-27,0.004725635656465601
2024-06-28,0.002740858606813992
2024-07-01,-0.0009160279097659207
2024-07-02,-0.007365403742798685
2024-07-03,-0.0017375290581986152
2024-07-05,0.004195104908419427
2024-07-08,-0.0006130344132422781
2024-07-09,-0.01043911185599532
2024-07-10,0.007665927833582703
2024-07-11,0.0019801392603428906
2024-07-12,-0.0007681655549156923
2024-07-15,-0.002234513412861943
2024-07-16,0.005189859957707558
2024-07-17,-0.0011804672107493166
2024-07-18,-0.0005555294633632304
2024-07-19,-0.004540602466035986
2024-07-22,-0.004321346601076177
2024-07-23,-0.005532508103277131
2024-07-24,-0.016934173234720882
2024-07-25,-0.0083344359873296
2024-07-26,0.003972835371690348
2024-07-29,-0.001325712598582487
2024-07-30,0.005176030238666962
2024-07-31,-7.637173501937622e-05
2024-08-01,0.019031675282511814
2024-08-02,0.013101651179399708
2024-08-05,0.009100041547325945
2024-08-06,-0.002788525295772867
2024-08-07,-0.006107141531078128
2024-08-08,0.003116566032977662
2024-08-09,0.005513373811146812
2024-08-12,-0.0014983611748570522
2024-08-13,-0.012111839809499828
2024-08-14,5.272677917277977e-05
2024-08-15,-0.002308338137413646
2024-08-16,0.0045781121760991635
2024-08-19,0.009463687287766854
2024-08-20,0.00036946138253408933
2024-08-21,0.006650775981894279
2024-08-22,-0.0010554128248489829
2024-08-23,0.006762978173996443
2024-08-26,0.005932565471867742
2024-08-27,0.00580700387172633
2024-08-28,0.004617517830996184
2024-08-29,0.0040180066055857
2024-08-30,0.007204906876347111
2024-09-03,0.007077207290786731
2024-09-04,-0.0024311427967834043
2024-09-05,-0.007422282377672791
2024-09-06,-0.006040668461240804
2024-09-09,0.004798599678705493
2024-09-10,-0.0074645816704561815
2024-09-11,-0.014264276695264283
2024-09-12,0.0038216277254288496
2024-09-13,0.00716067090966216
2024-09-16,0.004544909383167892
2024-09-17,0.0009774515059314736
2024-09-18,0.0037181426253605904
2024-09-19,-0.009838344481305442
2024-09-20,0.011359726843192502
2024-09-23,0.012940465422502483
2024-09-24,0.003360921798508355
2024-09-25,-0.004526412260904656
2024-09-26,0.0035510954092959762
2024-09-27,0.008458795495985974
2024-09-30,-0.0012360451421321022
2024-10-01,-0.00857263923669549
2024-10-02,-0.009962290112554275
2024-10-03,-0.0028112604301062842
2024-10-04,0.0036230337842205157
2024-10-07,-0.006512510790607088
2024-10-08,0.009095958565458001
2024-10-09,0.002154067198725088
2024-10-10,-0.00021053570540003144
2024-10-11,0.013866795693302065
2024-10-15,0.0027357882542505866
2024-10-16,-0.0097213402112761
2024-10-17,0.007188929660390502
2024-10-18,0.0033696872831981564
2024-10-21,-0.004334586677474283
2024-10-22,0.005913834071076838
2024-10-23,0.0019753517973983563
2024-10-24,-0.0030902763258468715
2024-10-25,-0.005314774883093039
2024-10-28,-0.0008036063421143639
